topic,category,n_miscomm,n_no_miscomm,n_total
javascript,comprehension_failure,174903.0,2307480.0,2482383
python,comprehension_failure,146253.0,2024360.0,2170613
java,comprehension_failure,140759.0,1745335.0,1886094
c#,comprehension_failure,128178.0,1475915.0,1604093
php,comprehension_failure,99927.0,1346534.0,1446461
android,comprehension_failure,75541.0,1294221.0,1369762
html,comprehension_failure,85353.0,1088041.0,1173394
jquery,comprehension_failure,74695.0,945174.0,1019869
c++,comprehension_failure,84211.0,723974.0,808185
css,comprehension_failure,56626.0,741190.0,797816
sql,comprehension_failure,51280.0,620715.0,671995
ios,comprehension_failure,39898.0,628717.0,668615
mysql,comprehension_failure,47285.0,606461.0,653746
r,comprehension_failure,30135.0,472895.0,503030
reactjs,comprehension_failure,23397.0,434603.0,458000
node.js,comprehension_failure,23420.0,432028.0,455448
arrays,comprehension_failure,37870.0,378419.0,416289
c,comprehension_failure,44765.0,361373.0,406138
asp.net,comprehension_failure,23390.0,344551.0,367941
json,comprehension_failure,22157.0,334225.0,356382
.net,comprehension_failure,25492.0,310374.0,335866
sql-server,comprehension_failure,24661.0,310237.0,334898
python-3.x,comprehension_failure,21511.0,313089.0,334600
ruby-on-rails,comprehension_failure,17700.0,315037.0,332737
swift,comprehension_failure,21186.0,307038.0,328224
django,comprehension_failure,17102.0,288061.0,305163
angular,comprehension_failure,15583.0,282634.0,298217
objective-c,comprehension_failure,19802.0,267665.0,287467
excel,comprehension_failure,20383.0,266669.0,287052
pandas,comprehension_failure,14872.0,272041.0,286913
regex,comprehension_failure,22078.0,238636.0,260714
angularjs,comprehension_failure,14337.0,241807.0,256144
typescript,comprehension_failure,12764.0,214507.0,227271
ruby,comprehension_failure,14618.0,212193.0,226811
linux,comprehension_failure,15011.0,208771.0,223782
ajax,comprehension_failure,15452.0,202202.0,217654
iphone,comprehension_failure,12991.0,203857.0,216848
vba,comprehension_failure,16804.0,198472.0,215276
xml,comprehension_failure,12645.0,199089.0,211734
laravel,comprehension_failure,10632.0,198645.0,209277
spring,comprehension_failure,11080.0,195560.0,206640
asp.net-mvc,comprehension_failure,13501.0,184619.0,198120
database,comprehension_failure,14082.0,177573.0,191655
wordpress,comprehension_failure,8791.0,176245.0,185036
string,comprehension_failure,16849.0,167705.0,184554
postgresql,comprehension_failure,10025.0,166361.0,176386
flutter,comprehension_failure,6599.0,164746.0,171345
mongodb,comprehension_failure,8353.0,162757.0,171110
wpf,comprehension_failure,11446.0,156221.0,167667
windows,comprehension_failure,10585.0,153825.0,164410
bash,comprehension_failure,11881.0,144340.0,156221
xcode,comprehension_failure,8783.0,146201.0,154984
amazon-web-services,comprehension_failure,7498.0,146372.0,153870
oracle-database,comprehension_failure,10845.0,140683.0,151528
git,comprehension_failure,11455.0,140043.0,151498
dataframe,comprehension_failure,7812.0,139931.0,147743
spring-boot,comprehension_failure,6914.0,138638.0,145552
azure,comprehension_failure,6520.0,135989.0,142509
list,comprehension_failure,12517.0,128920.0,141437
multithreading,comprehension_failure,14050.0,125286.0,139336
firebase,comprehension_failure,7073.0,131866.0,138939
vb.net,comprehension_failure,9957.0,128887.0,138844
docker,comprehension_failure,6158.0,128150.0,134308
react-native,comprehension_failure,4725.0,123628.0,128353
eclipse,comprehension_failure,7123.0,114981.0,122104
algorithm,comprehension_failure,16442.0,104210.0,120652
powershell,comprehension_failure,6098.0,112081.0,118179
macos,comprehension_failure,5707.0,109082.0,114789
numpy,comprehension_failure,8674.0,105416.0,114090
visual-studio,comprehension_failure,7169.0,106311.0,113480
forms,comprehension_failure,7980.0,103790.0,111770
image,comprehension_failure,7693.0,103688.0,111381
function,comprehension_failure,9911.0,100956.0,110867
scala,comprehension_failure,6734.0,104012.0,110746
vue.js,comprehension_failure,5301.0,99778.0,105079
twitter-bootstrap,comprehension_failure,5951.0,95465.0,101416
performance,comprehension_failure,9456.0,91702.0,101158
winforms,comprehension_failure,8136.0,90370.0,98506
selenium,comprehension_failure,4945.0,93149.0,98094
loops,comprehension_failure,8361.0,87829.0,96190
kotlin,comprehension_failure,5007.0,89409.0,94416
sqlite,comprehension_failure,5564.0,88221.0,93785
matlab,comprehension_failure,8270.0,85119.0,93389
python-2.7,comprehension_failure,6375.0,86707.0,93082
hibernate,comprehension_failure,5203.0,87637.0,92840
shell,comprehension_failure,6784.0,85660.0,92444
express,comprehension_failure,4659.0,87591.0,92250
dart,comprehension_failure,3957.0,87926.0,91883
entity-framework,comprehension_failure,6651.0,83840.0,90491
csv,comprehension_failure,6018.0,83581.0,89599
rest,comprehension_failure,4772.0,84607.0,89379
apache,comprehension_failure,4602.0,84681.0,89283
maven,comprehension_failure,5030.0,82055.0,87085
android-studio,comprehension_failure,3821.0,82941.0,86762
linq,comprehension_failure,7937.0,78520.0,86457
dictionary,comprehension_failure,7522.0,78234.0,85756
qt,comprehension_failure,5752.0,79010.0,84762
asp.net-core,comprehension_failure,5283.0,78687.0,83970
unit-testing,comprehension_failure,4570.0,78808.0,83378
facebook,comprehension_failure,3742.0,78102.0,81844
swing,comprehension_failure,6740.0,74360.0,81100
file,comprehension_failure,6690.0,73876.0,80566
class,comprehension_failure,8308.0,71164.0,79472
apache-spark,comprehension_failure,3599.0,75615.0,79214
tensorflow,comprehension_failure,3787.0,74054.0,77841
sorting,comprehension_failure,6962.0,69887.0,76849
date,comprehension_failure,5265.0,71449.0,76714
unity-game-engine,comprehension_failure,5243.0,69644.0,74887
t-sql,comprehension_failure,5607.0,67941.0,73548
go,comprehension_failure,4124.0,68644.0,72768
authentication,comprehension_failure,3984.0,68678.0,72662
symfony,comprehension_failure,3940.0,68706.0,72646
for-loop,comprehension_failure,6423.0,65349.0,71772
.htaccess,comprehension_failure,4238.0,67458.0,71696
matplotlib,comprehension_failure,4375.0,67099.0,71474
datetime,comprehension_failure,4985.0,66135.0,71120
opencv,comprehension_failure,4710.0,66196.0,70906
google-chrome,comprehension_failure,3566.0,65650.0,69216
codeigniter,comprehension_failure,3815.0,64791.0,68606
perl,comprehension_failure,6459.0,61574.0,68033
validation,comprehension_failure,4268.0,62207.0,66475
http,comprehension_failure,4005.0,62404.0,66409
sockets,comprehension_failure,5346.0,59517.0,64863
object,comprehension_failure,5891.0,58809.0,64700
google-maps,comprehension_failure,3042.0,61482.0,64524
uitableview,comprehension_failure,4578.0,58945.0,63523
xaml,comprehension_failure,4011.0,58207.0,62218
if-statement,comprehension_failure,5516.0,56500.0,62016
oop,comprehension_failure,6754.0,55241.0,61995
ubuntu,comprehension_failure,2603.0,56326.0,58929
cordova,comprehension_failure,2219.0,56010.0,58229
visual-studio-code,comprehension_failure,2725.0,55475.0,58200
email,comprehension_failure,3097.0,54868.0,57965
android-layout,comprehension_failure,3293.0,54428.0,57721
ms-access,comprehension_failure,4532.0,53164.0,57696
web-services,comprehension_failure,3234.0,54437.0,57671
spring-mvc,comprehension_failure,2982.0,54232.0,57214
ggplot2,comprehension_failure,3226.0,53966.0,57192
parsing,comprehension_failure,4071.0,52935.0,57006
pointers,comprehension_failure,7260.0,49674.0,56934
github,comprehension_failure,3360.0,53294.0,56654
user-interface,comprehension_failure,3919.0,52603.0,56522
kubernetes,comprehension_failure,2571.0,53942.0,56513
c++11,comprehension_failure,6940.0,49569.0,56509
selenium-webdriver,comprehension_failure,2650.0,53496.0,56146
google-sheets,comprehension_failure,3974.0,52035.0,56009
elasticsearch,comprehension_failure,2499.0,53432.0,55931
google-apps-script,comprehension_failure,4763.0,50472.0,55235
templates,comprehension_failure,5300.0,49906.0,55206
ruby-on-rails-3,comprehension_failure,2772.0,52319.0,55091
security,comprehension_failure,4233.0,50705.0,54938
variables,comprehension_failure,4877.0,48790.0,53667
machine-learning,comprehension_failure,3662.0,49859.0,53521
flask,comprehension_failure,2589.0,50840.0,53429
sql-server-2008,comprehension_failure,3922.0,49466.0,53388
exception,comprehension_failure,4011.0,49033.0,53044
tkinter,comprehension_failure,4042.0,48278.0,52320
delphi,comprehension_failure,4784.0,47382.0,52166
nginx,comprehension_failure,2223.0,49827.0,52050
listview,comprehension_failure,3317.0,48377.0,51694
haskell,comprehension_failure,4765.0,46701.0,51466
debugging,comprehension_failure,3286.0,47933.0,51219
asynchronous,comprehension_failure,4338.0,46758.0,51096
jpa,comprehension_failure,3254.0,47830.0,51084
jsp,comprehension_failure,3003.0,47773.0,50776
web-scraping,comprehension_failure,2697.0,47950.0,50647
gradle,comprehension_failure,1959.0,48396.0,50355
batch-file,comprehension_failure,3479.0,46695.0,50174
generics,comprehension_failure,5111.0,44843.0,49954
xamarin,comprehension_failure,2847.0,47044.0,49891
pdf,comprehension_failure,2832.0,46883.0,49715
google-cloud-platform,comprehension_failure,2381.0,46946.0,49327
wcf,comprehension_failure,2946.0,46309.0,49255
amazon-s3,comprehension_failure,2431.0,46692.0,49123
ssl,comprehension_failure,2312.0,46694.0,49006
testing,comprehension_failure,2467.0,46306.0,48773
jenkins,comprehension_failure,2025.0,46506.0,48531
npm,comprehension_failure,1732.0,45773.0,47505
unix,comprehension_failure,3613.0,43748.0,47361
recursion,comprehension_failure,4830.0,42341.0,47171
ionic-framework,comprehension_failure,1789.0,44602.0,46391
network-programming,comprehension_failure,3244.0,43046.0,46290
google-app-engine,comprehension_failure,2467.0,43630.0,46097
visual-studio-2010,comprehension_failure,2962.0,42705.0,45667
mongoose,comprehension_failure,2007.0,43391.0,45398
assembly,comprehension_failure,4778.0,40240.0,45018
.net-core,comprehension_failure,2606.0,42163.0,44769
android-fragments,comprehension_failure,2791.0,41505.0,44296
math,comprehension_failure,5560.0,38714.0,44274
join,comprehension_failure,3548.0,40069.0,43617
winapi,comprehension_failure,3779.0,39658.0,43437
svg,comprehension_failure,2744.0,40656.0,43400
rust,comprehension_failure,2696.0,40547.0,43243
animation,comprehension_failure,2504.0,40736.0,43240
session,comprehension_failure,3003.0,40159.0,43162
intellij-idea,comprehension_failure,2092.0,41002.0,43094
django-models,comprehension_failure,2524.0,40501.0,43025
laravel-5,comprehension_failure,2147.0,40816.0,42963
curl,comprehension_failure,2128.0,40719.0,42847
hadoop,comprehension_failure,1825.0,40928.0,42753
javascript,intent_confusion,13955.0,2468428.0,2482383
python,intent_confusion,12117.0,2158496.0,2170613
java,intent_confusion,11970.0,1874124.0,1886094
c#,intent_confusion,11946.0,1592147.0,1604093
php,intent_confusion,7805.0,1438656.0,1446461
android,intent_confusion,5174.0,1364588.0,1369762
html,intent_confusion,5459.0,1167935.0,1173394
jquery,intent_confusion,5393.0,1014476.0,1019869
c++,intent_confusion,7904.0,800281.0,808185
css,intent_confusion,3182.0,794634.0,797816
sql,intent_confusion,4502.0,667493.0,671995
ios,intent_confusion,2861.0,665754.0,668615
mysql,intent_confusion,3753.0,649993.0,653746
r,intent_confusion,1618.0,501412.0,503030
reactjs,intent_confusion,1889.0,456111.0,458000
node.js,intent_confusion,1866.0,453582.0,455448
arrays,intent_confusion,3480.0,412809.0,416289
c,intent_confusion,4387.0,401751.0,406138
asp.net,intent_confusion,1866.0,366075.0,367941
json,intent_confusion,1660.0,354722.0,356382
.net,intent_confusion,2345.0,333521.0,335866
sql-server,intent_confusion,2576.0,332322.0,334898
python-3.x,intent_confusion,1965.0,332635.0,334600
ruby-on-rails,intent_confusion,1137.0,331600.0,332737
swift,intent_confusion,1759.0,326465.0,328224
django,intent_confusion,1283.0,303880.0,305163
angular,intent_confusion,1266.0,296951.0,298217
objective-c,intent_confusion,1463.0,286004.0,287467
excel,intent_confusion,1482.0,285570.0,287052
pandas,intent_confusion,1149.0,285764.0,286913
regex,intent_confusion,1643.0,259071.0,260714
angularjs,intent_confusion,1152.0,254992.0,256144
typescript,intent_confusion,1176.0,226095.0,227271
ruby,intent_confusion,1138.0,225673.0,226811
linux,intent_confusion,1243.0,222539.0,223782
ajax,intent_confusion,1146.0,216508.0,217654
iphone,intent_confusion,855.0,215993.0,216848
vba,intent_confusion,1311.0,213965.0,215276
xml,intent_confusion,802.0,210932.0,211734
laravel,intent_confusion,815.0,208462.0,209277
spring,intent_confusion,905.0,205735.0,206640
asp.net-mvc,intent_confusion,1329.0,196791.0,198120
database,intent_confusion,1016.0,190639.0,191655
wordpress,intent_confusion,476.0,184560.0,185036
string,intent_confusion,1522.0,183032.0,184554
postgresql,intent_confusion,758.0,175628.0,176386
flutter,intent_confusion,468.0,170877.0,171345
mongodb,intent_confusion,634.0,170476.0,171110
wpf,intent_confusion,941.0,166726.0,167667
windows,intent_confusion,840.0,163570.0,164410
bash,intent_confusion,1206.0,155015.0,156221
xcode,intent_confusion,536.0,154448.0,154984
amazon-web-services,intent_confusion,455.0,153415.0,153870
oracle-database,intent_confusion,1018.0,150510.0,151528
git,intent_confusion,724.0,150774.0,151498
dataframe,intent_confusion,545.0,147198.0,147743
spring-boot,intent_confusion,592.0,144960.0,145552
azure,intent_confusion,413.0,142096.0,142509
list,intent_confusion,1115.0,140322.0,141437
multithreading,intent_confusion,1522.0,137814.0,139336
firebase,intent_confusion,411.0,138528.0,138939
vb.net,intent_confusion,902.0,137942.0,138844
docker,intent_confusion,492.0,133816.0,134308
react-native,intent_confusion,290.0,128063.0,128353
eclipse,intent_confusion,389.0,121715.0,122104
algorithm,intent_confusion,873.0,119779.0,120652
powershell,intent_confusion,527.0,117652.0,118179
macos,intent_confusion,386.0,114403.0,114789
numpy,intent_confusion,722.0,113368.0,114090
visual-studio,intent_confusion,451.0,113029.0,113480
forms,intent_confusion,538.0,111232.0,111770
image,intent_confusion,473.0,110908.0,111381
function,intent_confusion,1072.0,109795.0,110867
scala,intent_confusion,614.0,110132.0,110746
vue.js,intent_confusion,379.0,104700.0,105079
twitter-bootstrap,intent_confusion,315.0,101101.0,101416
performance,intent_confusion,884.0,100274.0,101158
winforms,intent_confusion,637.0,97869.0,98506
selenium,intent_confusion,570.0,97524.0,98094
loops,intent_confusion,957.0,95233.0,96190
kotlin,intent_confusion,459.0,93957.0,94416
sqlite,intent_confusion,356.0,93429.0,93785
matlab,intent_confusion,476.0,92913.0,93389
python-2.7,intent_confusion,481.0,92601.0,93082
hibernate,intent_confusion,424.0,92416.0,92840
shell,intent_confusion,656.0,91788.0,92444
express,intent_confusion,349.0,91901.0,92250
dart,intent_confusion,326.0,91557.0,91883
entity-framework,intent_confusion,601.0,89890.0,90491
csv,intent_confusion,422.0,89177.0,89599
rest,intent_confusion,356.0,89023.0,89379
apache,intent_confusion,277.0,89006.0,89283
maven,intent_confusion,486.0,86599.0,87085
android-studio,intent_confusion,272.0,86490.0,86762
linq,intent_confusion,711.0,85746.0,86457
dictionary,intent_confusion,733.0,85023.0,85756
qt,intent_confusion,412.0,84350.0,84762
asp.net-core,intent_confusion,443.0,83527.0,83970
unit-testing,intent_confusion,500.0,82878.0,83378
facebook,intent_confusion,216.0,81628.0,81844
swing,intent_confusion,503.0,80597.0,81100
file,intent_confusion,518.0,80048.0,80566
class,intent_confusion,910.0,78562.0,79472
apache-spark,intent_confusion,324.0,78890.0,79214
tensorflow,intent_confusion,258.0,77583.0,77841
sorting,intent_confusion,468.0,76381.0,76849
date,intent_confusion,324.0,76390.0,76714
unity-game-engine,intent_confusion,268.0,74619.0,74887
t-sql,intent_confusion,639.0,72909.0,73548
go,intent_confusion,385.0,72383.0,72768
authentication,intent_confusion,351.0,72311.0,72662
symfony,intent_confusion,258.0,72388.0,72646
for-loop,intent_confusion,746.0,71026.0,71772
.htaccess,intent_confusion,271.0,71425.0,71696
matplotlib,intent_confusion,220.0,71254.0,71474
datetime,intent_confusion,332.0,70788.0,71120
opencv,intent_confusion,270.0,70636.0,70906
google-chrome,intent_confusion,251.0,68965.0,69216
codeigniter,intent_confusion,297.0,68309.0,68606
perl,intent_confusion,472.0,67561.0,68033
validation,intent_confusion,349.0,66126.0,66475
http,intent_confusion,288.0,66121.0,66409
sockets,intent_confusion,391.0,64472.0,64863
object,intent_confusion,527.0,64173.0,64700
google-maps,intent_confusion,157.0,64367.0,64524
uitableview,intent_confusion,303.0,63220.0,63523
xaml,intent_confusion,284.0,61934.0,62218
if-statement,intent_confusion,576.0,61440.0,62016
oop,intent_confusion,828.0,61167.0,61995
ubuntu,intent_confusion,150.0,58779.0,58929
cordova,intent_confusion,121.0,58108.0,58229
visual-studio-code,intent_confusion,178.0,58022.0,58200
email,intent_confusion,189.0,57776.0,57965
android-layout,intent_confusion,228.0,57493.0,57721
ms-access,intent_confusion,284.0,57412.0,57696
web-services,intent_confusion,181.0,57490.0,57671
spring-mvc,intent_confusion,212.0,57002.0,57214
ggplot2,intent_confusion,134.0,57058.0,57192
parsing,intent_confusion,276.0,56730.0,57006
pointers,intent_confusion,832.0,56102.0,56934
github,intent_confusion,192.0,56462.0,56654
user-interface,intent_confusion,250.0,56272.0,56522
kubernetes,intent_confusion,232.0,56281.0,56513
c++11,intent_confusion,722.0,55787.0,56509
selenium-webdriver,intent_confusion,300.0,55846.0,56146
google-sheets,intent_confusion,194.0,55815.0,56009
elasticsearch,intent_confusion,160.0,55771.0,55931
google-apps-script,intent_confusion,238.0,54997.0,55235
templates,intent_confusion,526.0,54680.0,55206
ruby-on-rails-3,intent_confusion,184.0,54907.0,55091
security,intent_confusion,383.0,54555.0,54938
variables,intent_confusion,468.0,53199.0,53667
machine-learning,intent_confusion,249.0,53272.0,53521
flask,intent_confusion,192.0,53237.0,53429
sql-server-2008,intent_confusion,381.0,53007.0,53388
exception,intent_confusion,411.0,52633.0,53044
tkinter,intent_confusion,296.0,52024.0,52320
delphi,intent_confusion,324.0,51842.0,52166
nginx,intent_confusion,147.0,51903.0,52050
listview,intent_confusion,191.0,51503.0,51694
haskell,intent_confusion,346.0,51120.0,51466
debugging,intent_confusion,195.0,51024.0,51219
asynchronous,intent_confusion,472.0,50624.0,51096
jpa,intent_confusion,306.0,50778.0,51084
jsp,intent_confusion,219.0,50557.0,50776
web-scraping,intent_confusion,176.0,50471.0,50647
gradle,intent_confusion,162.0,50193.0,50355
batch-file,intent_confusion,390.0,49784.0,50174
generics,intent_confusion,776.0,49178.0,49954
xamarin,intent_confusion,144.0,49747.0,49891
pdf,intent_confusion,165.0,49550.0,49715
google-cloud-platform,intent_confusion,166.0,49161.0,49327
wcf,intent_confusion,190.0,49065.0,49255
amazon-s3,intent_confusion,109.0,49014.0,49123
ssl,intent_confusion,174.0,48832.0,49006
testing,intent_confusion,214.0,48559.0,48773
jenkins,intent_confusion,135.0,48396.0,48531
npm,intent_confusion,151.0,47354.0,47505
unix,intent_confusion,317.0,47044.0,47361
recursion,intent_confusion,495.0,46676.0,47171
ionic-framework,intent_confusion,110.0,46281.0,46391
network-programming,intent_confusion,207.0,46083.0,46290
google-app-engine,intent_confusion,126.0,45971.0,46097
visual-studio-2010,intent_confusion,190.0,45477.0,45667
mongoose,intent_confusion,136.0,45262.0,45398
assembly,intent_confusion,494.0,44524.0,45018
.net-core,intent_confusion,281.0,44488.0,44769
android-fragments,intent_confusion,196.0,44100.0,44296
math,intent_confusion,308.0,43966.0,44274
join,intent_confusion,306.0,43311.0,43617
winapi,intent_confusion,334.0,43103.0,43437
svg,intent_confusion,132.0,43268.0,43400
rust,intent_confusion,259.0,42984.0,43243
animation,intent_confusion,127.0,43113.0,43240
session,intent_confusion,240.0,42922.0,43162
intellij-idea,intent_confusion,104.0,42990.0,43094
django-models,intent_confusion,201.0,42824.0,43025
laravel-5,intent_confusion,177.0,42786.0,42963
curl,intent_confusion,157.0,42690.0,42847
hadoop,intent_confusion,137.0,42616.0,42753
javascript,terminology,13091.0,2469292.0,2482383
python,terminology,11600.0,2159013.0,2170613
java,terminology,12933.0,1873161.0,1886094
c#,terminology,9542.0,1594551.0,1604093
php,terminology,8051.0,1438410.0,1446461
android,terminology,7582.0,1362180.0,1369762
html,terminology,6425.0,1166969.0,1173394
jquery,terminology,5338.0,1014531.0,1019869
c++,terminology,6679.0,801506.0,808185
css,terminology,3835.0,793981.0,797816
sql,terminology,3971.0,668024.0,671995
ios,terminology,3565.0,665050.0,668615
mysql,terminology,3820.0,649926.0,653746
r,terminology,2087.0,500943.0,503030
reactjs,terminology,1914.0,456086.0,458000
node.js,terminology,1858.0,453590.0,455448
arrays,terminology,2982.0,413307.0,416289
c,terminology,3703.0,402435.0,406138
asp.net,terminology,1856.0,366085.0,367941
json,terminology,1785.0,354597.0,356382
.net,terminology,1765.0,334101.0,335866
sql-server,terminology,2022.0,332876.0,334898
python-3.x,terminology,1775.0,332825.0,334600
ruby-on-rails,terminology,1184.0,331553.0,332737
swift,terminology,1866.0,326358.0,328224
django,terminology,1367.0,303796.0,305163
angular,terminology,1426.0,296791.0,298217
objective-c,terminology,1634.0,285833.0,287467
excel,terminology,1503.0,285549.0,287052
pandas,terminology,1273.0,285640.0,286913
regex,terminology,1393.0,259321.0,260714
angularjs,terminology,1207.0,254937.0,256144
typescript,terminology,846.0,226425.0,227271
ruby,terminology,984.0,225827.0,226811
linux,terminology,1224.0,222558.0,223782
ajax,terminology,1286.0,216368.0,217654
iphone,terminology,1052.0,215796.0,216848
vba,terminology,1203.0,214073.0,215276
xml,terminology,861.0,210873.0,211734
laravel,terminology,996.0,208281.0,209277
spring,terminology,1007.0,205633.0,206640
asp.net-mvc,terminology,986.0,197134.0,198120
database,terminology,1265.0,190390.0,191655
wordpress,terminology,614.0,184422.0,185036
string,terminology,1256.0,183298.0,184554
postgresql,terminology,672.0,175714.0,176386
flutter,terminology,638.0,170707.0,171345
mongodb,terminology,731.0,170379.0,171110
wpf,terminology,839.0,166828.0,167667
windows,terminology,747.0,163663.0,164410
bash,terminology,721.0,155500.0,156221
xcode,terminology,809.0,154175.0,154984
amazon-web-services,terminology,727.0,153143.0,153870
oracle-database,terminology,872.0,150656.0,151528
git,terminology,819.0,150679.0,151498
dataframe,terminology,632.0,147111.0,147743
spring-boot,terminology,632.0,144920.0,145552
azure,terminology,544.0,141965.0,142509
list,terminology,941.0,140496.0,141437
multithreading,terminology,1169.0,138167.0,139336
firebase,terminology,573.0,138366.0,138939
vb.net,terminology,685.0,138159.0,138844
docker,terminology,567.0,133741.0,134308
react-native,terminology,479.0,127874.0,128353
eclipse,terminology,646.0,121458.0,122104
algorithm,terminology,1641.0,119011.0,120652
powershell,terminology,343.0,117836.0,118179
macos,terminology,387.0,114402.0,114789
numpy,terminology,720.0,113370.0,114090
visual-studio,terminology,543.0,112937.0,113480
forms,terminology,578.0,111192.0,111770
image,terminology,668.0,110713.0,111381
function,terminology,727.0,110140.0,110867
scala,terminology,541.0,110205.0,110746
vue.js,terminology,403.0,104676.0,105079
twitter-bootstrap,terminology,389.0,101027.0,101416
performance,terminology,730.0,100428.0,101158
winforms,terminology,644.0,97862.0,98506
selenium,terminology,511.0,97583.0,98094
loops,terminology,606.0,95584.0,96190
kotlin,terminology,444.0,93972.0,94416
sqlite,terminology,491.0,93294.0,93785
matlab,terminology,671.0,92718.0,93389
python-2.7,terminology,481.0,92601.0,93082
hibernate,terminology,454.0,92386.0,92840
shell,terminology,414.0,92030.0,92444
express,terminology,415.0,91835.0,92250
dart,terminology,342.0,91541.0,91883
entity-framework,terminology,472.0,90019.0,90491
csv,terminology,493.0,89106.0,89599
rest,terminology,382.0,88997.0,89379
apache,terminology,349.0,88934.0,89283
maven,terminology,490.0,86595.0,87085
android-studio,terminology,431.0,86331.0,86762
linq,terminology,562.0,85895.0,86457
dictionary,terminology,568.0,85188.0,85756
qt,terminology,503.0,84259.0,84762
asp.net-core,terminology,408.0,83562.0,83970
unit-testing,terminology,300.0,83078.0,83378
facebook,terminology,293.0,81551.0,81844
swing,terminology,541.0,80559.0,81100
file,terminology,565.0,80001.0,80566
class,terminology,692.0,78780.0,79472
apache-spark,terminology,396.0,78818.0,79214
tensorflow,terminology,413.0,77428.0,77841
sorting,terminology,579.0,76270.0,76849
date,terminology,400.0,76314.0,76714
unity-game-engine,terminology,438.0,74449.0,74887
t-sql,terminology,386.0,73162.0,73548
go,terminology,356.0,72412.0,72768
authentication,terminology,320.0,72342.0,72662
symfony,terminology,306.0,72340.0,72646
for-loop,terminology,435.0,71337.0,71772
.htaccess,terminology,300.0,71396.0,71696
matplotlib,terminology,319.0,71155.0,71474
datetime,terminology,363.0,70757.0,71120
opencv,terminology,504.0,70402.0,70906
google-chrome,terminology,239.0,68977.0,69216
codeigniter,terminology,372.0,68234.0,68606
perl,terminology,337.0,67696.0,68033
validation,terminology,349.0,66126.0,66475
http,terminology,341.0,66068.0,66409
sockets,terminology,464.0,64399.0,64863
object,terminology,485.0,64215.0,64700
google-maps,terminology,280.0,64244.0,64524
uitableview,terminology,431.0,63092.0,63523
xaml,terminology,280.0,61938.0,62218
if-statement,terminology,384.0,61632.0,62016
oop,terminology,584.0,61411.0,61995
ubuntu,terminology,226.0,58703.0,58929
cordova,terminology,191.0,58038.0,58229
visual-studio-code,terminology,195.0,58005.0,58200
email,terminology,243.0,57722.0,57965
android-layout,terminology,302.0,57419.0,57721
ms-access,terminology,287.0,57409.0,57696
web-services,terminology,272.0,57399.0,57671
spring-mvc,terminology,280.0,56934.0,57214
ggplot2,terminology,202.0,56990.0,57192
parsing,terminology,300.0,56706.0,57006
pointers,terminology,568.0,56366.0,56934
github,terminology,269.0,56385.0,56654
user-interface,terminology,312.0,56210.0,56522
kubernetes,terminology,262.0,56251.0,56513
c++11,terminology,469.0,56040.0,56509
selenium-webdriver,terminology,280.0,55866.0,56146
google-sheets,terminology,218.0,55791.0,56009
elasticsearch,terminology,248.0,55683.0,55931
google-apps-script,terminology,249.0,54986.0,55235
templates,terminology,327.0,54879.0,55206
ruby-on-rails-3,terminology,188.0,54903.0,55091
security,terminology,341.0,54597.0,54938
variables,terminology,360.0,53307.0,53667
machine-learning,terminology,454.0,53067.0,53521
flask,terminology,199.0,53230.0,53429
sql-server-2008,terminology,305.0,53083.0,53388
exception,terminology,316.0,52728.0,53044
tkinter,terminology,288.0,52032.0,52320
delphi,terminology,245.0,51921.0,52166
nginx,terminology,190.0,51860.0,52050
listview,terminology,288.0,51406.0,51694
haskell,terminology,421.0,51045.0,51466
debugging,terminology,294.0,50925.0,51219
asynchronous,terminology,290.0,50806.0,51096
jpa,terminology,276.0,50808.0,51084
jsp,terminology,312.0,50464.0,50776
web-scraping,terminology,234.0,50413.0,50647
gradle,terminology,168.0,50187.0,50355
batch-file,terminology,166.0,50008.0,50174
generics,terminology,308.0,49646.0,49954
xamarin,terminology,216.0,49675.0,49891
pdf,terminology,202.0,49513.0,49715
google-cloud-platform,terminology,209.0,49118.0,49327
wcf,terminology,248.0,49007.0,49255
amazon-s3,terminology,222.0,48901.0,49123
ssl,terminology,188.0,48818.0,49006
testing,terminology,200.0,48573.0,48773
jenkins,terminology,174.0,48357.0,48531
npm,terminology,162.0,47343.0,47505
unix,terminology,272.0,47089.0,47361
recursion,terminology,348.0,46823.0,47171
ionic-framework,terminology,160.0,46231.0,46391
network-programming,terminology,277.0,46013.0,46290
google-app-engine,terminology,184.0,45913.0,46097
visual-studio-2010,terminology,209.0,45458.0,45667
mongoose,terminology,179.0,45219.0,45398
assembly,terminology,368.0,44650.0,45018
.net-core,terminology,195.0,44574.0,44769
android-fragments,terminology,285.0,44011.0,44296
math,terminology,469.0,43805.0,44274
join,terminology,231.0,43386.0,43617
winapi,terminology,248.0,43189.0,43437
svg,terminology,178.0,43222.0,43400
rust,terminology,176.0,43067.0,43243
animation,terminology,163.0,43077.0,43240
session,terminology,270.0,42892.0,43162
intellij-idea,terminology,185.0,42909.0,43094
django-models,terminology,200.0,42825.0,43025
laravel-5,terminology,190.0,42773.0,42963
curl,terminology,174.0,42673.0,42847
hadoop,terminology,211.0,42542.0,42753
javascript,referential,18393.0,2463990.0,2482383
python,referential,16947.0,2153666.0,2170613
java,referential,19392.0,1866702.0,1886094
c#,referential,15906.0,1588187.0,1604093
php,referential,13020.0,1433441.0,1446461
android,referential,10414.0,1359348.0,1369762
html,referential,8682.0,1164712.0,1173394
jquery,referential,7973.0,1011896.0,1019869
c++,referential,11650.0,796535.0,808185
css,referential,5299.0,792517.0,797816
sql,referential,8093.0,663902.0,671995
ios,referential,5099.0,663516.0,668615
mysql,referential,7250.0,646496.0,653746
r,referential,2726.0,500304.0,503030
reactjs,referential,2440.0,455560.0,458000
node.js,referential,2741.0,452707.0,455448
arrays,referential,4154.0,412135.0,416289
c,referential,5832.0,400306.0,406138
asp.net,referential,2852.0,365089.0,367941
json,referential,2637.0,353745.0,356382
.net,referential,3359.0,332507.0,335866
sql-server,referential,3845.0,331053.0,334898
python-3.x,referential,2444.0,332156.0,334600
ruby-on-rails,referential,1824.0,330913.0,332737
swift,referential,2649.0,325575.0,328224
django,referential,1688.0,303475.0,305163
angular,referential,1741.0,296476.0,298217
objective-c,referential,2353.0,285114.0,287467
excel,referential,2295.0,284757.0,287052
pandas,referential,1501.0,285412.0,286913
regex,referential,2423.0,258291.0,260714
angularjs,referential,1491.0,254653.0,256144
typescript,referential,1465.0,225806.0,227271
ruby,referential,1592.0,225219.0,226811
linux,referential,2152.0,221630.0,223782
ajax,referential,1732.0,215922.0,217654
iphone,referential,1574.0,215274.0,216848
vba,referential,1921.0,213355.0,215276
xml,referential,1666.0,210068.0,211734
laravel,referential,1365.0,207912.0,209277
spring,referential,1706.0,204934.0,206640
asp.net-mvc,referential,1698.0,196422.0,198120
database,referential,2092.0,189563.0,191655
wordpress,referential,1207.0,183829.0,185036
string,referential,1941.0,182613.0,184554
postgresql,referential,1449.0,174937.0,176386
flutter,referential,901.0,170444.0,171345
mongodb,referential,1093.0,170017.0,171110
wpf,referential,1159.0,166508.0,167667
windows,referential,1429.0,162981.0,164410
bash,referential,1340.0,154881.0,156221
xcode,referential,1235.0,153749.0,154984
amazon-web-services,referential,830.0,153040.0,153870
oracle-database,referential,1829.0,149699.0,151528
git,referential,1702.0,149796.0,151498
dataframe,referential,802.0,146941.0,147743
spring-boot,referential,1068.0,144484.0,145552
azure,referential,750.0,141759.0,142509
list,referential,1375.0,140062.0,141437
multithreading,referential,1821.0,137515.0,139336
firebase,referential,1019.0,137920.0,138939
vb.net,referential,1394.0,137450.0,138844
docker,referential,695.0,133613.0,134308
react-native,referential,635.0,127718.0,128353
eclipse,referential,1088.0,121016.0,122104
algorithm,referential,2378.0,118274.0,120652
powershell,referential,671.0,117508.0,118179
macos,referential,837.0,113952.0,114789
numpy,referential,942.0,113148.0,114090
visual-studio,referential,1036.0,112444.0,113480
forms,referential,946.0,110824.0,111770
image,referential,900.0,110481.0,111381
function,referential,1138.0,109729.0,110867
scala,referential,929.0,109817.0,110746
vue.js,referential,563.0,104516.0,105079
twitter-bootstrap,referential,593.0,100823.0,101416
performance,referential,2140.0,99018.0,101158
winforms,referential,1012.0,97494.0,98506
selenium,referential,698.0,97396.0,98094
loops,referential,899.0,95291.0,96190
kotlin,referential,707.0,93709.0,94416
sqlite,referential,719.0,93066.0,93785
matlab,referential,911.0,92478.0,93389
python-2.7,referential,754.0,92328.0,93082
hibernate,referential,690.0,92150.0,92840
shell,referential,804.0,91640.0,92444
express,referential,537.0,91713.0,92250
dart,referential,491.0,91392.0,91883
entity-framework,referential,820.0,89671.0,90491
csv,referential,673.0,88926.0,89599
rest,referential,680.0,88699.0,89379
apache,referential,625.0,88658.0,89283
maven,referential,699.0,86386.0,87085
android-studio,referential,631.0,86131.0,86762
linq,referential,1012.0,85445.0,86457
dictionary,referential,828.0,84928.0,85756
qt,referential,727.0,84035.0,84762
asp.net-core,referential,681.0,83289.0,83970
unit-testing,referential,575.0,82803.0,83378
facebook,referential,426.0,81418.0,81844
swing,referential,881.0,80219.0,81100
file,referential,768.0,79798.0,80566
class,referential,922.0,78550.0,79472
apache-spark,referential,496.0,78718.0,79214
tensorflow,referential,502.0,77339.0,77841
sorting,referential,1081.0,75768.0,76849
date,referential,683.0,76031.0,76714
unity-game-engine,referential,800.0,74087.0,74887
t-sql,referential,868.0,72680.0,73548
go,referential,554.0,72214.0,72768
authentication,referential,483.0,72179.0,72662
symfony,referential,413.0,72233.0,72646
for-loop,referential,663.0,71109.0,71772
.htaccess,referential,442.0,71254.0,71696
matplotlib,referential,437.0,71037.0,71474
datetime,referential,641.0,70479.0,71120
opencv,referential,713.0,70193.0,70906
google-chrome,referential,449.0,68767.0,69216
codeigniter,referential,506.0,68100.0,68606
perl,referential,886.0,67147.0,68033
validation,referential,457.0,66018.0,66475
http,referential,445.0,65964.0,66409
sockets,referential,633.0,64230.0,64863
object,referential,675.0,64025.0,64700
google-maps,referential,342.0,64182.0,64524
uitableview,referential,548.0,62975.0,63523
xaml,referential,389.0,61829.0,62218
if-statement,referential,667.0,61349.0,62016
oop,referential,1002.0,60993.0,61995
ubuntu,referential,396.0,58533.0,58929
cordova,referential,312.0,57917.0,58229
visual-studio-code,referential,439.0,57761.0,58200
email,referential,427.0,57538.0,57965
android-layout,referential,465.0,57256.0,57721
ms-access,referential,488.0,57208.0,57696
web-services,referential,421.0,57250.0,57671
spring-mvc,referential,444.0,56770.0,57214
ggplot2,referential,209.0,56983.0,57192
parsing,referential,537.0,56469.0,57006
pointers,referential,806.0,56128.0,56934
github,referential,456.0,56198.0,56654
user-interface,referential,500.0,56022.0,56522
kubernetes,referential,349.0,56164.0,56513
c++11,referential,952.0,55557.0,56509
selenium-webdriver,referential,418.0,55728.0,56146
google-sheets,referential,291.0,55718.0,56009
elasticsearch,referential,276.0,55655.0,55931
google-apps-script,referential,308.0,54927.0,55235
templates,referential,721.0,54485.0,55206
ruby-on-rails-3,referential,280.0,54811.0,55091
security,referential,414.0,54524.0,54938
variables,referential,461.0,53206.0,53667
machine-learning,referential,622.0,52899.0,53521
flask,referential,288.0,53141.0,53429
sql-server-2008,referential,615.0,52773.0,53388
exception,referential,668.0,52376.0,53044
tkinter,referential,456.0,51864.0,52320
delphi,referential,774.0,51392.0,52166
nginx,referential,293.0,51757.0,52050
listview,referential,457.0,51237.0,51694
haskell,referential,711.0,50755.0,51466
debugging,referential,523.0,50696.0,51219
asynchronous,referential,483.0,50613.0,51096
jpa,referential,473.0,50611.0,51084
jsp,referential,424.0,50352.0,50776
web-scraping,referential,396.0,50251.0,50647
gradle,referential,375.0,49980.0,50355
batch-file,referential,373.0,49801.0,50174
generics,referential,626.0,49328.0,49954
xamarin,referential,320.0,49571.0,49891
pdf,referential,360.0,49355.0,49715
google-cloud-platform,referential,308.0,49019.0,49327
wcf,referential,342.0,48913.0,49255
amazon-s3,referential,250.0,48873.0,49123
ssl,referential,359.0,48647.0,49006
testing,referential,341.0,48432.0,48773
jenkins,referential,203.0,48328.0,48531
npm,referential,264.0,47241.0,47505
unix,referential,441.0,46920.0,47361
recursion,referential,474.0,46697.0,47171
ionic-framework,referential,256.0,46135.0,46391
network-programming,referential,439.0,45851.0,46290
google-app-engine,referential,276.0,45821.0,46097
visual-studio-2010,referential,420.0,45247.0,45667
mongoose,referential,243.0,45155.0,45398
assembly,referential,810.0,44208.0,45018
.net-core,referential,338.0,44431.0,44769
android-fragments,referential,341.0,43955.0,44296
math,referential,710.0,43564.0,44274
join,referential,628.0,42989.0,43617
winapi,referential,528.0,42909.0,43437
svg,referential,252.0,43148.0,43400
rust,referential,365.0,42878.0,43243
animation,referential,222.0,43018.0,43240
session,referential,294.0,42868.0,43162
intellij-idea,referential,291.0,42803.0,43094
django-models,referential,226.0,42799.0,43025
laravel-5,referential,282.0,42681.0,42963
curl,referential,280.0,42567.0,42847
hadoop,referential,234.0,42519.0,42753
javascript,missing_info,45493.0,2436890.0,2482383
python,missing_info,38120.0,2132493.0,2170613
java,missing_info,38624.0,1847470.0,1886094
c#,missing_info,32941.0,1571152.0,1604093
php,missing_info,29276.0,1417185.0,1446461
android,missing_info,28614.0,1341148.0,1369762
html,missing_info,21753.0,1151641.0,1173394
jquery,missing_info,21796.0,998073.0,1019869
c++,missing_info,12541.0,795644.0,808185
css,missing_info,13648.0,784168.0,797816
sql,missing_info,13819.0,658176.0,671995
ios,missing_info,11112.0,657503.0,668615
mysql,missing_info,14060.0,639686.0,653746
r,missing_info,6504.0,496526.0,503030
reactjs,missing_info,10208.0,447792.0,458000
node.js,missing_info,9005.0,446443.0,455448
arrays,missing_info,8040.0,408249.0,416289
c,missing_info,7141.0,398997.0,406138
asp.net,missing_info,8125.0,359816.0,367941
json,missing_info,8839.0,347543.0,356382
.net,missing_info,5431.0,330435.0,335866
sql-server,missing_info,7231.0,327667.0,334898
python-3.x,missing_info,5528.0,329072.0,334600
ruby-on-rails,missing_info,8367.0,324370.0,332737
swift,missing_info,6104.0,322120.0,328224
django,missing_info,9103.0,296060.0,305163
angular,missing_info,6666.0,291551.0,298217
objective-c,missing_info,4748.0,282719.0,287467
excel,missing_info,4788.0,282264.0,287052
pandas,missing_info,4852.0,282061.0,286913
regex,missing_info,3471.0,257243.0,260714
angularjs,missing_info,5378.0,250766.0,256144
typescript,missing_info,4019.0,223252.0,227271
ruby,missing_info,4696.0,222115.0,226811
linux,missing_info,2742.0,221040.0,223782
ajax,missing_info,5690.0,211964.0,217654
iphone,missing_info,2829.0,214019.0,216848
vba,missing_info,3915.0,211361.0,215276
xml,missing_info,4348.0,207386.0,211734
laravel,missing_info,5830.0,203447.0,209277
spring,missing_info,5277.0,201363.0,206640
asp.net-mvc,missing_info,5302.0,192818.0,198120
database,missing_info,3549.0,188106.0,191655
wordpress,missing_info,2684.0,182352.0,185036
string,missing_info,2998.0,181556.0,184554
postgresql,missing_info,3090.0,173296.0,176386
flutter,missing_info,3704.0,167641.0,171345
mongodb,missing_info,3172.0,167938.0,171110
wpf,missing_info,2803.0,164864.0,167667
windows,missing_info,1994.0,162416.0,164410
bash,missing_info,1962.0,154259.0,156221
xcode,missing_info,2292.0,152692.0,154984
amazon-web-services,missing_info,2749.0,151121.0,153870
oracle-database,missing_info,3194.0,148334.0,151528
git,missing_info,1556.0,149942.0,151498
dataframe,missing_info,2254.0,145489.0,147743
spring-boot,missing_info,3829.0,141723.0,145552
azure,missing_info,2795.0,139714.0,142509
list,missing_info,2560.0,138877.0,141437
multithreading,missing_info,2240.0,137096.0,139336
firebase,missing_info,3104.0,135835.0,138939
vb.net,missing_info,2495.0,136349.0,138844
docker,missing_info,2957.0,131351.0,134308
react-native,missing_info,2472.0,125881.0,128353
eclipse,missing_info,1928.0,120176.0,122104
algorithm,missing_info,1737.0,118915.0,120652
powershell,missing_info,1543.0,116636.0,118179
macos,missing_info,1243.0,113546.0,114789
numpy,missing_info,1609.0,112481.0,114090
visual-studio,missing_info,1556.0,111924.0,113480
forms,missing_info,2596.0,109174.0,111770
image,missing_info,1945.0,109436.0,111381
function,missing_info,1749.0,109118.0,110867
scala,missing_info,1467.0,109279.0,110746
vue.js,missing_info,1829.0,103250.0,105079
twitter-bootstrap,missing_info,2150.0,99266.0,101416
performance,missing_info,1790.0,99368.0,101158
winforms,missing_info,1718.0,96788.0,98506
selenium,missing_info,3346.0,94748.0,98094
loops,missing_info,1706.0,94484.0,96190
kotlin,missing_info,1749.0,92667.0,94416
sqlite,missing_info,1722.0,92063.0,93785
matlab,missing_info,1201.0,92188.0,93389
python-2.7,missing_info,1600.0,91482.0,93082
hibernate,missing_info,2618.0,90222.0,92840
shell,missing_info,1184.0,91260.0,92444
express,missing_info,2114.0,90136.0,92250
dart,missing_info,1878.0,90005.0,91883
entity-framework,missing_info,2358.0,88133.0,90491
csv,missing_info,1889.0,87710.0,89599
rest,missing_info,1718.0,87661.0,89379
apache,missing_info,1375.0,87908.0,89283
maven,missing_info,2198.0,84887.0,87085
android-studio,missing_info,1898.0,84864.0,86762
linq,missing_info,2039.0,84418.0,86457
dictionary,missing_info,1511.0,84245.0,85756
qt,missing_info,950.0,83812.0,84762
asp.net-core,missing_info,2051.0,81919.0,83970
unit-testing,missing_info,1358.0,82020.0,83378
facebook,missing_info,950.0,80894.0,81844
swing,missing_info,979.0,80121.0,81100
file,missing_info,1375.0,79191.0,80566
class,missing_info,1457.0,78015.0,79472
apache-spark,missing_info,1425.0,77789.0,79214
tensorflow,missing_info,1252.0,76589.0,77841
sorting,missing_info,1378.0,75471.0,76849
date,missing_info,1218.0,75496.0,76714
unity-game-engine,missing_info,1048.0,73839.0,74887
t-sql,missing_info,1480.0,72068.0,73548
go,missing_info,939.0,71829.0,72768
authentication,missing_info,1167.0,71495.0,72662
symfony,missing_info,1506.0,71140.0,72646
for-loop,missing_info,1241.0,70531.0,71772
.htaccess,missing_info,1152.0,70544.0,71696
matplotlib,missing_info,936.0,70538.0,71474
datetime,missing_info,1169.0,69951.0,71120
opencv,missing_info,1380.0,69526.0,70906
google-chrome,missing_info,1028.0,68188.0,69216
codeigniter,missing_info,1623.0,66983.0,68606
perl,missing_info,1154.0,66879.0,68033
validation,missing_info,1262.0,65213.0,66475
http,missing_info,1119.0,65290.0,66409
sockets,missing_info,1039.0,63824.0,64863
object,missing_info,1213.0,63487.0,64700
google-maps,missing_info,1028.0,63496.0,64524
uitableview,missing_info,1621.0,61902.0,63523
xaml,missing_info,1030.0,61188.0,62218
if-statement,missing_info,1013.0,61003.0,62016
oop,missing_info,801.0,61194.0,61995
ubuntu,missing_info,812.0,58117.0,58929
cordova,missing_info,860.0,57369.0,58229
visual-studio-code,missing_info,661.0,57539.0,58200
email,missing_info,960.0,57005.0,57965
android-layout,missing_info,1374.0,56347.0,57721
ms-access,missing_info,1002.0,56694.0,57696
web-services,missing_info,1034.0,56637.0,57671
spring-mvc,missing_info,1640.0,55574.0,57214
ggplot2,missing_info,702.0,56490.0,57192
parsing,missing_info,993.0,56013.0,57006
pointers,missing_info,1016.0,55918.0,56934
github,missing_info,567.0,56087.0,56654
user-interface,missing_info,721.0,55801.0,56522
kubernetes,missing_info,1298.0,55215.0,56513
c++11,missing_info,720.0,55789.0,56509
selenium-webdriver,missing_info,1817.0,54329.0,56146
google-sheets,missing_info,1820.0,54189.0,56009
elasticsearch,missing_info,1695.0,54236.0,55931
google-apps-script,missing_info,2395.0,52840.0,55235
templates,missing_info,726.0,54480.0,55206
ruby-on-rails-3,missing_info,1169.0,53922.0,55091
security,missing_info,478.0,54460.0,54938
variables,missing_info,868.0,52799.0,53667
machine-learning,missing_info,794.0,52727.0,53521
flask,missing_info,1104.0,52325.0,53429
sql-server-2008,missing_info,1142.0,52246.0,53388
exception,missing_info,1198.0,51846.0,53044
tkinter,missing_info,620.0,51700.0,52320
delphi,missing_info,912.0,51254.0,52166
nginx,missing_info,988.0,51062.0,52050
listview,missing_info,1366.0,50328.0,51694
haskell,missing_info,549.0,50917.0,51466
debugging,missing_info,675.0,50544.0,51219
asynchronous,missing_info,749.0,50347.0,51096
jpa,missing_info,1366.0,49718.0,51084
jsp,missing_info,1120.0,49656.0,50776
web-scraping,missing_info,1164.0,49483.0,50647
gradle,missing_info,992.0,49363.0,50355
batch-file,missing_info,623.0,49551.0,50174
generics,missing_info,786.0,49168.0,49954
xamarin,missing_info,946.0,48945.0,49891
pdf,missing_info,861.0,48854.0,49715
google-cloud-platform,missing_info,1146.0,48181.0,49327
wcf,missing_info,1008.0,48247.0,49255
amazon-s3,missing_info,891.0,48232.0,49123
ssl,missing_info,771.0,48235.0,49006
testing,missing_info,749.0,48024.0,48773
jenkins,missing_info,615.0,47916.0,48531
npm,missing_info,936.0,46569.0,47505
unix,missing_info,605.0,46756.0,47361
recursion,missing_info,818.0,46353.0,47171
ionic-framework,missing_info,972.0,45419.0,46391
network-programming,missing_info,544.0,45746.0,46290
google-app-engine,missing_info,872.0,45225.0,46097
visual-studio-2010,missing_info,636.0,45031.0,45667
mongoose,missing_info,979.0,44419.0,45398
assembly,missing_info,903.0,44115.0,45018
.net-core,missing_info,880.0,43889.0,44769
android-fragments,missing_info,1354.0,42942.0,44296
math,missing_info,584.0,43690.0,44274
join,missing_info,970.0,42647.0,43617
winapi,missing_info,514.0,42923.0,43437
svg,missing_info,524.0,42876.0,43400
rust,missing_info,354.0,42889.0,43243
animation,missing_info,513.0,42727.0,43240
session,missing_info,735.0,42427.0,43162
intellij-idea,missing_info,648.0,42446.0,43094
django-models,missing_info,1332.0,41693.0,43025
laravel-5,missing_info,1192.0,41771.0,42963
curl,missing_info,780.0,42067.0,42847
hadoop,missing_info,766.0,41987.0,42753
javascript,contradiction,153.0,2482230.0,2482383
python,contradiction,125.0,2170488.0,2170613
java,contradiction,211.0,1885883.0,1886094
c#,contradiction,177.0,1603916.0,1604093
php,contradiction,125.0,1446336.0,1446461
android,contradiction,49.0,1369713.0,1369762
html,contradiction,60.0,1173334.0,1173394
jquery,contradiction,52.0,1019817.0,1019869
c++,contradiction,200.0,807985.0,808185
css,contradiction,46.0,797770.0,797816
sql,contradiction,69.0,671926.0,671995
ios,contradiction,43.0,668572.0,668615
mysql,contradiction,57.0,653689.0,653746
r,contradiction,20.0,503010.0,503030
reactjs,contradiction,9.0,457991.0,458000
node.js,contradiction,26.0,455422.0,455448
arrays,contradiction,47.0,416242.0,416289
c,contradiction,108.0,406030.0,406138
asp.net,contradiction,27.0,367914.0,367941
json,contradiction,26.0,356356.0,356382
.net,contradiction,43.0,335823.0,335866
sql-server,contradiction,33.0,334865.0,334898
python-3.x,contradiction,12.0,334588.0,334600
ruby-on-rails,contradiction,19.0,332718.0,332737
swift,contradiction,26.0,328198.0,328224
django,contradiction,15.0,305148.0,305163
angular,contradiction,15.0,298202.0,298217
objective-c,contradiction,20.0,287447.0,287467
excel,contradiction,16.0,287036.0,287052
pandas,contradiction,6.0,286907.0,286913
regex,contradiction,33.0,260681.0,260714
angularjs,contradiction,5.0,256139.0,256144
typescript,contradiction,7.0,227264.0,227271
ruby,contradiction,22.0,226789.0,226811
linux,contradiction,16.0,223766.0,223782
ajax,contradiction,7.0,217647.0,217654
iphone,contradiction,13.0,216835.0,216848
vba,contradiction,11.0,215265.0,215276
xml,contradiction,15.0,211719.0,211734
laravel,contradiction,4.0,209273.0,209277
spring,contradiction,12.0,206628.0,206640
asp.net-mvc,contradiction,16.0,198104.0,198120
database,contradiction,18.0,191637.0,191655
wordpress,contradiction,9.0,185027.0,185036
string,contradiction,28.0,184526.0,184554
postgresql,contradiction,15.0,176371.0,176386
flutter,contradiction,2.0,171343.0,171345
mongodb,contradiction,10.0,171100.0,171110
wpf,contradiction,7.0,167660.0,167667
windows,contradiction,14.0,164396.0,164410
bash,contradiction,17.0,156204.0,156221
xcode,contradiction,9.0,154975.0,154984
amazon-web-services,contradiction,8.0,153862.0,153870
oracle-database,contradiction,18.0,151510.0,151528
git,contradiction,19.0,151479.0,151498
dataframe,contradiction,3.0,147740.0,147743
spring-boot,contradiction,9.0,145543.0,145552
azure,contradiction,5.0,142504.0,142509
list,contradiction,15.0,141422.0,141437
multithreading,contradiction,31.0,139305.0,139336
firebase,contradiction,10.0,138929.0,138939
vb.net,contradiction,11.0,138833.0,138844
docker,contradiction,4.0,134304.0,134308
react-native,contradiction,5.0,128348.0,128353
eclipse,contradiction,5.0,122099.0,122104
algorithm,contradiction,37.0,120615.0,120652
powershell,contradiction,14.0,118165.0,118179
macos,contradiction,9.0,114780.0,114789
numpy,contradiction,6.0,114084.0,114090
visual-studio,contradiction,9.0,113471.0,113480
forms,contradiction,3.0,111767.0,111770
image,contradiction,4.0,111377.0,111381
function,contradiction,14.0,110853.0,110867
scala,contradiction,10.0,110736.0,110746
vue.js,contradiction,2.0,105077.0,105079
twitter-bootstrap,contradiction,2.0,101414.0,101416
performance,contradiction,16.0,101142.0,101158
winforms,contradiction,8.0,98498.0,98506
selenium,contradiction,2.0,98092.0,98094
loops,contradiction,8.0,96182.0,96190
kotlin,contradiction,9.0,94407.0,94416
sqlite,contradiction,5.0,93780.0,93785
matlab,contradiction,5.0,93384.0,93389
python-2.7,contradiction,12.0,93070.0,93082
hibernate,contradiction,5.0,92835.0,92840
shell,contradiction,12.0,92432.0,92444
express,contradiction,1.0,92249.0,92250
dart,contradiction,0.0,91883.0,91883
entity-framework,contradiction,11.0,90480.0,90491
csv,contradiction,7.0,89592.0,89599
rest,contradiction,5.0,89374.0,89379
apache,contradiction,10.0,89273.0,89283
maven,contradiction,4.0,87081.0,87085
android-studio,contradiction,2.0,86760.0,86762
linq,contradiction,9.0,86448.0,86457
dictionary,contradiction,8.0,85748.0,85756
qt,contradiction,5.0,84757.0,84762
asp.net-core,contradiction,7.0,83963.0,83970
unit-testing,contradiction,11.0,83367.0,83378
facebook,contradiction,0.0,81844.0,81844
swing,contradiction,4.0,81096.0,81100
file,contradiction,7.0,80559.0,80566
class,contradiction,10.0,79462.0,79472
apache-spark,contradiction,4.0,79210.0,79214
tensorflow,contradiction,4.0,77837.0,77841
sorting,contradiction,8.0,76841.0,76849
date,contradiction,7.0,76707.0,76714
unity-game-engine,contradiction,1.0,74886.0,74887
t-sql,contradiction,10.0,73538.0,73548
go,contradiction,9.0,72759.0,72768
authentication,contradiction,6.0,72656.0,72662
symfony,contradiction,2.0,72644.0,72646
for-loop,contradiction,3.0,71769.0,71772
.htaccess,contradiction,9.0,71687.0,71696
matplotlib,contradiction,1.0,71473.0,71474
datetime,contradiction,7.0,71113.0,71120
opencv,contradiction,4.0,70902.0,70906
google-chrome,contradiction,8.0,69208.0,69216
codeigniter,contradiction,5.0,68601.0,68606
perl,contradiction,17.0,68016.0,68033
validation,contradiction,4.0,66471.0,66475
http,contradiction,9.0,66400.0,66409
sockets,contradiction,14.0,64849.0,64863
object,contradiction,14.0,64686.0,64700
google-maps,contradiction,2.0,64522.0,64524
uitableview,contradiction,8.0,63515.0,63523
xaml,contradiction,1.0,62217.0,62218
if-statement,contradiction,10.0,62006.0,62016
oop,contradiction,15.0,61980.0,61995
ubuntu,contradiction,3.0,58926.0,58929
cordova,contradiction,0.0,58229.0,58229
visual-studio-code,contradiction,2.0,58198.0,58200
email,contradiction,2.0,57963.0,57965
android-layout,contradiction,2.0,57719.0,57721
ms-access,contradiction,4.0,57692.0,57696
web-services,contradiction,3.0,57668.0,57671
spring-mvc,contradiction,3.0,57211.0,57214
ggplot2,contradiction,0.0,57192.0,57192
parsing,contradiction,6.0,57000.0,57006
pointers,contradiction,18.0,56916.0,56934
github,contradiction,3.0,56651.0,56654
user-interface,contradiction,2.0,56520.0,56522
kubernetes,contradiction,2.0,56511.0,56513
c++11,contradiction,27.0,56482.0,56509
selenium-webdriver,contradiction,1.0,56145.0,56146
google-sheets,contradiction,0.0,56009.0,56009
elasticsearch,contradiction,1.0,55930.0,55931
google-apps-script,contradiction,1.0,55234.0,55235
templates,contradiction,7.0,55199.0,55206
ruby-on-rails-3,contradiction,2.0,55089.0,55091
security,contradiction,7.0,54931.0,54938
variables,contradiction,8.0,53659.0,53667
machine-learning,contradiction,1.0,53520.0,53521
flask,contradiction,1.0,53428.0,53429
sql-server-2008,contradiction,7.0,53381.0,53388
exception,contradiction,9.0,53035.0,53044
tkinter,contradiction,1.0,52319.0,52320
delphi,contradiction,13.0,52153.0,52166
nginx,contradiction,2.0,52048.0,52050
listview,contradiction,4.0,51690.0,51694
haskell,contradiction,12.0,51454.0,51466
debugging,contradiction,0.0,51219.0,51219
asynchronous,contradiction,11.0,51085.0,51096
jpa,contradiction,3.0,51081.0,51084
jsp,contradiction,1.0,50775.0,50776
web-scraping,contradiction,1.0,50646.0,50647
gradle,contradiction,1.0,50354.0,50355
batch-file,contradiction,5.0,50169.0,50174
generics,contradiction,16.0,49938.0,49954
xamarin,contradiction,0.0,49891.0,49891
pdf,contradiction,2.0,49713.0,49715
google-cloud-platform,contradiction,2.0,49325.0,49327
wcf,contradiction,4.0,49251.0,49255
amazon-s3,contradiction,4.0,49119.0,49123
ssl,contradiction,3.0,49003.0,49006
testing,contradiction,2.0,48771.0,48773
jenkins,contradiction,1.0,48530.0,48531
npm,contradiction,1.0,47504.0,47505
unix,contradiction,9.0,47352.0,47361
recursion,contradiction,10.0,47161.0,47171
ionic-framework,contradiction,1.0,46390.0,46391
network-programming,contradiction,3.0,46287.0,46290
google-app-engine,contradiction,2.0,46095.0,46097
visual-studio-2010,contradiction,2.0,45665.0,45667
mongoose,contradiction,1.0,45397.0,45398
assembly,contradiction,8.0,45010.0,45018
.net-core,contradiction,5.0,44764.0,44769
android-fragments,contradiction,1.0,44295.0,44296
math,contradiction,8.0,44266.0,44274
join,contradiction,3.0,43614.0,43617
winapi,contradiction,11.0,43426.0,43437
svg,contradiction,2.0,43398.0,43400
rust,contradiction,7.0,43236.0,43243
animation,contradiction,2.0,43238.0,43240
session,contradiction,6.0,43156.0,43162
intellij-idea,contradiction,1.0,43093.0,43094
django-models,contradiction,1.0,43024.0,43025
laravel-5,contradiction,1.0,42962.0,42963
curl,contradiction,3.0,42844.0,42847
hadoop,contradiction,4.0,42749.0,42753
javascript,pragmatic_tone,345.0,2482038.0,2482383
python,pragmatic_tone,147.0,2170466.0,2170613
java,pragmatic_tone,279.0,1885815.0,1886094
c#,pragmatic_tone,269.0,1603824.0,1604093
php,pragmatic_tone,288.0,1446173.0,1446461
android,pragmatic_tone,133.0,1369629.0,1369762
html,pragmatic_tone,202.0,1173192.0,1173394
jquery,pragmatic_tone,158.0,1019711.0,1019869
c++,pragmatic_tone,275.0,807910.0,808185
css,pragmatic_tone,125.0,797691.0,797816
sql,pragmatic_tone,103.0,671892.0,671995
ios,pragmatic_tone,89.0,668526.0,668615
mysql,pragmatic_tone,120.0,653626.0,653746
r,pragmatic_tone,24.0,503006.0,503030
reactjs,pragmatic_tone,9.0,457991.0,458000
node.js,pragmatic_tone,26.0,455422.0,455448
arrays,pragmatic_tone,93.0,416196.0,416289
c,pragmatic_tone,142.0,405996.0,406138
asp.net,pragmatic_tone,60.0,367881.0,367941
json,pragmatic_tone,31.0,356351.0,356382
.net,pragmatic_tone,81.0,335785.0,335866
sql-server,pragmatic_tone,57.0,334841.0,334898
python-3.x,pragmatic_tone,21.0,334579.0,334600
ruby-on-rails,pragmatic_tone,21.0,332716.0,332737
swift,pragmatic_tone,28.0,328196.0,328224
django,pragmatic_tone,15.0,305148.0,305163
angular,pragmatic_tone,12.0,298205.0,298217
objective-c,pragmatic_tone,52.0,287415.0,287467
excel,pragmatic_tone,22.0,287030.0,287052
pandas,pragmatic_tone,7.0,286906.0,286913
regex,pragmatic_tone,38.0,260676.0,260714
angularjs,pragmatic_tone,20.0,256124.0,256144
typescript,pragmatic_tone,8.0,227263.0,227271
ruby,pragmatic_tone,28.0,226783.0,226811
linux,pragmatic_tone,34.0,223748.0,223782
ajax,pragmatic_tone,38.0,217616.0,217654
iphone,pragmatic_tone,35.0,216813.0,216848
vba,pragmatic_tone,17.0,215259.0,215276
xml,pragmatic_tone,22.0,211712.0,211734
laravel,pragmatic_tone,9.0,209268.0,209277
spring,pragmatic_tone,14.0,206626.0,206640
asp.net-mvc,pragmatic_tone,29.0,198091.0,198120
database,pragmatic_tone,26.0,191629.0,191655
wordpress,pragmatic_tone,16.0,185020.0,185036
string,pragmatic_tone,46.0,184508.0,184554
postgresql,pragmatic_tone,11.0,176375.0,176386
flutter,pragmatic_tone,6.0,171339.0,171345
mongodb,pragmatic_tone,12.0,171098.0,171110
wpf,pragmatic_tone,22.0,167645.0,167667
windows,pragmatic_tone,27.0,164383.0,164410
bash,pragmatic_tone,16.0,156205.0,156221
xcode,pragmatic_tone,17.0,154967.0,154984
amazon-web-services,pragmatic_tone,6.0,153864.0,153870
oracle-database,pragmatic_tone,20.0,151508.0,151528
git,pragmatic_tone,21.0,151477.0,151498
dataframe,pragmatic_tone,3.0,147740.0,147743
spring-boot,pragmatic_tone,13.0,145539.0,145552
azure,pragmatic_tone,3.0,142506.0,142509
list,pragmatic_tone,15.0,141422.0,141437
multithreading,pragmatic_tone,39.0,139297.0,139336
firebase,pragmatic_tone,4.0,138935.0,138939
vb.net,pragmatic_tone,23.0,138821.0,138844
docker,pragmatic_tone,2.0,134306.0,134308
react-native,pragmatic_tone,1.0,128352.0,128353
eclipse,pragmatic_tone,17.0,122087.0,122104
algorithm,pragmatic_tone,39.0,120613.0,120652
powershell,pragmatic_tone,10.0,118169.0,118179
macos,pragmatic_tone,16.0,114773.0,114789
numpy,pragmatic_tone,5.0,114085.0,114090
visual-studio,pragmatic_tone,23.0,113457.0,113480
forms,pragmatic_tone,15.0,111755.0,111770
image,pragmatic_tone,14.0,111367.0,111381
function,pragmatic_tone,18.0,110849.0,110867
scala,pragmatic_tone,8.0,110738.0,110746
vue.js,pragmatic_tone,5.0,105074.0,105079
twitter-bootstrap,pragmatic_tone,9.0,101407.0,101416
performance,pragmatic_tone,48.0,101110.0,101158
winforms,pragmatic_tone,14.0,98492.0,98506
selenium,pragmatic_tone,2.0,98092.0,98094
loops,pragmatic_tone,16.0,96174.0,96190
kotlin,pragmatic_tone,3.0,94413.0,94416
sqlite,pragmatic_tone,9.0,93776.0,93785
matlab,pragmatic_tone,13.0,93376.0,93389
python-2.7,pragmatic_tone,7.0,93075.0,93082
hibernate,pragmatic_tone,8.0,92832.0,92840
shell,pragmatic_tone,10.0,92434.0,92444
express,pragmatic_tone,2.0,92248.0,92250
dart,pragmatic_tone,4.0,91879.0,91883
entity-framework,pragmatic_tone,13.0,90478.0,90491
csv,pragmatic_tone,8.0,89591.0,89599
rest,pragmatic_tone,7.0,89372.0,89379
apache,pragmatic_tone,10.0,89273.0,89283
maven,pragmatic_tone,2.0,87083.0,87085
android-studio,pragmatic_tone,7.0,86755.0,86762
linq,pragmatic_tone,17.0,86440.0,86457
dictionary,pragmatic_tone,9.0,85747.0,85756
qt,pragmatic_tone,23.0,84739.0,84762
asp.net-core,pragmatic_tone,5.0,83965.0,83970
unit-testing,pragmatic_tone,8.0,83370.0,83378
facebook,pragmatic_tone,9.0,81835.0,81844
swing,pragmatic_tone,14.0,81086.0,81100
file,pragmatic_tone,14.0,80552.0,80566
class,pragmatic_tone,11.0,79461.0,79472
apache-spark,pragmatic_tone,3.0,79211.0,79214
tensorflow,pragmatic_tone,3.0,77838.0,77841
sorting,pragmatic_tone,15.0,76834.0,76849
date,pragmatic_tone,8.0,76706.0,76714
unity-game-engine,pragmatic_tone,2.0,74885.0,74887
t-sql,pragmatic_tone,13.0,73535.0,73548
go,pragmatic_tone,5.0,72763.0,72768
authentication,pragmatic_tone,12.0,72650.0,72662
symfony,pragmatic_tone,10.0,72636.0,72646
for-loop,pragmatic_tone,13.0,71759.0,71772
.htaccess,pragmatic_tone,7.0,71689.0,71696
matplotlib,pragmatic_tone,1.0,71473.0,71474
datetime,pragmatic_tone,12.0,71108.0,71120
opencv,pragmatic_tone,6.0,70900.0,70906
google-chrome,pragmatic_tone,8.0,69208.0,69216
codeigniter,pragmatic_tone,8.0,68598.0,68606
perl,pragmatic_tone,19.0,68014.0,68033
validation,pragmatic_tone,10.0,66465.0,66475
http,pragmatic_tone,14.0,66395.0,66409
sockets,pragmatic_tone,8.0,64855.0,64863
object,pragmatic_tone,10.0,64690.0,64700
google-maps,pragmatic_tone,8.0,64516.0,64524
uitableview,pragmatic_tone,10.0,63513.0,63523
xaml,pragmatic_tone,7.0,62211.0,62218
if-statement,pragmatic_tone,3.0,62013.0,62016
oop,pragmatic_tone,17.0,61978.0,61995
ubuntu,pragmatic_tone,11.0,58918.0,58929
cordova,pragmatic_tone,3.0,58226.0,58229
visual-studio-code,pragmatic_tone,1.0,58199.0,58200
email,pragmatic_tone,7.0,57958.0,57965
android-layout,pragmatic_tone,8.0,57713.0,57721
ms-access,pragmatic_tone,5.0,57691.0,57696
web-services,pragmatic_tone,9.0,57662.0,57671
spring-mvc,pragmatic_tone,5.0,57209.0,57214
ggplot2,pragmatic_tone,0.0,57192.0,57192
parsing,pragmatic_tone,6.0,57000.0,57006
pointers,pragmatic_tone,19.0,56915.0,56934
github,pragmatic_tone,5.0,56649.0,56654
user-interface,pragmatic_tone,6.0,56516.0,56522
kubernetes,pragmatic_tone,2.0,56511.0,56513
c++11,pragmatic_tone,17.0,56492.0,56509
selenium-webdriver,pragmatic_tone,2.0,56144.0,56146
google-sheets,pragmatic_tone,1.0,56008.0,56009
elasticsearch,pragmatic_tone,1.0,55930.0,55931
google-apps-script,pragmatic_tone,1.0,55234.0,55235
templates,pragmatic_tone,12.0,55194.0,55206
ruby-on-rails-3,pragmatic_tone,4.0,55087.0,55091
security,pragmatic_tone,13.0,54925.0,54938
variables,pragmatic_tone,12.0,53655.0,53667
machine-learning,pragmatic_tone,3.0,53518.0,53521
flask,pragmatic_tone,0.0,53429.0,53429
sql-server-2008,pragmatic_tone,6.0,53382.0,53388
exception,pragmatic_tone,13.0,53031.0,53044
tkinter,pragmatic_tone,3.0,52317.0,52320
delphi,pragmatic_tone,19.0,52147.0,52166
nginx,pragmatic_tone,3.0,52047.0,52050
listview,pragmatic_tone,1.0,51693.0,51694
haskell,pragmatic_tone,8.0,51458.0,51466
debugging,pragmatic_tone,6.0,51213.0,51219
asynchronous,pragmatic_tone,10.0,51086.0,51096
jpa,pragmatic_tone,3.0,51081.0,51084
jsp,pragmatic_tone,9.0,50767.0,50776
web-scraping,pragmatic_tone,1.0,50646.0,50647
gradle,pragmatic_tone,3.0,50352.0,50355
batch-file,pragmatic_tone,4.0,50170.0,50174
generics,pragmatic_tone,10.0,49944.0,49954
xamarin,pragmatic_tone,3.0,49888.0,49891
pdf,pragmatic_tone,4.0,49711.0,49715
google-cloud-platform,pragmatic_tone,1.0,49326.0,49327
wcf,pragmatic_tone,5.0,49250.0,49255
amazon-s3,pragmatic_tone,3.0,49120.0,49123
ssl,pragmatic_tone,2.0,49004.0,49006
testing,pragmatic_tone,4.0,48769.0,48773
jenkins,pragmatic_tone,2.0,48529.0,48531
npm,pragmatic_tone,0.0,47505.0,47505
unix,pragmatic_tone,9.0,47352.0,47361
recursion,pragmatic_tone,9.0,47162.0,47171
ionic-framework,pragmatic_tone,1.0,46390.0,46391
network-programming,pragmatic_tone,2.0,46288.0,46290
google-app-engine,pragmatic_tone,2.0,46095.0,46097
visual-studio-2010,pragmatic_tone,13.0,45654.0,45667
mongoose,pragmatic_tone,1.0,45397.0,45398
assembly,pragmatic_tone,14.0,45004.0,45018
.net-core,pragmatic_tone,3.0,44766.0,44769
android-fragments,pragmatic_tone,6.0,44290.0,44296
math,pragmatic_tone,16.0,44258.0,44274
join,pragmatic_tone,5.0,43612.0,43617
winapi,pragmatic_tone,13.0,43424.0,43437
svg,pragmatic_tone,4.0,43396.0,43400
rust,pragmatic_tone,5.0,43238.0,43243
animation,pragmatic_tone,3.0,43237.0,43240
session,pragmatic_tone,3.0,43159.0,43162
intellij-idea,pragmatic_tone,2.0,43092.0,43094
django-models,pragmatic_tone,1.0,43024.0,43025
laravel-5,pragmatic_tone,4.0,42959.0,42963
curl,pragmatic_tone,5.0,42842.0,42847
hadoop,pragmatic_tone,6.0,42747.0,42753
javascript,actionability,92083.0,2390300.0,2482383
python,actionability,80841.0,2089772.0,2170613
java,actionability,79279.0,1806815.0,1886094
c#,actionability,70159.0,1533934.0,1604093
php,actionability,56659.0,1389802.0,1446461
android,actionability,44714.0,1325048.0,1369762
html,actionability,41068.0,1132326.0,1173394
jquery,actionability,37011.0,982858.0,1019869
c++,actionability,37734.0,770451.0,808185
css,actionability,22426.0,775390.0,797816
sql,actionability,26194.0,645801.0,671995
ios,actionability,25580.0,643035.0,668615
mysql,actionability,25991.0,627755.0,653746
r,actionability,14069.0,488961.0,503030
reactjs,actionability,12958.0,445042.0,458000
node.js,actionability,15734.0,439714.0,455448
arrays,actionability,20816.0,395473.0,416289
c,actionability,21044.0,385094.0,406138
asp.net,actionability,13708.0,354233.0,367941
json,actionability,15446.0,340936.0,356382
.net,actionability,12912.0,322954.0,335866
sql-server,actionability,13366.0,321532.0,334898
python-3.x,actionability,12079.0,322521.0,334600
ruby-on-rails,actionability,11199.0,321538.0,332737
swift,actionability,14087.0,314137.0,328224
django,actionability,9881.0,295282.0,305163
angular,actionability,8494.0,289723.0,298217
objective-c,actionability,12152.0,275315.0,287467
excel,actionability,11535.0,275517.0,287052
pandas,actionability,9110.0,277803.0,286913
regex,actionability,8844.0,251870.0,260714
angularjs,actionability,7854.0,248290.0,256144
typescript,actionability,6437.0,220834.0,227271
ruby,actionability,8033.0,218778.0,226811
linux,actionability,8447.0,215335.0,223782
ajax,actionability,9421.0,208233.0,217654
iphone,actionability,8047.0,208801.0,216848
vba,actionability,9564.0,205712.0,215276
xml,actionability,7771.0,203963.0,211734
laravel,actionability,5987.0,203290.0,209277
spring,actionability,6369.0,200271.0,206640
asp.net-mvc,actionability,7970.0,190150.0,198120
database,actionability,8010.0,183645.0,191655
wordpress,actionability,5070.0,179966.0,185036
string,actionability,8722.0,175832.0,184554
postgresql,actionability,5368.0,171018.0,176386
flutter,actionability,4078.0,167267.0,171345
mongodb,actionability,4994.0,166116.0,171110
wpf,actionability,6904.0,160763.0,167667
windows,actionability,6357.0,158053.0,164410
bash,actionability,6780.0,149441.0,156221
xcode,actionability,6227.0,148757.0,154984
amazon-web-services,actionability,4608.0,149262.0,153870
oracle-database,actionability,4938.0,146590.0,151528
git,actionability,7182.0,144316.0,151498
dataframe,actionability,4705.0,143038.0,147743
spring-boot,actionability,3942.0,141610.0,145552
azure,actionability,4022.0,138487.0,142509
list,actionability,6368.0,135069.0,141437
multithreading,actionability,6525.0,132811.0,139336
firebase,actionability,5116.0,133823.0,138939
vb.net,actionability,6358.0,132486.0,138844
docker,actionability,4159.0,130149.0,134308
react-native,actionability,2928.0,125425.0,128353
eclipse,actionability,4331.0,117773.0,122104
algorithm,actionability,6996.0,113656.0,120652
powershell,actionability,4073.0,114106.0,118179
macos,actionability,4171.0,110618.0,114789
numpy,actionability,3750.0,110340.0,114090
visual-studio,actionability,4125.0,109355.0,113480
forms,actionability,4726.0,107044.0,111770
image,actionability,4395.0,106986.0,111381
function,actionability,4879.0,105988.0,110867
scala,actionability,3199.0,107547.0,110746
vue.js,actionability,2804.0,102275.0,105079
twitter-bootstrap,actionability,2621.0,98795.0,101416
performance,actionability,3741.0,97417.0,101158
winforms,actionability,4868.0,93638.0,98506
selenium,actionability,2949.0,95145.0,98094
loops,actionability,4493.0,91697.0,96190
kotlin,actionability,2409.0,92007.0,94416
sqlite,actionability,3636.0,90149.0,93785
matlab,actionability,3561.0,89828.0,93389
python-2.7,actionability,3591.0,89491.0,93082
hibernate,actionability,2749.0,90091.0,92840
shell,actionability,3824.0,88620.0,92444
express,actionability,3200.0,89050.0,92250
dart,actionability,2443.0,89440.0,91883
entity-framework,actionability,3739.0,86752.0,90491
csv,actionability,4253.0,85346.0,89599
rest,actionability,3041.0,86338.0,89379
apache,actionability,2462.0,86821.0,89283
maven,actionability,2793.0,84292.0,87085
android-studio,actionability,2531.0,84231.0,86762
linq,actionability,3654.0,82803.0,86457
dictionary,actionability,3948.0,81808.0,85756
qt,actionability,2844.0,81918.0,84762
asp.net-core,actionability,3099.0,80871.0,83970
unit-testing,actionability,3274.0,80104.0,83378
facebook,actionability,2207.0,79637.0,81844
swing,actionability,4281.0,76819.0,81100
file,actionability,4105.0,76461.0,80566
class,actionability,3959.0,75513.0,79472
apache-spark,actionability,2244.0,76970.0,79214
tensorflow,actionability,1935.0,75906.0,77841
sorting,actionability,3738.0,73111.0,76849
date,actionability,3217.0,73497.0,76714
unity-game-engine,actionability,2958.0,71929.0,74887
t-sql,actionability,2925.0,70623.0,73548
go,actionability,2081.0,70687.0,72768
authentication,actionability,2686.0,69976.0,72662
symfony,actionability,1799.0,70847.0,72646
for-loop,actionability,2994.0,68778.0,71772
.htaccess,actionability,1844.0,69852.0,71696
matplotlib,actionability,2358.0,69116.0,71474
datetime,actionability,3130.0,67990.0,71120
opencv,actionability,2435.0,68471.0,70906
google-chrome,actionability,1856.0,67360.0,69216
codeigniter,actionability,1985.0,66621.0,68606
perl,actionability,3226.0,64807.0,68033
validation,actionability,2229.0,64246.0,66475
http,actionability,2271.0,64138.0,66409
sockets,actionability,3007.0,61856.0,64863
object,actionability,2990.0,61710.0,64700
google-maps,actionability,1869.0,62655.0,64524
uitableview,actionability,3146.0,60377.0,63523
xaml,actionability,2283.0,59935.0,62218
if-statement,actionability,2549.0,59467.0,62016
oop,actionability,2905.0,59090.0,61995
ubuntu,actionability,1851.0,57078.0,58929
cordova,actionability,1213.0,57016.0,58229
visual-studio-code,actionability,1759.0,56441.0,58200
email,actionability,2031.0,55934.0,57965
android-layout,actionability,1769.0,55952.0,57721
ms-access,actionability,2603.0,55093.0,57696
web-services,actionability,1863.0,55808.0,57671
spring-mvc,actionability,1757.0,55457.0,57214
ggplot2,actionability,1533.0,55659.0,57192
parsing,actionability,2716.0,54290.0,57006
pointers,actionability,2875.0,54059.0,56934
github,actionability,2322.0,54332.0,56654
user-interface,actionability,2329.0,54193.0,56522
kubernetes,actionability,1497.0,55016.0,56513
c++11,actionability,2334.0,54175.0,56509
selenium-webdriver,actionability,1556.0,54590.0,56146
google-sheets,actionability,2036.0,53973.0,56009
elasticsearch,actionability,1282.0,54649.0,55931
google-apps-script,actionability,2265.0,52970.0,55235
templates,actionability,1906.0,53300.0,55206
ruby-on-rails-3,actionability,1884.0,53207.0,55091
security,actionability,2280.0,52658.0,54938
variables,actionability,2562.0,51105.0,53667
machine-learning,actionability,1771.0,51750.0,53521
flask,actionability,1778.0,51651.0,53429
sql-server-2008,actionability,2137.0,51251.0,53388
exception,actionability,2098.0,50946.0,53044
tkinter,actionability,2370.0,49950.0,52320
delphi,actionability,2214.0,49952.0,52166
nginx,actionability,1186.0,50864.0,52050
listview,actionability,2108.0,49586.0,51694
haskell,actionability,2146.0,49320.0,51466
debugging,actionability,1918.0,49301.0,51219
asynchronous,actionability,2441.0,48655.0,51096
jpa,actionability,1537.0,49547.0,51084
jsp,actionability,1899.0,48877.0,50776
web-scraping,actionability,1975.0,48672.0,50647
gradle,actionability,1324.0,49031.0,50355
batch-file,actionability,2240.0,47934.0,50174
generics,actionability,1959.0,47995.0,49954
xamarin,actionability,1585.0,48306.0,49891
pdf,actionability,1696.0,48019.0,49715
google-cloud-platform,actionability,1353.0,47974.0,49327
wcf,actionability,1605.0,47650.0,49255
amazon-s3,actionability,1528.0,47595.0,49123
ssl,actionability,1470.0,47536.0,49006
testing,actionability,1576.0,47197.0,48773
jenkins,actionability,1364.0,47167.0,48531
npm,actionability,1160.0,46345.0,47505
unix,actionability,1936.0,45425.0,47361
recursion,actionability,2073.0,45098.0,47171
ionic-framework,actionability,1018.0,45373.0,46391
network-programming,actionability,1733.0,44557.0,46290
google-app-engine,actionability,1449.0,44648.0,46097
visual-studio-2010,actionability,1730.0,43937.0,45667
mongoose,actionability,1334.0,44064.0,45398
assembly,actionability,2444.0,42574.0,45018
.net-core,actionability,1425.0,43344.0,44769
android-fragments,actionability,1814.0,42482.0,44296
math,actionability,2423.0,41851.0,44274
join,actionability,1579.0,42038.0,43617
winapi,actionability,2157.0,41280.0,43437
svg,actionability,1182.0,42218.0,43400
rust,actionability,1989.0,41254.0,43243
animation,actionability,1313.0,41927.0,43240
session,actionability,1917.0,41245.0,43162
intellij-idea,actionability,1277.0,41817.0,43094
django-models,actionability,1539.0,41486.0,43025
laravel-5,actionability,1251.0,41712.0,42963
curl,actionability,1470.0,41377.0,42847
hadoop,actionability,982.0,41771.0,42753
javascript,scope_ambiguity,3735.0,2478648.0,2482383
python,scope_ambiguity,3291.0,2167322.0,2170613
java,scope_ambiguity,3676.0,1882418.0,1886094
c#,scope_ambiguity,3922.0,1600171.0,1604093
php,scope_ambiguity,2261.0,1444200.0,1446461
android,scope_ambiguity,1620.0,1368142.0,1369762
html,scope_ambiguity,1561.0,1171833.0,1173394
jquery,scope_ambiguity,1247.0,1018622.0,1019869
c++,scope_ambiguity,2393.0,805792.0,808185
css,scope_ambiguity,1052.0,796764.0,797816
sql,scope_ambiguity,2204.0,669791.0,671995
ios,scope_ambiguity,990.0,667625.0,668615
mysql,scope_ambiguity,1162.0,652584.0,653746
r,scope_ambiguity,543.0,502487.0,503030
reactjs,scope_ambiguity,406.0,457594.0,458000
node.js,scope_ambiguity,494.0,454954.0,455448
arrays,scope_ambiguity,870.0,415419.0,416289
c,scope_ambiguity,1321.0,404817.0,406138
asp.net,scope_ambiguity,659.0,367282.0,367941
json,scope_ambiguity,418.0,355964.0,356382
.net,scope_ambiguity,936.0,334930.0,335866
sql-server,scope_ambiguity,1195.0,333703.0,334898
python-3.x,scope_ambiguity,453.0,334147.0,334600
ruby-on-rails,scope_ambiguity,367.0,332370.0,332737
swift,scope_ambiguity,558.0,327666.0,328224
django,scope_ambiguity,305.0,304858.0,305163
angular,scope_ambiguity,316.0,297901.0,298217
objective-c,scope_ambiguity,483.0,286984.0,287467
excel,scope_ambiguity,485.0,286567.0,287052
pandas,scope_ambiguity,270.0,286643.0,286913
regex,scope_ambiguity,904.0,259810.0,260714
angularjs,scope_ambiguity,246.0,255898.0,256144
typescript,scope_ambiguity,245.0,227026.0,227271
ruby,scope_ambiguity,334.0,226477.0,226811
linux,scope_ambiguity,408.0,223374.0,223782
ajax,scope_ambiguity,212.0,217442.0,217654
iphone,scope_ambiguity,322.0,216526.0,216848
vba,scope_ambiguity,369.0,214907.0,215276
xml,scope_ambiguity,284.0,211450.0,211734
laravel,scope_ambiguity,257.0,209020.0,209277
spring,scope_ambiguity,250.0,206390.0,206640
asp.net-mvc,scope_ambiguity,311.0,197809.0,198120
database,scope_ambiguity,499.0,191156.0,191655
wordpress,scope_ambiguity,219.0,184817.0,185036
string,scope_ambiguity,565.0,183989.0,184554
postgresql,scope_ambiguity,268.0,176118.0,176386
flutter,scope_ambiguity,198.0,171147.0,171345
mongodb,scope_ambiguity,178.0,170932.0,171110
wpf,scope_ambiguity,240.0,167427.0,167667
windows,scope_ambiguity,353.0,164057.0,164410
bash,scope_ambiguity,292.0,155929.0,156221
xcode,scope_ambiguity,202.0,154782.0,154984
amazon-web-services,scope_ambiguity,199.0,153671.0,153870
oracle-database,scope_ambiguity,380.0,151148.0,151528
git,scope_ambiguity,295.0,151203.0,151498
dataframe,scope_ambiguity,145.0,147598.0,147743
spring-boot,scope_ambiguity,144.0,145408.0,145552
azure,scope_ambiguity,202.0,142307.0,142509
list,scope_ambiguity,310.0,141127.0,141437
multithreading,scope_ambiguity,436.0,138900.0,139336
firebase,scope_ambiguity,189.0,138750.0,138939
vb.net,scope_ambiguity,280.0,138564.0,138844
docker,scope_ambiguity,132.0,134176.0,134308
react-native,scope_ambiguity,121.0,128232.0,128353
eclipse,scope_ambiguity,147.0,121957.0,122104
algorithm,scope_ambiguity,793.0,119859.0,120652
powershell,scope_ambiguity,152.0,118027.0,118179
macos,scope_ambiguity,159.0,114630.0,114789
numpy,scope_ambiguity,203.0,113887.0,114090
visual-studio,scope_ambiguity,197.0,113283.0,113480
forms,scope_ambiguity,145.0,111625.0,111770
image,scope_ambiguity,158.0,111223.0,111381
function,scope_ambiguity,221.0,110646.0,110867
scala,scope_ambiguity,219.0,110527.0,110746
vue.js,scope_ambiguity,92.0,104987.0,105079
twitter-bootstrap,scope_ambiguity,95.0,101321.0,101416
performance,scope_ambiguity,473.0,100685.0,101158
winforms,scope_ambiguity,241.0,98265.0,98506
selenium,scope_ambiguity,125.0,97969.0,98094
loops,scope_ambiguity,214.0,95976.0,96190
kotlin,scope_ambiguity,122.0,94294.0,94416
sqlite,scope_ambiguity,109.0,93676.0,93785
matlab,scope_ambiguity,154.0,93235.0,93389
python-2.7,scope_ambiguity,161.0,92921.0,93082
hibernate,scope_ambiguity,96.0,92744.0,92840
shell,scope_ambiguity,164.0,92280.0,92444
express,scope_ambiguity,80.0,92170.0,92250
dart,scope_ambiguity,135.0,91748.0,91883
entity-framework,scope_ambiguity,184.0,90307.0,90491
csv,scope_ambiguity,115.0,89484.0,89599
rest,scope_ambiguity,148.0,89231.0,89379
apache,scope_ambiguity,121.0,89162.0,89283
maven,scope_ambiguity,128.0,86957.0,87085
android-studio,scope_ambiguity,93.0,86669.0,86762
linq,scope_ambiguity,194.0,86263.0,86457
dictionary,scope_ambiguity,174.0,85582.0,85756
qt,scope_ambiguity,95.0,84667.0,84762
asp.net-core,scope_ambiguity,151.0,83819.0,83970
unit-testing,scope_ambiguity,151.0,83227.0,83378
facebook,scope_ambiguity,89.0,81755.0,81844
swing,scope_ambiguity,120.0,80980.0,81100
file,scope_ambiguity,158.0,80408.0,80566
class,scope_ambiguity,152.0,79320.0,79472
apache-spark,scope_ambiguity,86.0,79128.0,79214
tensorflow,scope_ambiguity,78.0,77763.0,77841
sorting,scope_ambiguity,180.0,76669.0,76849
date,scope_ambiguity,174.0,76540.0,76714
unity-game-engine,scope_ambiguity,121.0,74766.0,74887
t-sql,scope_ambiguity,295.0,73253.0,73548
go,scope_ambiguity,102.0,72666.0,72768
authentication,scope_ambiguity,106.0,72556.0,72662
symfony,scope_ambiguity,71.0,72575.0,72646
for-loop,scope_ambiguity,119.0,71653.0,71772
.htaccess,scope_ambiguity,99.0,71597.0,71696
matplotlib,scope_ambiguity,60.0,71414.0,71474
datetime,scope_ambiguity,186.0,70934.0,71120
opencv,scope_ambiguity,104.0,70802.0,70906
google-chrome,scope_ambiguity,108.0,69108.0,69216
codeigniter,scope_ambiguity,91.0,68515.0,68606
perl,scope_ambiguity,145.0,67888.0,68033
validation,scope_ambiguity,150.0,66325.0,66475
http,scope_ambiguity,143.0,66266.0,66409
sockets,scope_ambiguity,134.0,64729.0,64863
object,scope_ambiguity,126.0,64574.0,64700
google-maps,scope_ambiguity,68.0,64456.0,64524
uitableview,scope_ambiguity,93.0,63430.0,63523
xaml,scope_ambiguity,87.0,62131.0,62218
if-statement,scope_ambiguity,196.0,61820.0,62016
oop,scope_ambiguity,194.0,61801.0,61995
ubuntu,scope_ambiguity,64.0,58865.0,58929
cordova,scope_ambiguity,57.0,58172.0,58229
visual-studio-code,scope_ambiguity,73.0,58127.0,58200
email,scope_ambiguity,72.0,57893.0,57965
android-layout,scope_ambiguity,70.0,57651.0,57721
ms-access,scope_ambiguity,132.0,57564.0,57696
web-services,scope_ambiguity,101.0,57570.0,57671
spring-mvc,scope_ambiguity,62.0,57152.0,57214
ggplot2,scope_ambiguity,30.0,57162.0,57192
parsing,scope_ambiguity,135.0,56871.0,57006
pointers,scope_ambiguity,164.0,56770.0,56934
github,scope_ambiguity,103.0,56551.0,56654
user-interface,scope_ambiguity,105.0,56417.0,56522
kubernetes,scope_ambiguity,62.0,56451.0,56513
c++11,scope_ambiguity,229.0,56280.0,56509
selenium-webdriver,scope_ambiguity,69.0,56077.0,56146
google-sheets,scope_ambiguity,75.0,55934.0,56009
elasticsearch,scope_ambiguity,67.0,55864.0,55931
google-apps-script,scope_ambiguity,62.0,55173.0,55235
templates,scope_ambiguity,128.0,55078.0,55206
ruby-on-rails-3,scope_ambiguity,46.0,55045.0,55091
security,scope_ambiguity,162.0,54776.0,54938
variables,scope_ambiguity,108.0,53559.0,53667
machine-learning,scope_ambiguity,103.0,53418.0,53521
flask,scope_ambiguity,39.0,53390.0,53429
sql-server-2008,scope_ambiguity,180.0,53208.0,53388
exception,scope_ambiguity,182.0,52862.0,53044
tkinter,scope_ambiguity,52.0,52268.0,52320
delphi,scope_ambiguity,120.0,52046.0,52166
nginx,scope_ambiguity,48.0,52002.0,52050
listview,scope_ambiguity,45.0,51649.0,51694
haskell,scope_ambiguity,107.0,51359.0,51466
debugging,scope_ambiguity,103.0,51116.0,51219
asynchronous,scope_ambiguity,114.0,50982.0,51096
jpa,scope_ambiguity,62.0,51022.0,51084
jsp,scope_ambiguity,54.0,50722.0,50776
web-scraping,scope_ambiguity,33.0,50614.0,50647
gradle,scope_ambiguity,70.0,50285.0,50355
batch-file,scope_ambiguity,92.0,50082.0,50174
generics,scope_ambiguity,164.0,49790.0,49954
xamarin,scope_ambiguity,48.0,49843.0,49891
pdf,scope_ambiguity,70.0,49645.0,49715
google-cloud-platform,scope_ambiguity,56.0,49271.0,49327
wcf,scope_ambiguity,71.0,49184.0,49255
amazon-s3,scope_ambiguity,61.0,49062.0,49123
ssl,scope_ambiguity,67.0,48939.0,49006
testing,scope_ambiguity,84.0,48689.0,48773
jenkins,scope_ambiguity,43.0,48488.0,48531
npm,scope_ambiguity,40.0,47465.0,47505
unix,scope_ambiguity,103.0,47258.0,47361
recursion,scope_ambiguity,167.0,47004.0,47171
ionic-framework,scope_ambiguity,53.0,46338.0,46391
network-programming,scope_ambiguity,92.0,46198.0,46290
google-app-engine,scope_ambiguity,49.0,46048.0,46097
visual-studio-2010,scope_ambiguity,70.0,45597.0,45667
mongoose,scope_ambiguity,35.0,45363.0,45398
assembly,scope_ambiguity,182.0,44836.0,45018
.net-core,scope_ambiguity,73.0,44696.0,44769
android-fragments,scope_ambiguity,53.0,44243.0,44296
math,scope_ambiguity,226.0,44048.0,44274
join,scope_ambiguity,103.0,43514.0,43617
winapi,scope_ambiguity,108.0,43329.0,43437
svg,scope_ambiguity,48.0,43352.0,43400
rust,scope_ambiguity,78.0,43165.0,43243
animation,scope_ambiguity,50.0,43190.0,43240
session,scope_ambiguity,82.0,43080.0,43162
intellij-idea,scope_ambiguity,36.0,43058.0,43094
django-models,scope_ambiguity,46.0,42979.0,43025
laravel-5,scope_ambiguity,51.0,42912.0,42963
curl,scope_ambiguity,46.0,42801.0,42847
hadoop,scope_ambiguity,42.0,42711.0,42753
javascript,quantifier_distribution,1988.0,2480395.0,2482383
python,quantifier_distribution,2065.0,2168548.0,2170613
java,quantifier_distribution,1871.0,1884223.0,1886094
c#,quantifier_distribution,1726.0,1602367.0,1604093
php,quantifier_distribution,1297.0,1445164.0,1446461
android,quantifier_distribution,654.0,1369108.0,1369762
html,quantifier_distribution,909.0,1172485.0,1173394
jquery,quantifier_distribution,836.0,1019033.0,1019869
c++,quantifier_distribution,1141.0,807044.0,808185
css,quantifier_distribution,654.0,797162.0,797816
sql,quantifier_distribution,1281.0,670714.0,671995
ios,quantifier_distribution,439.0,668176.0,668615
mysql,quantifier_distribution,989.0,652757.0,653746
r,quantifier_distribution,579.0,502451.0,503030
reactjs,quantifier_distribution,242.0,457758.0,458000
node.js,quantifier_distribution,280.0,455168.0,455448
arrays,quantifier_distribution,548.0,415741.0,416289
c,quantifier_distribution,585.0,405553.0,406138
asp.net,quantifier_distribution,298.0,367643.0,367941
json,quantifier_distribution,227.0,356155.0,356382
.net,quantifier_distribution,409.0,335457.0,335866
sql-server,quantifier_distribution,639.0,334259.0,334898
python-3.x,quantifier_distribution,283.0,334317.0,334600
ruby-on-rails,quantifier_distribution,255.0,332482.0,332737
swift,quantifier_distribution,199.0,328025.0,328224
django,quantifier_distribution,189.0,304974.0,305163
angular,quantifier_distribution,145.0,298072.0,298217
objective-c,quantifier_distribution,222.0,287245.0,287467
excel,quantifier_distribution,462.0,286590.0,287052
pandas,quantifier_distribution,297.0,286616.0,286913
regex,quantifier_distribution,343.0,260371.0,260714
angularjs,quantifier_distribution,134.0,256010.0,256144
typescript,quantifier_distribution,110.0,227161.0,227271
ruby,quantifier_distribution,180.0,226631.0,226811
linux,quantifier_distribution,232.0,223550.0,223782
ajax,quantifier_distribution,155.0,217499.0,217654
iphone,quantifier_distribution,135.0,216713.0,216848
vba,quantifier_distribution,332.0,214944.0,215276
xml,quantifier_distribution,173.0,211561.0,211734
laravel,quantifier_distribution,144.0,209133.0,209277
spring,quantifier_distribution,131.0,206509.0,206640
asp.net-mvc,quantifier_distribution,160.0,197960.0,198120
database,quantifier_distribution,342.0,191313.0,191655
wordpress,quantifier_distribution,132.0,184904.0,185036
string,quantifier_distribution,215.0,184339.0,184554
postgresql,quantifier_distribution,218.0,176168.0,176386
flutter,quantifier_distribution,64.0,171281.0,171345
mongodb,quantifier_distribution,159.0,170951.0,171110
wpf,quantifier_distribution,141.0,167526.0,167667
windows,quantifier_distribution,147.0,164263.0,164410
bash,quantifier_distribution,148.0,156073.0,156221
xcode,quantifier_distribution,81.0,154903.0,154984
amazon-web-services,quantifier_distribution,125.0,153745.0,153870
oracle-database,quantifier_distribution,207.0,151321.0,151528
git,quantifier_distribution,178.0,151320.0,151498
dataframe,quantifier_distribution,158.0,147585.0,147743
spring-boot,quantifier_distribution,70.0,145482.0,145552
azure,quantifier_distribution,115.0,142394.0,142509
list,quantifier_distribution,214.0,141223.0,141437
multithreading,quantifier_distribution,322.0,139014.0,139336
firebase,quantifier_distribution,91.0,138848.0,138939
vb.net,quantifier_distribution,134.0,138710.0,138844
docker,quantifier_distribution,90.0,134218.0,134308
react-native,quantifier_distribution,38.0,128315.0,128353
eclipse,quantifier_distribution,84.0,122020.0,122104
algorithm,quantifier_distribution,578.0,120074.0,120652
powershell,quantifier_distribution,84.0,118095.0,118179
macos,quantifier_distribution,69.0,114720.0,114789
numpy,quantifier_distribution,143.0,113947.0,114090
visual-studio,quantifier_distribution,74.0,113406.0,113480
forms,quantifier_distribution,82.0,111688.0,111770
image,quantifier_distribution,84.0,111297.0,111381
function,quantifier_distribution,114.0,110753.0,110867
scala,quantifier_distribution,85.0,110661.0,110746
vue.js,quantifier_distribution,65.0,105014.0,105079
twitter-bootstrap,quantifier_distribution,68.0,101348.0,101416
performance,quantifier_distribution,312.0,100846.0,101158
winforms,quantifier_distribution,98.0,98408.0,98506
selenium,quantifier_distribution,37.0,98057.0,98094
loops,quantifier_distribution,145.0,96045.0,96190
kotlin,quantifier_distribution,41.0,94375.0,94416
sqlite,quantifier_distribution,90.0,93695.0,93785
matlab,quantifier_distribution,96.0,93293.0,93389
python-2.7,quantifier_distribution,70.0,93012.0,93082
hibernate,quantifier_distribution,53.0,92787.0,92840
shell,quantifier_distribution,92.0,92352.0,92444
express,quantifier_distribution,49.0,92201.0,92250
dart,quantifier_distribution,38.0,91845.0,91883
entity-framework,quantifier_distribution,98.0,90393.0,90491
csv,quantifier_distribution,123.0,89476.0,89599
rest,quantifier_distribution,85.0,89294.0,89379
apache,quantifier_distribution,61.0,89222.0,89283
maven,quantifier_distribution,54.0,87031.0,87085
android-studio,quantifier_distribution,33.0,86729.0,86762
linq,quantifier_distribution,128.0,86329.0,86457
dictionary,quantifier_distribution,130.0,85626.0,85756
qt,quantifier_distribution,62.0,84700.0,84762
asp.net-core,quantifier_distribution,66.0,83904.0,83970
unit-testing,quantifier_distribution,72.0,83306.0,83378
facebook,quantifier_distribution,54.0,81790.0,81844
swing,quantifier_distribution,74.0,81026.0,81100
file,quantifier_distribution,104.0,80462.0,80566
class,quantifier_distribution,131.0,79341.0,79472
apache-spark,quantifier_distribution,96.0,79118.0,79214
tensorflow,quantifier_distribution,62.0,77779.0,77841
sorting,quantifier_distribution,146.0,76703.0,76849
date,quantifier_distribution,65.0,76649.0,76714
unity-game-engine,quantifier_distribution,56.0,74831.0,74887
t-sql,quantifier_distribution,165.0,73383.0,73548
go,quantifier_distribution,50.0,72718.0,72768
authentication,quantifier_distribution,43.0,72619.0,72662
symfony,quantifier_distribution,34.0,72612.0,72646
for-loop,quantifier_distribution,98.0,71674.0,71772
.htaccess,quantifier_distribution,46.0,71650.0,71696
matplotlib,quantifier_distribution,57.0,71417.0,71474
datetime,quantifier_distribution,74.0,71046.0,71120
opencv,quantifier_distribution,62.0,70844.0,70906
google-chrome,quantifier_distribution,47.0,69169.0,69216
codeigniter,quantifier_distribution,45.0,68561.0,68606
perl,quantifier_distribution,90.0,67943.0,68033
validation,quantifier_distribution,51.0,66424.0,66475
http,quantifier_distribution,49.0,66360.0,66409
sockets,quantifier_distribution,79.0,64784.0,64863
object,quantifier_distribution,90.0,64610.0,64700
google-maps,quantifier_distribution,24.0,64500.0,64524
uitableview,quantifier_distribution,57.0,63466.0,63523
xaml,quantifier_distribution,45.0,62173.0,62218
if-statement,quantifier_distribution,70.0,61946.0,62016
oop,quantifier_distribution,135.0,61860.0,61995
ubuntu,quantifier_distribution,46.0,58883.0,58929
cordova,quantifier_distribution,8.0,58221.0,58229
visual-studio-code,quantifier_distribution,13.0,58187.0,58200
email,quantifier_distribution,42.0,57923.0,57965
android-layout,quantifier_distribution,41.0,57680.0,57721
ms-access,quantifier_distribution,99.0,57597.0,57696
web-services,quantifier_distribution,34.0,57637.0,57671
spring-mvc,quantifier_distribution,28.0,57186.0,57214
ggplot2,quantifier_distribution,74.0,57118.0,57192
parsing,quantifier_distribution,61.0,56945.0,57006
pointers,quantifier_distribution,69.0,56865.0,56934
github,quantifier_distribution,41.0,56613.0,56654
user-interface,quantifier_distribution,43.0,56479.0,56522
kubernetes,quantifier_distribution,35.0,56478.0,56513
c++11,quantifier_distribution,81.0,56428.0,56509
selenium-webdriver,quantifier_distribution,26.0,56120.0,56146
google-sheets,quantifier_distribution,59.0,55950.0,56009
elasticsearch,quantifier_distribution,46.0,55885.0,55931
google-apps-script,quantifier_distribution,63.0,55172.0,55235
templates,quantifier_distribution,45.0,55161.0,55206
ruby-on-rails-3,quantifier_distribution,37.0,55054.0,55091
security,quantifier_distribution,76.0,54862.0,54938
variables,quantifier_distribution,45.0,53622.0,53667
machine-learning,quantifier_distribution,73.0,53448.0,53521
flask,quantifier_distribution,22.0,53407.0,53429
sql-server-2008,quantifier_distribution,99.0,53289.0,53388
exception,quantifier_distribution,58.0,52986.0,53044
tkinter,quantifier_distribution,39.0,52281.0,52320
delphi,quantifier_distribution,66.0,52100.0,52166
nginx,quantifier_distribution,29.0,52021.0,52050
listview,quantifier_distribution,52.0,51642.0,51694
haskell,quantifier_distribution,88.0,51378.0,51466
debugging,quantifier_distribution,41.0,51178.0,51219
asynchronous,quantifier_distribution,66.0,51030.0,51096
jpa,quantifier_distribution,25.0,51059.0,51084
jsp,quantifier_distribution,18.0,50758.0,50776
web-scraping,quantifier_distribution,26.0,50621.0,50647
gradle,quantifier_distribution,21.0,50334.0,50355
batch-file,quantifier_distribution,49.0,50125.0,50174
generics,quantifier_distribution,56.0,49898.0,49954
xamarin,quantifier_distribution,26.0,49865.0,49891
pdf,quantifier_distribution,30.0,49685.0,49715
google-cloud-platform,quantifier_distribution,47.0,49280.0,49327
wcf,quantifier_distribution,32.0,49223.0,49255
amazon-s3,quantifier_distribution,42.0,49081.0,49123
ssl,quantifier_distribution,30.0,48976.0,49006
testing,quantifier_distribution,33.0,48740.0,48773
jenkins,quantifier_distribution,23.0,48508.0,48531
npm,quantifier_distribution,22.0,47483.0,47505
unix,quantifier_distribution,72.0,47289.0,47361
recursion,quantifier_distribution,91.0,47080.0,47171
ionic-framework,quantifier_distribution,13.0,46378.0,46391
network-programming,quantifier_distribution,50.0,46240.0,46290
google-app-engine,quantifier_distribution,53.0,46044.0,46097
visual-studio-2010,quantifier_distribution,28.0,45639.0,45667
mongoose,quantifier_distribution,33.0,45365.0,45398
assembly,quantifier_distribution,84.0,44934.0,45018
.net-core,quantifier_distribution,32.0,44737.0,44769
android-fragments,quantifier_distribution,24.0,44272.0,44296
math,quantifier_distribution,102.0,44172.0,44274
join,quantifier_distribution,86.0,43531.0,43617
winapi,quantifier_distribution,48.0,43389.0,43437
svg,quantifier_distribution,23.0,43377.0,43400
rust,quantifier_distribution,37.0,43206.0,43243
animation,quantifier_distribution,30.0,43210.0,43240
session,quantifier_distribution,43.0,43119.0,43162
intellij-idea,quantifier_distribution,24.0,43070.0,43094
django-models,quantifier_distribution,32.0,42993.0,43025
laravel-5,quantifier_distribution,28.0,42935.0,42963
curl,quantifier_distribution,18.0,42829.0,42847
hadoop,quantifier_distribution,61.0,42692.0,42753
javascript,logical_structure,109.0,2482274.0,2482383
python,logical_structure,69.0,2170544.0,2170613
java,logical_structure,91.0,1886003.0,1886094
c#,logical_structure,70.0,1604023.0,1604093
php,logical_structure,61.0,1446400.0,1446461
android,logical_structure,23.0,1369739.0,1369762
html,logical_structure,88.0,1173306.0,1173394
jquery,logical_structure,41.0,1019828.0,1019869
c++,logical_structure,36.0,808149.0,808185
css,logical_structure,124.0,797692.0,797816
sql,logical_structure,39.0,671956.0,671995
ios,logical_structure,21.0,668594.0,668615
mysql,logical_structure,42.0,653704.0,653746
r,logical_structure,15.0,503015.0,503030
reactjs,logical_structure,17.0,457983.0,458000
node.js,logical_structure,19.0,455429.0,455448
arrays,logical_structure,21.0,416268.0,416289
c,logical_structure,25.0,406113.0,406138
asp.net,logical_structure,18.0,367923.0,367941
json,logical_structure,10.0,356372.0,356382
.net,logical_structure,23.0,335843.0,335866
sql-server,logical_structure,17.0,334881.0,334898
python-3.x,logical_structure,16.0,334584.0,334600
ruby-on-rails,logical_structure,10.0,332727.0,332737
swift,logical_structure,14.0,328210.0,328224
django,logical_structure,10.0,305153.0,305163
angular,logical_structure,10.0,298207.0,298217
objective-c,logical_structure,22.0,287445.0,287467
excel,logical_structure,13.0,287039.0,287052
pandas,logical_structure,13.0,286900.0,286913
regex,logical_structure,6.0,260708.0,260714
angularjs,logical_structure,4.0,256140.0,256144
typescript,logical_structure,6.0,227265.0,227271
ruby,logical_structure,11.0,226800.0,226811
linux,logical_structure,18.0,223764.0,223782
ajax,logical_structure,4.0,217650.0,217654
iphone,logical_structure,8.0,216840.0,216848
vba,logical_structure,7.0,215269.0,215276
xml,logical_structure,12.0,211722.0,211734
laravel,logical_structure,8.0,209269.0,209277
spring,logical_structure,13.0,206627.0,206640
asp.net-mvc,logical_structure,12.0,198108.0,198120
database,logical_structure,9.0,191646.0,191655
wordpress,logical_structure,8.0,185028.0,185036
string,logical_structure,8.0,184546.0,184554
postgresql,logical_structure,10.0,176376.0,176386
flutter,logical_structure,2.0,171343.0,171345
mongodb,logical_structure,3.0,171107.0,171110
wpf,logical_structure,10.0,167657.0,167667
windows,logical_structure,4.0,164406.0,164410
bash,logical_structure,7.0,156214.0,156221
xcode,logical_structure,4.0,154980.0,154984
amazon-web-services,logical_structure,8.0,153862.0,153870
oracle-database,logical_structure,9.0,151519.0,151528
git,logical_structure,19.0,151479.0,151498
dataframe,logical_structure,5.0,147738.0,147743
spring-boot,logical_structure,15.0,145537.0,145552
azure,logical_structure,8.0,142501.0,142509
list,logical_structure,2.0,141435.0,141437
multithreading,logical_structure,11.0,139325.0,139336
firebase,logical_structure,1.0,138938.0,138939
vb.net,logical_structure,2.0,138842.0,138844
docker,logical_structure,5.0,134303.0,134308
react-native,logical_structure,1.0,128352.0,128353
eclipse,logical_structure,4.0,122100.0,122104
algorithm,logical_structure,10.0,120642.0,120652
powershell,logical_structure,9.0,118170.0,118179
macos,logical_structure,5.0,114784.0,114789
numpy,logical_structure,3.0,114087.0,114090
visual-studio,logical_structure,5.0,113475.0,113480
forms,logical_structure,6.0,111764.0,111770
image,logical_structure,1.0,111380.0,111381
function,logical_structure,6.0,110861.0,110867
scala,logical_structure,2.0,110744.0,110746
vue.js,logical_structure,4.0,105075.0,105079
twitter-bootstrap,logical_structure,6.0,101410.0,101416
performance,logical_structure,5.0,101153.0,101158
winforms,logical_structure,4.0,98502.0,98506
selenium,logical_structure,2.0,98092.0,98094
loops,logical_structure,5.0,96185.0,96190
kotlin,logical_structure,0.0,94416.0,94416
sqlite,logical_structure,2.0,93783.0,93785
matlab,logical_structure,5.0,93384.0,93389
python-2.7,logical_structure,5.0,93077.0,93082
hibernate,logical_structure,7.0,92833.0,92840
shell,logical_structure,9.0,92435.0,92444
express,logical_structure,6.0,92244.0,92250
dart,logical_structure,1.0,91882.0,91883
entity-framework,logical_structure,9.0,90482.0,90491
csv,logical_structure,2.0,89597.0,89599
rest,logical_structure,3.0,89376.0,89379
apache,logical_structure,10.0,89273.0,89283
maven,logical_structure,12.0,87073.0,87085
android-studio,logical_structure,1.0,86761.0,86762
linq,logical_structure,8.0,86449.0,86457
dictionary,logical_structure,5.0,85751.0,85756
qt,logical_structure,0.0,84762.0,84762
asp.net-core,logical_structure,2.0,83968.0,83970
unit-testing,logical_structure,5.0,83373.0,83378
facebook,logical_structure,2.0,81842.0,81844
swing,logical_structure,7.0,81093.0,81100
file,logical_structure,1.0,80565.0,80566
class,logical_structure,9.0,79463.0,79472
apache-spark,logical_structure,2.0,79212.0,79214
tensorflow,logical_structure,3.0,77838.0,77841
sorting,logical_structure,13.0,76836.0,76849
date,logical_structure,3.0,76711.0,76714
unity-game-engine,logical_structure,4.0,74883.0,74887
t-sql,logical_structure,6.0,73542.0,73548
go,logical_structure,4.0,72764.0,72768
authentication,logical_structure,1.0,72661.0,72662
symfony,logical_structure,2.0,72644.0,72646
for-loop,logical_structure,3.0,71769.0,71772
.htaccess,logical_structure,5.0,71691.0,71696
matplotlib,logical_structure,2.0,71472.0,71474
datetime,logical_structure,2.0,71118.0,71120
opencv,logical_structure,1.0,70905.0,70906
google-chrome,logical_structure,2.0,69214.0,69216
codeigniter,logical_structure,1.0,68605.0,68606
perl,logical_structure,7.0,68026.0,68033
validation,logical_structure,2.0,66473.0,66475
http,logical_structure,3.0,66406.0,66409
sockets,logical_structure,3.0,64860.0,64863
object,logical_structure,4.0,64696.0,64700
google-maps,logical_structure,0.0,64524.0,64524
uitableview,logical_structure,1.0,63522.0,63523
xaml,logical_structure,6.0,62212.0,62218
if-statement,logical_structure,5.0,62011.0,62016
oop,logical_structure,2.0,61993.0,61995
ubuntu,logical_structure,6.0,58923.0,58929
cordova,logical_structure,1.0,58228.0,58229
visual-studio-code,logical_structure,3.0,58197.0,58200
email,logical_structure,2.0,57963.0,57965
android-layout,logical_structure,6.0,57715.0,57721
ms-access,logical_structure,3.0,57693.0,57696
web-services,logical_structure,3.0,57668.0,57671
spring-mvc,logical_structure,3.0,57211.0,57214
ggplot2,logical_structure,4.0,57188.0,57192
parsing,logical_structure,2.0,57004.0,57006
pointers,logical_structure,3.0,56931.0,56934
github,logical_structure,4.0,56650.0,56654
user-interface,logical_structure,3.0,56519.0,56522
kubernetes,logical_structure,1.0,56512.0,56513
c++11,logical_structure,3.0,56506.0,56509
selenium-webdriver,logical_structure,2.0,56144.0,56146
google-sheets,logical_structure,4.0,56005.0,56009
elasticsearch,logical_structure,1.0,55930.0,55931
google-apps-script,logical_structure,1.0,55234.0,55235
templates,logical_structure,2.0,55204.0,55206
ruby-on-rails-3,logical_structure,4.0,55087.0,55091
security,logical_structure,5.0,54933.0,54938
variables,logical_structure,3.0,53664.0,53667
machine-learning,logical_structure,2.0,53519.0,53521
flask,logical_structure,2.0,53427.0,53429
sql-server-2008,logical_structure,2.0,53386.0,53388
exception,logical_structure,5.0,53039.0,53044
tkinter,logical_structure,2.0,52318.0,52320
delphi,logical_structure,7.0,52159.0,52166
nginx,logical_structure,6.0,52044.0,52050
listview,logical_structure,0.0,51694.0,51694
haskell,logical_structure,6.0,51460.0,51466
debugging,logical_structure,2.0,51217.0,51219
asynchronous,logical_structure,5.0,51091.0,51096
jpa,logical_structure,2.0,51082.0,51084
jsp,logical_structure,1.0,50775.0,50776
web-scraping,logical_structure,0.0,50647.0,50647
gradle,logical_structure,0.0,50355.0,50355
batch-file,logical_structure,1.0,50173.0,50174
generics,logical_structure,2.0,49952.0,49954
xamarin,logical_structure,2.0,49889.0,49891
pdf,logical_structure,1.0,49714.0,49715
google-cloud-platform,logical_structure,2.0,49325.0,49327
wcf,logical_structure,0.0,49255.0,49255
amazon-s3,logical_structure,3.0,49120.0,49123
ssl,logical_structure,4.0,49002.0,49006
testing,logical_structure,2.0,48771.0,48773
jenkins,logical_structure,2.0,48529.0,48531
npm,logical_structure,4.0,47501.0,47505
unix,logical_structure,5.0,47356.0,47361
recursion,logical_structure,3.0,47168.0,47171
ionic-framework,logical_structure,0.0,46391.0,46391
network-programming,logical_structure,2.0,46288.0,46290
google-app-engine,logical_structure,2.0,46095.0,46097
visual-studio-2010,logical_structure,4.0,45663.0,45667
mongoose,logical_structure,2.0,45396.0,45398
assembly,logical_structure,5.0,45013.0,45018
.net-core,logical_structure,3.0,44766.0,44769
android-fragments,logical_structure,0.0,44296.0,44296
math,logical_structure,3.0,44271.0,44274
join,logical_structure,4.0,43613.0,43617
winapi,logical_structure,3.0,43434.0,43437
svg,logical_structure,5.0,43395.0,43400
rust,logical_structure,2.0,43241.0,43243
animation,logical_structure,1.0,43239.0,43240
session,logical_structure,2.0,43160.0,43162
intellij-idea,logical_structure,2.0,43092.0,43094
django-models,logical_structure,1.0,43024.0,43025
laravel-5,logical_structure,1.0,42962.0,42963
curl,logical_structure,2.0,42845.0,42847
hadoop,logical_structure,2.0,42751.0,42753
javascript,epistemic,15847.0,2466536.0,2482383
python,epistemic,16187.0,2154426.0,2170613
java,epistemic,18330.0,1867764.0,1886094
c#,epistemic,16057.0,1588036.0,1604093
php,epistemic,12283.0,1434178.0,1446461
android,epistemic,9289.0,1360473.0,1369762
html,epistemic,5733.0,1167661.0,1173394
jquery,epistemic,6507.0,1013362.0,1019869
c++,epistemic,11326.0,796859.0,808185
css,epistemic,2897.0,794919.0,797816
sql,epistemic,6847.0,665148.0,671995
ios,epistemic,4876.0,663739.0,668615
mysql,epistemic,6142.0,647604.0,653746
r,epistemic,2224.0,500806.0,503030
reactjs,epistemic,2324.0,455676.0,458000
node.js,epistemic,2941.0,452507.0,455448
arrays,epistemic,3797.0,412492.0,416289
c,epistemic,7056.0,399082.0,406138
asp.net,epistemic,2840.0,365101.0,367941
json,epistemic,2732.0,353650.0,356382
.net,epistemic,3274.0,332592.0,335866
sql-server,epistemic,3529.0,331369.0,334898
python-3.x,epistemic,2202.0,332398.0,334600
ruby-on-rails,epistemic,1993.0,330744.0,332737
swift,epistemic,2281.0,325943.0,328224
django,epistemic,2071.0,303092.0,305163
angular,epistemic,1522.0,296695.0,298217
objective-c,epistemic,2637.0,284830.0,287467
excel,epistemic,1948.0,285104.0,287052
pandas,epistemic,1273.0,285640.0,286913
regex,epistemic,2092.0,258622.0,260714
angularjs,epistemic,1289.0,254855.0,256144
typescript,epistemic,1159.0,226112.0,227271
ruby,epistemic,1627.0,225184.0,226811
linux,epistemic,2294.0,221488.0,223782
ajax,epistemic,2014.0,215640.0,217654
iphone,epistemic,1601.0,215247.0,216848
vba,epistemic,1595.0,213681.0,215276
xml,epistemic,1372.0,210362.0,211734
laravel,epistemic,1351.0,207926.0,209277
spring,epistemic,1633.0,205007.0,206640
asp.net-mvc,epistemic,1383.0,196737.0,198120
database,epistemic,1574.0,190081.0,191655
wordpress,epistemic,858.0,184178.0,185036
string,epistemic,1937.0,182617.0,184554
postgresql,epistemic,1353.0,175033.0,176386
flutter,epistemic,583.0,170762.0,171345
mongodb,epistemic,932.0,170178.0,171110
wpf,epistemic,1122.0,166545.0,167667
windows,epistemic,1469.0,162941.0,164410
bash,epistemic,1324.0,154897.0,156221
xcode,epistemic,1006.0,153978.0,154984
amazon-web-services,epistemic,1046.0,152824.0,153870
oracle-database,epistemic,1793.0,149735.0,151528
git,epistemic,970.0,150528.0,151498
dataframe,epistemic,595.0,147148.0,147743
spring-boot,epistemic,981.0,144571.0,145552
azure,epistemic,566.0,141943.0,142509
list,epistemic,1169.0,140268.0,141437
multithreading,epistemic,2085.0,137251.0,139336
firebase,epistemic,894.0,138045.0,138939
vb.net,epistemic,1183.0,137661.0,138844
docker,epistemic,881.0,133427.0,134308
react-native,epistemic,472.0,127881.0,128353
eclipse,epistemic,769.0,121335.0,122104
algorithm,epistemic,2102.0,118550.0,120652
powershell,epistemic,723.0,117456.0,118179
macos,epistemic,757.0,114032.0,114789
numpy,epistemic,867.0,113223.0,114090
visual-studio,epistemic,752.0,112728.0,113480
forms,epistemic,637.0,111133.0,111770
image,epistemic,740.0,110641.0,111381
function,epistemic,865.0,110002.0,110867
scala,epistemic,725.0,110021.0,110746
vue.js,epistemic,505.0,104574.0,105079
twitter-bootstrap,epistemic,332.0,101084.0,101416
performance,epistemic,1483.0,99675.0,101158
winforms,epistemic,862.0,97644.0,98506
selenium,epistemic,774.0,97320.0,98094
loops,epistemic,821.0,95369.0,96190
kotlin,epistemic,553.0,93863.0,94416
sqlite,epistemic,839.0,92946.0,93785
matlab,epistemic,850.0,92539.0,93389
python-2.7,epistemic,743.0,92339.0,93082
hibernate,epistemic,893.0,91947.0,92840
shell,epistemic,774.0,91670.0,92444
express,epistemic,622.0,91628.0,92250
dart,epistemic,339.0,91544.0,91883
entity-framework,epistemic,797.0,89694.0,90491
csv,epistemic,767.0,88832.0,89599
rest,epistemic,597.0,88782.0,89379
apache,epistemic,639.0,88644.0,89283
maven,epistemic,555.0,86530.0,87085
android-studio,epistemic,432.0,86330.0,86762
linq,epistemic,981.0,85476.0,86457
dictionary,epistemic,778.0,84978.0,85756
qt,epistemic,772.0,83990.0,84762
asp.net-core,epistemic,500.0,83470.0,83970
unit-testing,epistemic,537.0,82841.0,83378
facebook,epistemic,425.0,81419.0,81844
swing,epistemic,600.0,80500.0,81100
file,epistemic,947.0,79619.0,80566
class,epistemic,658.0,78814.0,79472
apache-spark,epistemic,499.0,78715.0,79214
tensorflow,epistemic,452.0,77389.0,77841
sorting,epistemic,760.0,76089.0,76849
date,epistemic,680.0,76034.0,76714
unity-game-engine,epistemic,614.0,74273.0,74887
t-sql,epistemic,834.0,72714.0,73548
go,epistemic,409.0,72359.0,72768
authentication,epistemic,481.0,72181.0,72662
symfony,epistemic,543.0,72103.0,72646
for-loop,epistemic,680.0,71092.0,71772
.htaccess,epistemic,385.0,71311.0,71696
matplotlib,epistemic,312.0,71162.0,71474
datetime,epistemic,663.0,70457.0,71120
opencv,epistemic,630.0,70276.0,70906
google-chrome,epistemic,401.0,68815.0,69216
codeigniter,epistemic,416.0,68190.0,68606
perl,epistemic,708.0,67325.0,68033
validation,epistemic,371.0,66104.0,66475
http,epistemic,575.0,65834.0,66409
sockets,epistemic,1026.0,63837.0,64863
object,epistemic,534.0,64166.0,64700
google-maps,epistemic,290.0,64234.0,64524
uitableview,epistemic,487.0,63036.0,63523
xaml,epistemic,344.0,61874.0,62218
if-statement,epistemic,560.0,61456.0,62016
oop,epistemic,516.0,61479.0,61995
ubuntu,epistemic,439.0,58490.0,58929
cordova,epistemic,254.0,57975.0,58229
visual-studio-code,epistemic,244.0,57956.0,58200
email,epistemic,480.0,57485.0,57965
android-layout,epistemic,257.0,57464.0,57721
ms-access,epistemic,458.0,57238.0,57696
web-services,epistemic,387.0,57284.0,57671
spring-mvc,epistemic,395.0,56819.0,57214
ggplot2,epistemic,136.0,57056.0,57192
parsing,epistemic,517.0,56489.0,57006
pointers,epistemic,888.0,56046.0,56934
github,epistemic,285.0,56369.0,56654
user-interface,epistemic,277.0,56245.0,56522
kubernetes,epistemic,272.0,56241.0,56513
c++11,epistemic,774.0,55735.0,56509
selenium-webdriver,epistemic,445.0,55701.0,56146
google-sheets,epistemic,232.0,55777.0,56009
elasticsearch,epistemic,374.0,55557.0,55931
google-apps-script,epistemic,312.0,54923.0,55235
templates,epistemic,423.0,54783.0,55206
ruby-on-rails-3,epistemic,311.0,54780.0,55091
security,epistemic,472.0,54466.0,54938
variables,epistemic,429.0,53238.0,53667
machine-learning,epistemic,364.0,53157.0,53521
flask,epistemic,340.0,53089.0,53429
sql-server-2008,epistemic,547.0,52841.0,53388
exception,epistemic,703.0,52341.0,53044
tkinter,epistemic,250.0,52070.0,52320
delphi,epistemic,699.0,51467.0,52166
nginx,epistemic,325.0,51725.0,52050
listview,epistemic,294.0,51400.0,51694
haskell,epistemic,426.0,51040.0,51466
debugging,epistemic,466.0,50753.0,51219
asynchronous,epistemic,548.0,50548.0,51096
jpa,epistemic,490.0,50594.0,51084
jsp,epistemic,384.0,50392.0,50776
web-scraping,epistemic,445.0,50202.0,50647
gradle,epistemic,282.0,50073.0,50355
batch-file,epistemic,405.0,49769.0,50174
generics,epistemic,441.0,49513.0,49954
xamarin,epistemic,272.0,49619.0,49891
pdf,epistemic,345.0,49370.0,49715
google-cloud-platform,epistemic,317.0,49010.0,49327
wcf,epistemic,381.0,48874.0,49255
amazon-s3,epistemic,352.0,48771.0,49123
ssl,epistemic,417.0,48589.0,49006
testing,epistemic,302.0,48471.0,48773
jenkins,epistemic,245.0,48286.0,48531
npm,epistemic,204.0,47301.0,47505
unix,epistemic,451.0,46910.0,47361
recursion,epistemic,512.0,46659.0,47171
ionic-framework,epistemic,199.0,46192.0,46391
network-programming,epistemic,477.0,45813.0,46290
google-app-engine,epistemic,296.0,45801.0,46097
visual-studio-2010,epistemic,340.0,45327.0,45667
mongoose,epistemic,256.0,45142.0,45398
assembly,epistemic,717.0,44301.0,45018
.net-core,epistemic,320.0,44449.0,44769
android-fragments,epistemic,288.0,44008.0,44296
math,epistemic,606.0,43668.0,44274
join,epistemic,393.0,43224.0,43617
winapi,epistemic,621.0,42816.0,43437
svg,epistemic,160.0,43240.0,43400
rust,epistemic,236.0,43007.0,43243
animation,epistemic,150.0,43090.0,43240
session,epistemic,446.0,42716.0,43162
intellij-idea,epistemic,229.0,42865.0,43094
django-models,epistemic,243.0,42782.0,43025
laravel-5,epistemic,257.0,42706.0,42963
curl,epistemic,391.0,42456.0,42847
hadoop,epistemic,254.0,42499.0,42753
javascript,comparison_measurement,6858.0,2475525.0,2482383
python,comparison_measurement,7577.0,2163036.0,2170613
java,comparison_measurement,6231.0,1879863.0,1886094
c#,comparison_measurement,6238.0,1597855.0,1604093
php,comparison_measurement,3802.0,1442659.0,1446461
android,comparison_measurement,2660.0,1367102.0,1369762
html,comparison_measurement,3038.0,1170356.0,1173394
jquery,comparison_measurement,2594.0,1017275.0,1019869
c++,comparison_measurement,5186.0,802999.0,808185
css,comparison_measurement,2174.0,795642.0,797816
sql,comparison_measurement,2384.0,669611.0,671995
ios,comparison_measurement,1630.0,666985.0,668615
mysql,comparison_measurement,1970.0,651776.0,653746
r,comparison_measurement,1647.0,501383.0,503030
reactjs,comparison_measurement,769.0,457231.0,458000
node.js,comparison_measurement,1067.0,454381.0,455448
arrays,comparison_measurement,1908.0,414381.0,416289
c,comparison_measurement,2904.0,403234.0,406138
asp.net,comparison_measurement,942.0,366999.0,367941
json,comparison_measurement,935.0,355447.0,356382
.net,comparison_measurement,1524.0,334342.0,335866
sql-server,comparison_measurement,1369.0,333529.0,334898
python-3.x,comparison_measurement,1044.0,333556.0,334600
ruby-on-rails,comparison_measurement,790.0,331947.0,332737
swift,comparison_measurement,827.0,327397.0,328224
django,comparison_measurement,548.0,304615.0,305163
angular,comparison_measurement,428.0,297789.0,298217
objective-c,comparison_measurement,806.0,286661.0,287467
excel,comparison_measurement,1070.0,285982.0,287052
pandas,comparison_measurement,845.0,286068.0,286913
regex,comparison_measurement,1146.0,259568.0,260714
angularjs,comparison_measurement,521.0,255623.0,256144
typescript,comparison_measurement,537.0,226734.0,227271
ruby,comparison_measurement,761.0,226050.0,226811
linux,comparison_measurement,866.0,222916.0,223782
ajax,comparison_measurement,545.0,217109.0,217654
iphone,comparison_measurement,531.0,216317.0,216848
vba,comparison_measurement,921.0,214355.0,215276
xml,comparison_measurement,598.0,211136.0,211734
laravel,comparison_measurement,308.0,208969.0,209277
spring,comparison_measurement,330.0,206310.0,206640
asp.net-mvc,comparison_measurement,521.0,197599.0,198120
database,comparison_measurement,625.0,191030.0,191655
wordpress,comparison_measurement,289.0,184747.0,185036
string,comparison_measurement,983.0,183571.0,184554
postgresql,comparison_measurement,470.0,175916.0,176386
flutter,comparison_measurement,206.0,171139.0,171345
mongodb,comparison_measurement,417.0,170693.0,171110
wpf,comparison_measurement,461.0,167206.0,167667
windows,comparison_measurement,572.0,163838.0,164410
bash,comparison_measurement,640.0,155581.0,156221
xcode,comparison_measurement,328.0,154656.0,154984
amazon-web-services,comparison_measurement,330.0,153540.0,153870
oracle-database,comparison_measurement,468.0,151060.0,151528
git,comparison_measurement,557.0,150941.0,151498
dataframe,comparison_measurement,404.0,147339.0,147743
spring-boot,comparison_measurement,208.0,145344.0,145552
azure,comparison_measurement,303.0,142206.0,142509
list,comparison_measurement,644.0,140793.0,141437
multithreading,comparison_measurement,848.0,138488.0,139336
firebase,comparison_measurement,454.0,138485.0,138939
vb.net,comparison_measurement,551.0,138293.0,138844
docker,comparison_measurement,246.0,134062.0,134308
react-native,comparison_measurement,141.0,128212.0,128353
eclipse,comparison_measurement,272.0,121832.0,122104
algorithm,comparison_measurement,1150.0,119502.0,120652
powershell,comparison_measurement,459.0,117720.0,118179
macos,comparison_measurement,293.0,114496.0,114789
numpy,comparison_measurement,629.0,113461.0,114090
visual-studio,comparison_measurement,337.0,113143.0,113480
forms,comparison_measurement,258.0,111512.0,111770
image,comparison_measurement,333.0,111048.0,111381
function,comparison_measurement,468.0,110399.0,110867
scala,comparison_measurement,391.0,110355.0,110746
vue.js,comparison_measurement,165.0,104914.0,105079
twitter-bootstrap,comparison_measurement,197.0,101219.0,101416
performance,comparison_measurement,1139.0,100019.0,101158
winforms,comparison_measurement,353.0,98153.0,98506
selenium,comparison_measurement,178.0,97916.0,98094
loops,comparison_measurement,450.0,95740.0,96190
kotlin,comparison_measurement,207.0,94209.0,94416
sqlite,comparison_measurement,211.0,93574.0,93785
matlab,comparison_measurement,449.0,92940.0,93389
python-2.7,comparison_measurement,326.0,92756.0,93082
hibernate,comparison_measurement,166.0,92674.0,92840
shell,comparison_measurement,336.0,92108.0,92444
express,comparison_measurement,180.0,92070.0,92250
dart,comparison_measurement,140.0,91743.0,91883
entity-framework,comparison_measurement,273.0,90218.0,90491
csv,comparison_measurement,351.0,89248.0,89599
rest,comparison_measurement,223.0,89156.0,89379
apache,comparison_measurement,205.0,89078.0,89283
maven,comparison_measurement,165.0,86920.0,87085
android-studio,comparison_measurement,168.0,86594.0,86762
linq,comparison_measurement,416.0,86041.0,86457
dictionary,comparison_measurement,429.0,85327.0,85756
qt,comparison_measurement,248.0,84514.0,84762
asp.net-core,comparison_measurement,207.0,83763.0,83970
unit-testing,comparison_measurement,277.0,83101.0,83378
facebook,comparison_measurement,132.0,81712.0,81844
swing,comparison_measurement,228.0,80872.0,81100
file,comparison_measurement,325.0,80241.0,80566
class,comparison_measurement,346.0,79126.0,79472
apache-spark,comparison_measurement,161.0,79053.0,79214
tensorflow,comparison_measurement,156.0,77685.0,77841
sorting,comparison_measurement,408.0,76441.0,76849
date,comparison_measurement,284.0,76430.0,76714
unity-game-engine,comparison_measurement,210.0,74677.0,74887
t-sql,comparison_measurement,374.0,73174.0,73548
go,comparison_measurement,299.0,72469.0,72768
authentication,comparison_measurement,158.0,72504.0,72662
symfony,comparison_measurement,101.0,72545.0,72646
for-loop,comparison_measurement,362.0,71410.0,71772
.htaccess,comparison_measurement,142.0,71554.0,71696
matplotlib,comparison_measurement,197.0,71277.0,71474
datetime,comparison_measurement,262.0,70858.0,71120
opencv,comparison_measurement,203.0,70703.0,70906
google-chrome,comparison_measurement,140.0,69076.0,69216
codeigniter,comparison_measurement,109.0,68497.0,68606
perl,comparison_measurement,429.0,67604.0,68033
validation,comparison_measurement,181.0,66294.0,66475
http,comparison_measurement,172.0,66237.0,66409
sockets,comparison_measurement,297.0,64566.0,64863
object,comparison_measurement,245.0,64455.0,64700
google-maps,comparison_measurement,94.0,64430.0,64524
uitableview,comparison_measurement,150.0,63373.0,63523
xaml,comparison_measurement,156.0,62062.0,62218
if-statement,comparison_measurement,274.0,61742.0,62016
oop,comparison_measurement,382.0,61613.0,61995
ubuntu,comparison_measurement,111.0,58818.0,58929
cordova,comparison_measurement,87.0,58142.0,58229
visual-studio-code,comparison_measurement,119.0,58081.0,58200
email,comparison_measurement,142.0,57823.0,57965
android-layout,comparison_measurement,110.0,57611.0,57721
ms-access,comparison_measurement,238.0,57458.0,57696
web-services,comparison_measurement,146.0,57525.0,57671
spring-mvc,comparison_measurement,117.0,57097.0,57214
ggplot2,comparison_measurement,161.0,57031.0,57192
parsing,comparison_measurement,261.0,56745.0,57006
pointers,comparison_measurement,355.0,56579.0,56934
github,comparison_measurement,139.0,56515.0,56654
user-interface,comparison_measurement,194.0,56328.0,56522
kubernetes,comparison_measurement,105.0,56408.0,56513
c++11,comparison_measurement,429.0,56080.0,56509
selenium-webdriver,comparison_measurement,90.0,56056.0,56146
google-sheets,comparison_measurement,155.0,55854.0,56009
elasticsearch,comparison_measurement,100.0,55831.0,55931
google-apps-script,comparison_measurement,146.0,55089.0,55235
templates,comparison_measurement,303.0,54903.0,55206
ruby-on-rails-3,comparison_measurement,142.0,54949.0,55091
security,comparison_measurement,272.0,54666.0,54938
variables,comparison_measurement,233.0,53434.0,53667
machine-learning,comparison_measurement,174.0,53347.0,53521
flask,comparison_measurement,85.0,53344.0,53429
sql-server-2008,comparison_measurement,217.0,53171.0,53388
exception,comparison_measurement,228.0,52816.0,53044
tkinter,comparison_measurement,200.0,52120.0,52320
delphi,comparison_measurement,306.0,51860.0,52166
nginx,comparison_measurement,74.0,51976.0,52050
listview,comparison_measurement,94.0,51600.0,51694
haskell,comparison_measurement,413.0,51053.0,51466
debugging,comparison_measurement,157.0,51062.0,51219
asynchronous,comparison_measurement,205.0,50891.0,51096
jpa,comparison_measurement,101.0,50983.0,51084
jsp,comparison_measurement,95.0,50681.0,50776
web-scraping,comparison_measurement,146.0,50501.0,50647
gradle,comparison_measurement,89.0,50266.0,50355
batch-file,comparison_measurement,158.0,50016.0,50174
generics,comparison_measurement,287.0,49667.0,49954
xamarin,comparison_measurement,93.0,49798.0,49891
pdf,comparison_measurement,140.0,49575.0,49715
google-cloud-platform,comparison_measurement,104.0,49223.0,49327
wcf,comparison_measurement,129.0,49126.0,49255
amazon-s3,comparison_measurement,100.0,49023.0,49123
ssl,comparison_measurement,112.0,48894.0,49006
testing,comparison_measurement,135.0,48638.0,48773
jenkins,comparison_measurement,75.0,48456.0,48531
npm,comparison_measurement,82.0,47423.0,47505
unix,comparison_measurement,174.0,47187.0,47361
recursion,comparison_measurement,264.0,46907.0,47171
ionic-framework,comparison_measurement,51.0,46340.0,46391
network-programming,comparison_measurement,160.0,46130.0,46290
google-app-engine,comparison_measurement,100.0,45997.0,46097
visual-studio-2010,comparison_measurement,162.0,45505.0,45667
mongoose,comparison_measurement,95.0,45303.0,45398
assembly,comparison_measurement,418.0,44600.0,45018
.net-core,comparison_measurement,131.0,44638.0,44769
android-fragments,comparison_measurement,68.0,44228.0,44296
math,comparison_measurement,387.0,43887.0,44274
join,comparison_measurement,168.0,43449.0,43617
winapi,comparison_measurement,226.0,43211.0,43437
svg,comparison_measurement,107.0,43293.0,43400
rust,comparison_measurement,194.0,43049.0,43243
animation,comparison_measurement,117.0,43123.0,43240
session,comparison_measurement,117.0,43045.0,43162
intellij-idea,comparison_measurement,85.0,43009.0,43094
django-models,comparison_measurement,77.0,42948.0,43025
laravel-5,comparison_measurement,70.0,42893.0,42963
curl,comparison_measurement,91.0,42756.0,42847
hadoop,comparison_measurement,94.0,42659.0,42753
