topic,category,std_residual,track,significant,direction
javascript,comprehension_failure,23.758968795331445,tags,TRUE,over_represented
python,comprehension_failure,2.9392531550100722,tags,TRUE,over_represented
java,comprehension_failure,-14.161853147729527,tags,TRUE,under_represented
c#,comprehension_failure,-2.600143477129886,tags,TRUE,under_represented
php,comprehension_failure,-8.18621461108989,tags,TRUE,under_represented
android,comprehension_failure,-25.291340635399905,tags,TRUE,under_represented
html,comprehension_failure,34.471705649833766,tags,TRUE,over_represented
jquery,comprehension_failure,18.84085164111308,tags,TRUE,over_represented
c++,comprehension_failure,26.916659963257604,tags,TRUE,over_represented
css,comprehension_failure,48.75963166726906,tags,TRUE,over_represented
sql,comprehension_failure,-6.473455025415026,tags,TRUE,under_represented
ios,comprehension_failure,-11.964260954882626,tags,TRUE,under_represented
mysql,comprehension_failure,-9.506379902001942,tags,TRUE,under_represented
r,comprehension_failure,25.728963176627264,tags,TRUE,over_represented
reactjs,comprehension_failure,-9.733889337750313,tags,TRUE,under_represented
node.js,comprehension_failure,-19.74490000118154,tags,TRUE,under_represented
arrays,comprehension_failure,8.162805747616884,tags,TRUE,over_represented
c,comprehension_failure,11.794105555412052,tags,TRUE,over_represented
asp.net,comprehension_failure,-10.006469292105038,tags,TRUE,under_represented
json,comprehension_failure,-21.428852183808807,tags,TRUE,under_represented
.net,comprehension_failure,4.3428480020757325,tags,TRUE,over_represented
sql-server,comprehension_failure,-13.1435312300053,tags,TRUE,under_represented
python-3.x,comprehension_failure,1.0559163262688112,tags,FALSE,not_significant
ruby-on-rails,comprehension_failure,-16.809528725179376,tags,TRUE,under_represented
swift,comprehension_failure,-10.577662393954798,tags,TRUE,under_represented
django,comprehension_failure,-17.432580601845018,tags,TRUE,under_represented
angular,comprehension_failure,-7.661371052814222,tags,TRUE,under_represented
objective-c,comprehension_failure,-2.9965445738347287,tags,TRUE,under_represented
excel,comprehension_failure,4.083384392970637,tags,TRUE,over_represented
pandas,comprehension_failure,-5.481872120428147,tags,TRUE,under_represented
regex,comprehension_failure,27.06293208082452,tags,TRUE,over_represented
angularjs,comprehension_failure,-2.7744894474412796,tags,TRUE,under_represented
typescript,comprehension_failure,3.3721141986119045,tags,TRUE,over_represented
ruby,comprehension_failure,-1.51261194117787,tags,FALSE,not_significant
linux,comprehension_failure,-0.35224642873862144,tags,FALSE,not_significant
ajax,comprehension_failure,-9.371776972576864,tags,TRUE,under_represented
iphone,comprehension_failure,-0.194779725886392,tags,FALSE,not_significant
vba,comprehension_failure,3.4984640860799883,tags,TRUE,over_represented
xml,comprehension_failure,-7.086642540534552,tags,TRUE,under_represented
laravel,comprehension_failure,-16.814307935891556,tags,TRUE,under_represented
spring,comprehension_failure,-16.452127842165353,tags,TRUE,under_represented
asp.net-mvc,comprehension_failure,-10.050857107274965,tags,TRUE,under_represented
database,comprehension_failure,-3.0713163483590185,tags,TRUE,under_represented
wordpress,comprehension_failure,-0.6312126007851105,tags,FALSE,not_significant
string,comprehension_failure,8.116797340801307,tags,TRUE,over_represented
postgresql,comprehension_failure,-3.3681029456838125,tags,TRUE,under_represented
flutter,comprehension_failure,-14.815327053633773,tags,TRUE,under_represented
mongodb,comprehension_failure,-8.701473028385871,tags,TRUE,under_represented
wpf,comprehension_failure,1.6129825475356427,tags,FALSE,not_significant
windows,comprehension_failure,-0.7343822306513182,tags,FALSE,not_significant
bash,comprehension_failure,5.734828811639132,tags,TRUE,over_represented
xcode,comprehension_failure,-7.631259327716661,tags,TRUE,under_represented
amazon-web-services,comprehension_failure,-8.358068024091418,tags,TRUE,under_represented
oracle-database,comprehension_failure,-3.205260344611693,tags,TRUE,under_represented
git,comprehension_failure,5.029965374266227,tags,TRUE,over_represented
dataframe,comprehension_failure,-0.32703114162786057,tags,FALSE,not_significant
spring-boot,comprehension_failure,-15.982700212598223,tags,TRUE,under_represented
azure,comprehension_failure,-8.334174584026343,tags,TRUE,under_represented
list,comprehension_failure,8.590286930194123,tags,TRUE,over_represented
multithreading,comprehension_failure,6.454792427504112,tags,TRUE,over_represented
firebase,comprehension_failure,-16.751189853698346,tags,TRUE,under_represented
vb.net,comprehension_failure,-5.754925941632664,tags,TRUE,under_represented
docker,comprehension_failure,-14.983857347997628,tags,TRUE,under_represented
react-native,comprehension_failure,-11.15824358455256,tags,TRUE,under_represented
eclipse,comprehension_failure,-2.561137546219785,tags,TRUE,under_represented
algorithm,comprehension_failure,14.758234955610263,tags,TRUE,over_represented
powershell,comprehension_failure,-4.66222665214553,tags,TRUE,under_represented
macos,comprehension_failure,-6.50589006685509,tags,TRUE,under_represented
numpy,comprehension_failure,11.20009471536022,tags,TRUE,over_represented
visual-studio,comprehension_failure,1.739287167722311,tags,FALSE,not_significant
forms,comprehension_failure,-0.7071932211299956,tags,FALSE,not_significant
image,comprehension_failure,2.1950137504645033,tags,TRUE,over_represented
function,comprehension_failure,10.06341214200615,tags,TRUE,over_represented
scala,comprehension_failure,4.326381249761781,tags,TRUE,over_represented
vue.js,comprehension_failure,0.8435896162927186,tags,FALSE,not_significant
twitter-bootstrap,comprehension_failure,7.716643172599989,tags,TRUE,over_represented
performance,comprehension_failure,-2.4317655031964684,tags,TRUE,under_represented
winforms,comprehension_failure,1.0600542463074891,tags,FALSE,not_significant
selenium,comprehension_failure,-20.16582747007138,tags,TRUE,under_represented
loops,comprehension_failure,3.833034876802333,tags,TRUE,over_represented
kotlin,comprehension_failure,-1.3348149357817363,tags,FALSE,not_significant
sqlite,comprehension_failure,-6.899712695672607,tags,TRUE,under_represented
matlab,comprehension_failure,16.3402846103263,tags,TRUE,over_represented
python-2.7,comprehension_failure,0.6773216488088629,tags,FALSE,not_significant
hibernate,comprehension_failure,-10.373758325287621,tags,TRUE,under_represented
shell,comprehension_failure,4.137149364191004,tags,TRUE,over_represented
express,comprehension_failure,-11.66218604407604,tags,TRUE,under_represented
dart,comprehension_failure,-8.455866099587038,tags,TRUE,under_represented
entity-framework,comprehension_failure,-4.777360960531752,tags,TRUE,under_represented
csv,comprehension_failure,-8.869470690503139,tags,TRUE,under_represented
rest,comprehension_failure,-8.100899046154902,tags,TRUE,under_represented
apache,comprehension_failure,-1.1385044501304464,tags,FALSE,not_significant
maven,comprehension_failure,-7.938662239671494,tags,TRUE,under_represented
android-studio,comprehension_failure,-13.015114151449415,tags,TRUE,under_represented
linq,comprehension_failure,4.174091127850503,tags,TRUE,over_represented
dictionary,comprehension_failure,4.762902307276786,tags,TRUE,over_represented
qt,comprehension_failure,6.845423163964612,tags,TRUE,over_represented
asp.net-core,comprehension_failure,-5.5644073636861275,tags,TRUE,under_represented
unit-testing,comprehension_failure,-8.936041701473556,tags,TRUE,under_represented
facebook,comprehension_failure,0.7889159762917333,tags,FALSE,not_significant
swing,comprehension_failure,4.074806159808943,tags,TRUE,over_represented
file,comprehension_failure,-1.0618800276890525,tags,FALSE,not_significant
class,comprehension_failure,10.5241283126304,tags,TRUE,over_represented
apache-spark,comprehension_failure,-9.394903151644145,tags,TRUE,under_represented
tensorflow,comprehension_failure,-1.6051789694934526,tags,FALSE,not_significant
sorting,comprehension_failure,2.2138222215235737,tags,TRUE,over_represented
date,comprehension_failure,-1.4832910843131457,tags,FALSE,not_significant
unity-game-engine,comprehension_failure,2.635147993186293,tags,TRUE,over_represented
t-sql,comprehension_failure,-5.058710946591771,tags,TRUE,under_represented
go,comprehension_failure,1.7428540820134124,tags,FALSE,not_significant
authentication,comprehension_failure,-5.412559188067702,tags,TRUE,under_represented
symfony,comprehension_failure,0.9222627300903808,tags,FALSE,not_significant
for-loop,comprehension_failure,7.688065911294359,tags,TRUE,over_represented
.htaccess,comprehension_failure,7.705717033177555,tags,TRUE,over_represented
matplotlib,comprehension_failure,7.39173988267012,tags,TRUE,over_represented
datetime,comprehension_failure,-2.6712709251546465,tags,TRUE,under_represented
opencv,comprehension_failure,-1.3492372214820227,tags,FALSE,not_significant
google-chrome,comprehension_failure,1.1620887165619562,tags,FALSE,not_significant
codeigniter,comprehension_failure,-4.332723648882847,tags,TRUE,under_represented
perl,comprehension_failure,7.003562146620399,tags,TRUE,over_represented
validation,comprehension_failure,1.4073418989847624,tags,FALSE,not_significant
http,comprehension_failure,-1.797073538551142,tags,FALSE,not_significant
sockets,comprehension_failure,-0.8971788887986833,tags,FALSE,not_significant
object,comprehension_failure,6.034280821338639,tags,TRUE,over_represented
google-maps,comprehension_failure,-1.9578766444759939,tags,FALSE,not_significant
uitableview,comprehension_failure,-7.1851503776153285,tags,TRUE,under_represented
xaml,comprehension_failure,3.0180395233371753,tags,TRUE,over_represented
if-statement,comprehension_failure,7.216274887595683,tags,TRUE,over_represented
oop,comprehension_failure,10.59940271276003,tags,TRUE,over_represented
ubuntu,comprehension_failure,-7.649127508283938,tags,TRUE,under_represented
cordova,comprehension_failure,-2.5126264081759047,tags,TRUE,under_represented
visual-studio-code,comprehension_failure,-1.4074372491460945,tags,FALSE,not_significant
email,comprehension_failure,-5.520251907492979,tags,TRUE,under_represented
android-layout,comprehension_failure,-3.2660350512905656,tags,TRUE,under_represented
ms-access,comprehension_failure,2.7391897439229997,tags,TRUE,over_represented
web-services,comprehension_failure,-2.3076623308494915,tags,TRUE,under_represented
spring-mvc,comprehension_failure,-10.34749813780939,tags,TRUE,under_represented
ggplot2,comprehension_failure,11.235887175357885,tags,TRUE,over_represented
parsing,comprehension_failure,-4.353622148368645,tags,TRUE,under_represented
pointers,comprehension_failure,13.413966161955226,tags,TRUE,over_represented
github,comprehension_failure,0.014550931645044674,tags,FALSE,not_significant
user-interface,comprehension_failure,3.5325327257091264,tags,TRUE,over_represented
kubernetes,comprehension_failure,-8.135042007406396,tags,TRUE,under_represented
c++11,comprehension_failure,17.256516336163685,tags,TRUE,over_represented
selenium-webdriver,comprehension_failure,-15.468542733627435,tags,TRUE,under_represented
google-sheets,comprehension_failure,0.9589514533650388,tags,FALSE,not_significant
elasticsearch,comprehension_failure,-10.527724061743628,tags,TRUE,under_represented
google-apps-script,comprehension_failure,1.5040855314797401,tags,FALSE,not_significant
templates,comprehension_failure,15.394732113105707,tags,TRUE,over_represented
ruby-on-rails-3,comprehension_failure,-6.596607863797217,tags,TRUE,under_represented
security,comprehension_failure,5.721248839254793,tags,TRUE,over_represented
variables,comprehension_failure,6.957001037863876,tags,TRUE,over_represented
machine-learning,comprehension_failure,1.65428020484998,tags,FALSE,not_significant
flask,comprehension_failure,-7.192406026061078,tags,TRUE,under_represented
sql-server-2008,comprehension_failure,-4.628097228679983,tags,TRUE,under_represented
exception,comprehension_failure,-5.73449011177398,tags,TRUE,under_represented
tkinter,comprehension_failure,6.612588556128614,tags,TRUE,over_represented
delphi,comprehension_failure,4.687144754255106,tags,TRUE,over_represented
nginx,comprehension_failure,-4.577309469289798,tags,TRUE,under_represented
listview,comprehension_failure,-5.493837085205234,tags,TRUE,under_represented
haskell,comprehension_failure,8.663786162004964,tags,TRUE,over_represented
debugging,comprehension_failure,-0.8917748501356453,tags,FALSE,not_significant
asynchronous,comprehension_failure,2.4017312265431228,tags,TRUE,over_represented
jpa,comprehension_failure,-3.8916442634210116,tags,TRUE,under_represented
jsp,comprehension_failure,-6.199335096755933,tags,TRUE,under_represented
web-scraping,comprehension_failure,-11.024627784120591,tags,TRUE,under_represented
gradle,comprehension_failure,-11.020826571546582,tags,TRUE,under_represented
batch-file,comprehension_failure,0.36113692463819796,tags,FALSE,not_significant
generics,comprehension_failure,10.602781368343614,tags,TRUE,over_represented
xamarin,comprehension_failure,0.6796505861066724,tags,FALSE,not_significant
pdf,comprehension_failure,-1.902910921882918,tags,FALSE,not_significant
google-cloud-platform,comprehension_failure,-6.752010152423126,tags,TRUE,under_represented
wcf,comprehension_failure,-1.76456595710086,tags,FALSE,not_significant
amazon-s3,comprehension_failure,-4.416735879112838,tags,TRUE,under_represented
ssl,comprehension_failure,-6.583440768839966,tags,TRUE,under_represented
testing,comprehension_failure,-4.711704033778817,tags,TRUE,under_represented
jenkins,comprehension_failure,-2.9715953799679697,tags,TRUE,under_represented
npm,comprehension_failure,-9.701180648776036,tags,TRUE,under_represented
unix,comprehension_failure,3.169065784586273,tags,TRUE,over_represented
recursion,comprehension_failure,9.092230010548917,tags,TRUE,over_represented
ionic-framework,comprehension_failure,-6.411246667353361,tags,TRUE,under_represented
network-programming,comprehension_failure,2.5744130882002736,tags,TRUE,over_represented
google-app-engine,comprehension_failure,-2.165318380192221,tags,TRUE,under_represented
visual-studio-2010,comprehension_failure,0.6786870441452859,tags,FALSE,not_significant
mongoose,comprehension_failure,-8.09594445183978,tags,TRUE,under_represented
assembly,comprehension_failure,-1.71901357416785,tags,FALSE,not_significant
.net-core,comprehension_failure,-3.124950273489199,tags,TRUE,under_represented
android-fragments,comprehension_failure,-8.09448922789612,tags,TRUE,under_represented
math,comprehension_failure,11.633842510778095,tags,TRUE,over_represented
join,comprehension_failure,1.5343424649240383,tags,FALSE,not_significant
winapi,comprehension_failure,1.1677714115368782,tags,FALSE,not_significant
svg,comprehension_failure,11.551887849312449,tags,TRUE,over_represented
rust,comprehension_failure,-1.987689115247874,tags,FALSE,not_significant
animation,comprehension_failure,7.029333899854096,tags,TRUE,over_represented
session,comprehension_failure,-2.4187674773261367,tags,TRUE,under_represented
intellij-idea,comprehension_failure,-1.889955847287761,tags,FALSE,not_significant
django-models,comprehension_failure,-6.589805732565811,tags,TRUE,under_represented
laravel-5,comprehension_failure,-8.158114183691566,tags,TRUE,under_represented
curl,comprehension_failure,-7.504455502159094,tags,TRUE,under_represented
hadoop,comprehension_failure,-5.280937757726434,tags,TRUE,under_represented
javascript,intent_confusion,5.092870141717833,tags,TRUE,over_represented
python,intent_confusion,4.946944154522246,tags,TRUE,over_represented
java,intent_confusion,4.097404359115779,tags,TRUE,over_represented
c#,intent_confusion,17.090868415273352,tags,TRUE,over_represented
php,intent_confusion,-3.7393625735928224,tags,TRUE,under_represented
android,intent_confusion,-16.481779305142513,tags,TRUE,under_represented
html,intent_confusion,-10.245440460019346,tags,TRUE,under_represented
jquery,intent_confusion,-3.723760999022021,tags,TRUE,under_represented
c++,intent_confusion,21.251225247162893,tags,TRUE,over_represented
css,intent_confusion,-11.513125738981188,tags,TRUE,under_represented
sql,intent_confusion,5.1018555144000395,tags,TRUE,over_represented
ios,intent_confusion,-8.341438461978994,tags,TRUE,under_represented
mysql,intent_confusion,-2.405281466813243,tags,TRUE,under_represented
r,intent_confusion,-11.79228283880054,tags,TRUE,under_represented
reactjs,intent_confusion,-1.609197690405308,tags,FALSE,not_significant
node.js,intent_confusion,-4.347401393648084,tags,TRUE,under_represented
arrays,intent_confusion,10.426906861850535,tags,TRUE,over_represented
c,intent_confusion,16.820475822614902,tags,TRUE,over_represented
asp.net,intent_confusion,-2.1866935309425863,tags,TRUE,under_represented
json,intent_confusion,-7.1371606768372375,tags,TRUE,under_represented
.net,intent_confusion,8.04668848534022,tags,TRUE,over_represented
sql-server,intent_confusion,10.7334041677273,tags,TRUE,over_represented
python-3.x,intent_confusion,6.362776266805725,tags,TRUE,over_represented
ruby-on-rails,intent_confusion,-10.78590349350272,tags,TRUE,under_represented
swift,intent_confusion,-0.6442468257928387,tags,FALSE,not_significant
django,intent_confusion,-5.929730853747877,tags,TRUE,under_represented
angular,intent_confusion,-1.0295956351494793,tags,FALSE,not_significant
objective-c,intent_confusion,-3.6452230925273836,tags,TRUE,under_represented
excel,intent_confusion,-2.826730068369175,tags,TRUE,under_represented
pandas,intent_confusion,-2.2945107675549314,tags,TRUE,under_represented
regex,intent_confusion,2.750248341473775,tags,TRUE,over_represented
angularjs,intent_confusion,-0.37130666686175945,tags,FALSE,not_significant
typescript,intent_confusion,5.811219632678854,tags,TRUE,over_represented
ruby,intent_confusion,-1.1829608854288614,tags,FALSE,not_significant
linux,intent_confusion,1.2452336519978116,tags,FALSE,not_significant
ajax,intent_confusion,-4.4962052343104295,tags,TRUE,under_represented
iphone,intent_confusion,-5.802336867947404,tags,TRUE,under_represented
vba,intent_confusion,-0.09493186976558671,tags,FALSE,not_significant
xml,intent_confusion,-8.035574569648933,tags,TRUE,under_represented
laravel,intent_confusion,-4.745751853673648,tags,TRUE,under_represented
spring,intent_confusion,-2.8927726213838434,tags,TRUE,under_represented
asp.net-mvc,intent_confusion,5.391140071501752,tags,TRUE,over_represented
database,intent_confusion,-3.9201478669297534,tags,TRUE,under_represented
wordpress,intent_confusion,-8.800267493783608,tags,TRUE,under_represented
string,intent_confusion,6.805266690095453,tags,TRUE,over_represented
postgresql,intent_confusion,-2.229963568632991,tags,TRUE,under_represented
flutter,intent_confusion,-5.640838036619808,tags,TRUE,under_represented
mongodb,intent_confusion,-3.1292181216817143,tags,TRUE,under_represented
wpf,intent_confusion,1.2792453995516728,tags,FALSE,not_significant
windows,intent_confusion,-0.3292227623685066,tags,FALSE,not_significant
bash,intent_confusion,9.946578616751262,tags,TRUE,over_represented
xcode,intent_confusion,-7.815193192662808,tags,TRUE,under_represented
amazon-web-services,intent_confusion,-7.573805047572623,tags,TRUE,under_represented
oracle-database,intent_confusion,4.528245812897456,tags,TRUE,over_represented
git,intent_confusion,-5.445091544362404,tags,TRUE,under_represented
dataframe,intent_confusion,-3.2720433101372937,tags,TRUE,under_represented
spring-boot,intent_confusion,-1.837820301854431,tags,FALSE,not_significant
azure,intent_confusion,-6.419397010206151,tags,TRUE,under_represented
list,intent_confusion,5.70943616881268,tags,TRUE,over_represented
multithreading,intent_confusion,13.854362337682272,tags,TRUE,over_represented
firebase,intent_confusion,-9.737802944401576,tags,TRUE,under_represented
vb.net,intent_confusion,2.5516206676564614,tags,TRUE,over_represented
docker,intent_confusion,-3.221540113722099,tags,TRUE,under_represented
react-native,intent_confusion,-6.7154278888216945,tags,TRUE,under_represented
eclipse,intent_confusion,-8.141435349377154,tags,TRUE,under_represented
algorithm,intent_confusion,-9.732045707227341,tags,TRUE,under_represented
powershell,intent_confusion,0.8100917079094638,tags,FALSE,not_significant
macos,intent_confusion,-4.621036756460589,tags,TRUE,under_represented
numpy,intent_confusion,3.6257744551624667,tags,TRUE,over_represented
visual-studio,intent_confusion,-4.827839829570034,tags,TRUE,under_represented
forms,intent_confusion,-4.137405669796111,tags,TRUE,under_represented
image,intent_confusion,-5.3809250597814895,tags,TRUE,under_represented
function,intent_confusion,12.755252133136961,tags,TRUE,over_represented
scala,intent_confusion,4.366395088070692,tags,TRUE,over_represented
vue.js,intent_confusion,-2.011820658778127,tags,TRUE,under_represented
twitter-bootstrap,intent_confusion,-6.096151886951865,tags,TRUE,under_represented
performance,intent_confusion,4.225960200401317,tags,TRUE,over_represented
winforms,intent_confusion,-0.2685958459659218,tags,FALSE,not_significant
selenium,intent_confusion,3.710672425282151,tags,TRUE,over_represented
loops,intent_confusion,12.44000570203907,tags,TRUE,over_represented
kotlin,intent_confusion,2.7145293400230717,tags,TRUE,over_represented
sqlite,intent_confusion,-5.607371050178894,tags,TRUE,under_represented
matlab,intent_confusion,-4.276524581109813,tags,TRUE,under_represented
python-2.7,intent_confusion,-1.1149114934484188,tags,FALSE,not_significant
hibernate,intent_confusion,-1.8321307178453503,tags,FALSE,not_significant
shell,intent_confusion,6.005864181998652,tags,TRUE,over_represented
express,intent_confusion,-3.656631154367403,tags,TRUE,under_represented
dart,intent_confusion,-1.2759234456388284,tags,FALSE,not_significant
entity-framework,intent_confusion,2.000907794258651,tags,TRUE,over_represented
csv,intent_confusion,-4.5178258366722615,tags,TRUE,under_represented
rest,intent_confusion,-2.996125996255722,tags,TRUE,under_represented
apache,intent_confusion,-5.016788971670966,tags,TRUE,under_represented
maven,intent_confusion,2.4027716416453373,tags,TRUE,over_represented
android-studio,intent_confusion,-4.593826359848224,tags,TRUE,under_represented
linq,intent_confusion,4.096933069293126,tags,TRUE,over_represented
dictionary,intent_confusion,6.661602024349188,tags,TRUE,over_represented
qt,intent_confusion,-0.8360475593345629,tags,FALSE,not_significant
asp.net-core,intent_confusion,-0.1759990799539772,tags,FALSE,not_significant
unit-testing,intent_confusion,4.930419194194071,tags,TRUE,over_represented
facebook,intent_confusion,-4.725350301442157,tags,TRUE,under_represented
swing,intent_confusion,-0.683577818701817,tags,FALSE,not_significant
file,intent_confusion,-0.9310101621384653,tags,FALSE,not_significant
class,intent_confusion,12.482003837958592,tags,TRUE,over_represented
apache-spark,intent_confusion,0.04868941023703803,tags,FALSE,not_significant
tensorflow,intent_confusion,-2.915425250346456,tags,TRUE,under_represented
sorting,intent_confusion,-3.3498802065466085,tags,TRUE,under_represented
date,intent_confusion,-5.067304401726159,tags,TRUE,under_represented
unity-game-engine,intent_confusion,-7.027162110391213,tags,TRUE,under_represented
t-sql,intent_confusion,7.895955369674188,tags,TRUE,over_represented
go,intent_confusion,3.5437825107652503,tags,TRUE,over_represented
authentication,intent_confusion,0.6544206224107445,tags,FALSE,not_significant
symfony,intent_confusion,-3.062371565686417,tags,TRUE,under_represented
for-loop,intent_confusion,12.549369370458,tags,TRUE,over_represented
.htaccess,intent_confusion,-2.227191707105126,tags,TRUE,under_represented
matplotlib,intent_confusion,-5.744925397509613,tags,TRUE,under_represented
datetime,intent_confusion,-3.8957186114590567,tags,TRUE,under_represented
opencv,intent_confusion,-5.8170335008850325,tags,TRUE,under_represented
google-chrome,intent_confusion,-1.793538363845161,tags,FALSE,not_significant
codeigniter,intent_confusion,-1.364104486558819,tags,FALSE,not_significant
perl,intent_confusion,-0.5035434790160135,tags,FALSE,not_significant
validation,intent_confusion,0.7684951771010815,tags,FALSE,not_significant
http,intent_confusion,-2.173839226051021,tags,TRUE,under_represented
sockets,intent_confusion,-1.946994599765549,tags,FALSE,not_significant
object,intent_confusion,4.05435371637134,tags,TRUE,over_represented
google-maps,intent_confusion,-5.9570845972217965,tags,TRUE,under_represented
uitableview,intent_confusion,-4.750383485412782,tags,TRUE,under_represented
xaml,intent_confusion,-1.441812949455034,tags,FALSE,not_significant
if-statement,intent_confusion,8.396531175150068,tags,TRUE,over_represented
oop,intent_confusion,15.602415366443338,tags,TRUE,over_represented
ubuntu,intent_confusion,-5.512562824720696,tags,TRUE,under_represented
cordova,intent_confusion,-4.751736565617083,tags,TRUE,under_represented
visual-studio-code,intent_confusion,-3.0045819487220915,tags,TRUE,under_represented
email,intent_confusion,-4.826066608160665,tags,TRUE,under_represented
android-layout,intent_confusion,-2.8489150572945254,tags,TRUE,under_represented
ms-access,intent_confusion,-3.6346247641238896,tags,TRUE,under_represented
web-services,intent_confusion,-5.314407873762532,tags,TRUE,under_represented
spring-mvc,intent_confusion,-3.8383994802462698,tags,TRUE,under_represented
ggplot2,intent_confusion,-6.010134916418114,tags,TRUE,under_represented
parsing,intent_confusion,-3.6373194722936373,tags,TRUE,under_represented
pointers,intent_confusion,14.2436553663455,tags,TRUE,over_represented
github,intent_confusion,-4.735229787500688,tags,TRUE,under_represented
user-interface,intent_confusion,-2.9298940884173788,tags,TRUE,under_represented
kubernetes,intent_confusion,0.032657033185746025,tags,FALSE,not_significant
c++11,intent_confusion,11.598630670329207,tags,TRUE,over_represented
selenium-webdriver,intent_confusion,2.1882739370727093,tags,TRUE,over_represented
google-sheets,intent_confusion,-6.878295837084142,tags,TRUE,under_represented
elasticsearch,intent_confusion,-4.90709328065801,tags,TRUE,under_represented
google-apps-script,intent_confusion,-7.163432927205211,tags,TRUE,under_represented
templates,intent_confusion,8.852335904813328,tags,TRUE,over_represented
ruby-on-rails-3,intent_confusion,-3.8605815487291086,tags,TRUE,under_represented
security,intent_confusion,3.8229661571428335,tags,TRUE,over_represented
variables,intent_confusion,5.725321115795266,tags,TRUE,over_represented
machine-learning,intent_confusion,-2.247623983734351,tags,TRUE,under_represented
flask,intent_confusion,-2.5402329494637876,tags,TRUE,under_represented
sql-server-2008,intent_confusion,2.8035667519360725,tags,TRUE,over_represented
exception,intent_confusion,3.7581968791800806,tags,TRUE,over_represented
tkinter,intent_confusion,-0.13889900649626044,tags,FALSE,not_significant
delphi,intent_confusion,-2.079084319004886,tags,TRUE,under_represented
nginx,intent_confusion,-3.23349680505523,tags,TRUE,under_represented
listview,intent_confusion,-5.642659492656573,tags,TRUE,under_represented
haskell,intent_confusion,-0.004989995453455722,tags,FALSE,not_significant
debugging,intent_confusion,-4.399158996487029,tags,TRUE,under_represented
asynchronous,intent_confusion,7.498433921540527,tags,TRUE,over_represented
jpa,intent_confusion,2.008117695169477,tags,TRUE,over_represented
jsp,intent_confusion,-2.6458700443412506,tags,TRUE,under_represented
web-scraping,intent_confusion,-4.902218555913271,tags,TRUE,under_represented
gradle,intent_confusion,-1.966640705455241,tags,FALSE,not_significant
batch-file,intent_confusion,6.958340287504293,tags,TRUE,over_represented
generics,intent_confusion,21.920689052349452,tags,TRUE,over_represented
xamarin,intent_confusion,-5.503020708020447,tags,TRUE,under_represented
pdf,intent_confusion,-4.491116441081932,tags,TRUE,under_represented
google-cloud-platform,intent_confusion,-3.147115142024369,tags,TRUE,under_represented
wcf,intent_confusion,-3.3432977269705018,tags,TRUE,under_represented
amazon-s3,intent_confusion,-6.966066168923885,tags,TRUE,under_represented
ssl,intent_confusion,-2.174823912846513,tags,TRUE,under_represented
testing,intent_confusion,0.177204841304094,tags,FALSE,not_significant
jenkins,intent_confusion,-2.723445977390653,tags,TRUE,under_represented
npm,intent_confusion,-1.0871503532027242,tags,FALSE,not_significant
unix,intent_confusion,2.4365144103262613,tags,TRUE,over_represented
recursion,intent_confusion,7.933461334659402,tags,TRUE,over_represented
ionic-framework,intent_confusion,-4.026670231389282,tags,TRUE,under_represented
network-programming,intent_confusion,-2.785668853679637,tags,TRUE,under_represented
google-app-engine,intent_confusion,-5.530434859184829,tags,TRUE,under_represented
visual-studio-2010,intent_confusion,-2.9419181373900782,tags,TRUE,under_represented
mongoose,intent_confusion,-3.5703736050321724,tags,TRUE,under_represented
assembly,intent_confusion,5.448889450651227,tags,TRUE,over_represented
.net-core,intent_confusion,4.360465062314656,tags,TRUE,over_represented
android-fragments,intent_confusion,-3.475877101977023,tags,TRUE,under_represented
math,intent_confusion,-4.445407410119346,tags,TRUE,under_represented
join,intent_confusion,1.7257751698562145,tags,FALSE,not_significant
winapi,intent_confusion,2.1646009584081956,tags,TRUE,over_represented
svg,intent_confusion,-4.004577537558705,tags,TRUE,under_represented
rust,intent_confusion,2.567788082985757,tags,TRUE,over_represented
animation,intent_confusion,-4.011336354677664,tags,TRUE,under_represented
session,intent_confusion,-0.5034334643928119,tags,FALSE,not_significant
intellij-idea,intent_confusion,-5.294798422341782,tags,TRUE,under_represented
django-models,intent_confusion,-1.4572837442455433,tags,FALSE,not_significant
laravel-5,intent_confusion,-1.3552541523662631,tags,FALSE,not_significant
curl,intent_confusion,-2.568366928724752,tags,TRUE,under_represented
hadoop,intent_confusion,-1.840633933797408,tags,FALSE,not_significant
javascript,terminology,-2.2875389030491924,tags,TRUE,under_represented
python,terminology,0.3652129423456049,tags,FALSE,not_significant
java,terminology,13.949637124647033,tags,TRUE,over_represented
c#,terminology,-7.250346572102685,tags,TRUE,under_represented
php,terminology,-0.5400172497036875,tags,FALSE,not_significant
android,terminology,14.86096655178652,tags,TRUE,over_represented
html,terminology,2.7148768468176123,tags,TRUE,over_represented
jquery,terminology,-4.180634089877067,tags,TRUE,under_represented
c++,terminology,5.602099513211818,tags,TRUE,over_represented
css,terminology,-0.49241510495913016,tags,FALSE,not_significant
sql,terminology,-3.0858141986441905,tags,TRUE,under_represented
ios,terminology,4.416152913083032,tags,TRUE,over_represented
mysql,terminology,-1.0528278792921157,tags,FALSE,not_significant
r,terminology,-1.2669073236690274,tags,FALSE,not_significant
reactjs,terminology,-0.8553728016375408,tags,FALSE,not_significant
node.js,terminology,-4.353655426817161,tags,TRUE,under_represented
arrays,terminology,1.21607994594647,tags,FALSE,not_significant
c,terminology,5.07608729646096,tags,TRUE,over_represented
asp.net,terminology,-2.243993592835547,tags,TRUE,under_represented
json,terminology,-4.08644866873162,tags,TRUE,under_represented
.net,terminology,-5.067782114749345,tags,TRUE,under_represented
sql-server,terminology,-1.4646339837460187,tags,FALSE,not_significant
python-3.x,terminology,1.8334227202278162,tags,FALSE,not_significant
ruby-on-rails,terminology,-9.427250697594276,tags,TRUE,under_represented
swift,terminology,2.1177096328241287,tags,TRUE,over_represented
django,terminology,-3.5714172905223878,tags,TRUE,under_represented
angular,terminology,3.64854867800893,tags,TRUE,over_represented
objective-c,terminology,0.876994205033595,tags,FALSE,not_significant
excel,terminology,-2.1329387897256207,tags,TRUE,under_represented
pandas,terminology,1.4611940695952668,tags,FALSE,not_significant
regex,terminology,-3.6125003605791206,tags,TRUE,under_represented
angularjs,terminology,1.4132361240418383,tags,FALSE,not_significant
typescript,terminology,-4.737893057593797,tags,TRUE,under_represented
ruby,terminology,-5.636075650363754,tags,TRUE,under_represented
linux,terminology,0.8260822217933858,tags,FALSE,not_significant
ajax,terminology,-0.39545966917371295,tags,FALSE,not_significant
iphone,terminology,0.5659908134925979,tags,FALSE,not_significant
vba,terminology,-2.996691925750417,tags,TRUE,under_represented
xml,terminology,-6.0660075696894635,tags,TRUE,under_represented
laravel,terminology,1.3430807549848605,tags,FALSE,not_significant
spring,terminology,0.5345644328567424,tags,FALSE,not_significant
asp.net-mvc,terminology,-4.80533341354045,tags,TRUE,under_represented
database,terminology,3.729338774502717,tags,TRUE,over_represented
wordpress,terminology,-3.40251291496308,tags,TRUE,under_represented
string,terminology,-0.6331831835943761,tags,FALSE,not_significant
postgresql,terminology,-5.186480105890848,tags,TRUE,under_represented
flutter,terminology,1.5106990462174903,tags,FALSE,not_significant
mongodb,terminology,0.6747315589954195,tags,FALSE,not_significant
wpf,terminology,-2.0658242718193853,tags,TRUE,under_represented
windows,terminology,-3.4733608493969137,tags,TRUE,under_represented
bash,terminology,-6.329423432319744,tags,TRUE,under_represented
xcode,terminology,2.495122831686465,tags,TRUE,over_represented
amazon-web-services,terminology,3.4644356767699414,tags,TRUE,over_represented
oracle-database,terminology,-0.3563349331096764,tags,FALSE,not_significant
git,terminology,-2.0685118021765336,tags,TRUE,under_represented
dataframe,terminology,0.37520566454825915,tags,FALSE,not_significant
spring-boot,terminology,-0.12210576339698045,tags,FALSE,not_significant
azure,terminology,-0.695925973151162,tags,FALSE,not_significant
list,terminology,0.05295910848610613,tags,FALSE,not_significant
multithreading,terminology,3.0132608056044314,tags,TRUE,over_represented
firebase,terminology,-3.1917266359932595,tags,TRUE,under_represented
vb.net,terminology,-5.024193588973255,tags,TRUE,under_represented
docker,terminology,0.08321807074713015,tags,FALSE,not_significant
react-native,terminology,2.7010659316797825,tags,TRUE,over_represented
eclipse,terminology,2.821181766007519,tags,TRUE,over_represented
algorithm,terminology,13.025639870189158,tags,TRUE,over_represented
powershell,terminology,-7.4238805798029475,tags,TRUE,under_represented
macos,terminology,-4.495086610390231,tags,TRUE,under_represented
numpy,terminology,3.6523596088518575,tags,TRUE,over_represented
visual-studio,terminology,-0.7842609709190517,tags,FALSE,not_significant
forms,terminology,-2.4298602403629483,tags,TRUE,under_represented
image,terminology,2.8192699980300095,tags,TRUE,over_represented
function,terminology,-0.12660841391077934,tags,FALSE,not_significant
scala,terminology,1.186759913185507,tags,FALSE,not_significant
vue.js,terminology,-0.7373597122774803,tags,FALSE,not_significant
twitter-bootstrap,terminology,-2.4248448943386562,tags,TRUE,under_represented
performance,terminology,-1.3277507827286663,tags,FALSE,not_significant
winforms,terminology,0.11446942656821205,tags,FALSE,not_significant
selenium,terminology,1.0838249978515864,tags,FALSE,not_significant
loops,terminology,-1.531021384516543,tags,FALSE,not_significant
kotlin,terminology,2.0399716857726036,tags,TRUE,over_represented
sqlite,terminology,0.7858502717560008,tags,FALSE,not_significant
matlab,terminology,4.1027216033322365,tags,TRUE,over_represented
python-2.7,terminology,-1.026838914336964,tags,FALSE,not_significant
hibernate,terminology,-0.3255771576772375,tags,FALSE,not_significant
shell,terminology,-4.7114241511587185,tags,TRUE,under_represented
express,terminology,-0.30476053844600676,tags,FALSE,not_significant
dart,terminology,-0.329847900846614,tags,FALSE,not_significant
entity-framework,terminology,-3.4931176039171716,tags,TRUE,under_represented
csv,terminology,-1.2661679405976882,tags,FALSE,not_significant
rest,terminology,-1.6188261007732088,tags,FALSE,not_significant
apache,terminology,-1.138918262289947,tags,FALSE,not_significant
maven,terminology,2.686528165099525,tags,TRUE,over_represented
android-studio,terminology,4.058724073437997,tags,TRUE,over_represented
linq,terminology,-1.9487691312668463,tags,FALSE,not_significant
dictionary,terminology,-0.24892694923163194,tags,FALSE,not_significant
qt,terminology,3.7301532766351757,tags,TRUE,over_represented
asp.net-core,terminology,-1.78210993005609,tags,FALSE,not_significant
unit-testing,terminology,-5.150322842463209,tags,TRUE,under_represented
facebook,terminology,-0.09682548596463073,tags,FALSE,not_significant
swing,terminology,1.1106366244129606,tags,FALSE,not_significant
file,terminology,1.2269567154444991,tags,FALSE,not_significant
class,terminology,3.57642301621905,tags,TRUE,over_represented
apache-spark,terminology,4.208258347687253,tags,TRUE,over_represented
tensorflow,terminology,6.1583216945025505,tags,TRUE,over_represented
sorting,terminology,1.593388129383769,tags,FALSE,not_significant
date,terminology,-1.2387597330593314,tags,FALSE,not_significant
unity-game-engine,terminology,1.6394475190605893,tags,FALSE,not_significant
t-sql,terminology,-3.9047216073049147,tags,TRUE,under_represented
go,terminology,1.9746128478336804,tags,FALSE,not_significant
authentication,terminology,-0.988333930425453,tags,FALSE,not_significant
symfony,terminology,-0.22006144232744188,tags,FALSE,not_significant
for-loop,terminology,-1.8759916312157692,tags,FALSE,not_significant
.htaccess,terminology,-0.47865731273704426,tags,FALSE,not_significant
matplotlib,terminology,-0.04569643492712978,tags,FALSE,not_significant
datetime,terminology,-2.2580969707334506,tags,TRUE,under_represented
opencv,terminology,6.477213420259106,tags,TRUE,over_represented
google-chrome,terminology,-2.4609209852857363,tags,TRUE,under_represented
codeigniter,terminology,2.977037096871461,tags,TRUE,over_represented
perl,terminology,-6.688297375953059,tags,TRUE,under_represented
validation,terminology,0.8433594336579833,tags,FALSE,not_significant
http,terminology,0.8874646630151654,tags,FALSE,not_significant
sockets,terminology,1.7232354831181378,tags,FALSE,not_significant
object,terminology,2.1100347932303034,tags,TRUE,over_represented
google-maps,terminology,2.04209226919525,tags,TRUE,over_represented
uitableview,terminology,1.8875326997079889,tags,FALSE,not_significant
xaml,terminology,-1.606344798601148,tags,FALSE,not_significant
if-statement,terminology,-1.193623081345446,tags,FALSE,not_significant
oop,terminology,4.459496370706208,tags,TRUE,over_represented
ubuntu,terminology,-0.3771362180510281,tags,FALSE,not_significant
cordova,terminology,0.5529226113550807,tags,FALSE,not_significant
visual-studio-code,terminology,-1.7863958589136575,tags,FALSE,not_significant
email,terminology,-1.393592343580433,tags,FALSE,not_significant
android-layout,terminology,1.770902252363188,tags,FALSE,not_significant
ms-access,terminology,-3.402968536179439,tags,TRUE,under_represented
web-services,terminology,0.432666208563605,tags,FALSE,not_significant
spring-mvc,terminology,0.40912415458165713,tags,FALSE,not_significant
ggplot2,terminology,-1.3047692978177512,tags,FALSE,not_significant
parsing,terminology,-2.2457263568572956,tags,TRUE,under_represented
pointers,terminology,2.4828022859359424,tags,TRUE,over_represented
github,terminology,0.11949196582565065,tags,FALSE,not_significant
user-interface,terminology,0.7878488770165147,tags,FALSE,not_significant
kubernetes,terminology,2.105347240007027,tags,TRUE,over_represented
c++11,terminology,-0.15345297683897832,tags,FALSE,not_significant
selenium-webdriver,terminology,1.0041430770937734,tags,FALSE,not_significant
google-sheets,terminology,-5.437329740026002,tags,TRUE,under_represented
elasticsearch,terminology,1.0185309382422416,tags,FALSE,not_significant
google-apps-script,terminology,-6.518964846060206,tags,TRUE,under_represented
templates,terminology,-1.7453707891147632,tags,FALSE,not_significant
ruby-on-rails-3,terminology,-3.543664305357753,tags,TRUE,under_represented
security,terminology,1.4914184833711202,tags,FALSE,not_significant
variables,terminology,0.01263464849124746,tags,FALSE,not_significant
machine-learning,terminology,10.177768678315672,tags,TRUE,over_represented
flask,terminology,-2.0131833484861152,tags,TRUE,under_represented
sql-server-2008,terminology,-1.3816604647689863,tags,FALSE,not_significant
exception,terminology,-1.3976356592542896,tags,FALSE,not_significant
tkinter,terminology,-0.542530465707431,tags,FALSE,not_significant
delphi,terminology,-6.239163431389928,tags,TRUE,under_represented
nginx,terminology,-0.009077628269808966,tags,FALSE,not_significant
listview,terminology,0.28300305733233533,tags,FALSE,not_significant
haskell,terminology,4.18393913139943,tags,TRUE,over_represented
debugging,terminology,1.8588030818792236,tags,FALSE,not_significant
asynchronous,terminology,-2.533184732029419,tags,TRUE,under_represented
jpa,terminology,0.22688962568325788,tags,FALSE,not_significant
jsp,terminology,3.2878575063042126,tags,TRUE,over_represented
web-scraping,terminology,-1.123542168736937,tags,FALSE,not_significant
gradle,terminology,-1.4695416783947095,tags,FALSE,not_significant
batch-file,terminology,-6.709623172256475,tags,TRUE,under_represented
generics,terminology,-2.964544498018077,tags,TRUE,under_represented
xamarin,terminology,-0.5569147410473738,tags,FALSE,not_significant
pdf,terminology,-1.9612433954239137,tags,FALSE,not_significant
google-cloud-platform,terminology,-0.07393577193590825,tags,FALSE,not_significant
wcf,terminology,0.5248024297545069,tags,FALSE,not_significant
amazon-s3,terminology,1.0804625396050502,tags,FALSE,not_significant
ssl,terminology,-1.1229663250296555,tags,FALSE,not_significant
testing,terminology,-0.746368921238102,tags,FALSE,not_significant
jenkins,terminology,0.3762087416624658,tags,FALSE,not_significant
npm,terminology,-0.16342677013688425,tags,FALSE,not_significant
unix,terminology,-0.2501655105941952,tags,FALSE,not_significant
recursion,terminology,-0.0022663952196020454,tags,FALSE,not_significant
ionic-framework,terminology,0.0482845436810008,tags,FALSE,not_significant
network-programming,terminology,1.787117342306539,tags,FALSE,not_significant
google-app-engine,terminology,-1.335556890862609,tags,FALSE,not_significant
visual-studio-2010,terminology,-1.6194809742705176,tags,FALSE,not_significant
mongoose,terminology,-0.2845696490710011,tags,FALSE,not_significant
assembly,terminology,-0.9857770553042539,tags,FALSE,not_significant
.net-core,terminology,-1.5172986910259842,tags,FALSE,not_significant
android-fragments,terminology,2.3245384050317535,tags,TRUE,over_represented
math,terminology,3.8972773690951765,tags,TRUE,over_represented
join,terminology,-2.7960179063275343,tags,TRUE,under_represented
winapi,terminology,-2.851330231493449,tags,TRUE,under_represented
svg,terminology,-0.512787300507791,tags,FALSE,not_significant
rust,terminology,-3.057814098388296,tags,TRUE,under_represented
animation,terminology,-1.2265847671114527,tags,FALSE,not_significant
session,terminology,1.503259336593651,tags,FALSE,not_significant
intellij-idea,terminology,1.0436728338980172,tags,FALSE,not_significant
django-models,terminology,-1.4687064555830533,tags,FALSE,not_significant
laravel-5,terminology,-0.35352714467500673,tags,FALSE,not_significant
curl,terminology,-1.2659206588869267,tags,FALSE,not_significant
hadoop,terminology,4.176987602036168,tags,TRUE,over_represented
javascript,referential,-17.36413435516414,tags,TRUE,under_represented
python,referential,-8.14405026753386,tags,TRUE,under_represented
java,referential,11.888875394003318,tags,TRUE,over_represented
c#,referential,-0.20711482818177757,tags,FALSE,not_significant
php,referential,4.000940675906227,tags,TRUE,over_represented
android,referential,4.349742775129542,tags,TRUE,over_represented
html,referential,-10.471112288995307,tags,TRUE,under_represented
jquery,referential,-8.908709355118287,tags,TRUE,under_represented
c++,referential,20.442262792661225,tags,TRUE,over_represented
css,referential,-9.512018358799219,tags,TRUE,under_represented
sql,referential,20.865349764681326,tags,TRUE,over_represented
ios,referential,-0.8507354541729453,tags,FALSE,not_significant
mysql,referential,16.166380562902738,tags,TRUE,over_represented
r,referential,-10.88672910056546,tags,TRUE,under_represented
reactjs,referential,-11.132033412525788,tags,TRUE,under_represented
node.js,referential,-8.19344536473783,tags,TRUE,under_represented
arrays,referential,-5.890226082060726,tags,TRUE,under_represented
c,referential,7.445458862823434,tags,TRUE,over_represented
asp.net,referential,-3.464011967067696,tags,TRUE,under_represented
json,referential,-7.739028763822338,tags,TRUE,under_represented
.net,referential,5.038589286488063,tags,TRUE,over_represented
sql-server,referential,10.86453017477892,tags,TRUE,over_represented
python-3.x,referential,-4.034156110207541,tags,TRUE,under_represented
ruby-on-rails,referential,-12.233267666828832,tags,TRUE,under_represented
swift,referential,-2.290813613663618,tags,TRUE,under_represented
django,referential,-13.83921498214423,tags,TRUE,under_represented
angular,referential,-6.341817655947592,tags,TRUE,under_represented
objective-c,referential,-2.7814705106344846,tags,TRUE,under_represented
excel,referential,-3.5616227667789753,tags,TRUE,under_represented
pandas,referential,-9.471747040930206,tags,TRUE,under_represented
regex,referential,0.8822149213828812,tags,FALSE,not_significant
angularjs,referential,-7.585653628540864,tags,TRUE,under_represented
typescript,referential,-2.045992628660634,tags,TRUE,under_represented
ruby,referential,-5.604544109997612,tags,TRUE,under_represented
linux,referential,6.986123478400785,tags,TRUE,over_represented
ajax,referential,-6.637627510973703,tags,TRUE,under_represented
iphone,referential,-0.8759479660505344,tags,FALSE,not_significant
vba,referential,-2.623177177819717,tags,TRUE,under_represented
xml,referential,0.6880946757311722,tags,FALSE,not_significant
laravel,referential,-3.2203860479371276,tags,TRUE,under_represented
spring,referential,4.352857208172515,tags,TRUE,over_represented
asp.net-mvc,referential,-2.0271869236455258,tags,TRUE,under_represented
database,referential,7.754545917505623,tags,TRUE,over_represented
wordpress,referential,3.573294921282663,tags,TRUE,over_represented
string,referential,-1.0760080080667358,tags,FALSE,not_significant
postgresql,referential,5.140588592653989,tags,TRUE,over_represented
flutter,referential,-1.1623204267437,tags,FALSE,not_significant
mongodb,referential,-0.5007232597680591,tags,FALSE,not_significant
wpf,referential,-6.612512884806962,tags,TRUE,under_represented
windows,referential,3.219925225177662,tags,TRUE,over_represented
bash,referential,-1.9714718792671586,tags,FALSE,not_significant
xcode,referential,2.4464536767431286,tags,TRUE,over_represented
amazon-web-services,referential,-5.434844757608731,tags,TRUE,under_represented
oracle-database,referential,12.707224735534576,tags,TRUE,over_represented
git,referential,9.33258378764438,tags,TRUE,over_represented
dataframe,referential,-5.5064952013339825,tags,TRUE,under_represented
spring-boot,referential,2.639520347681211,tags,TRUE,over_represented
azure,referential,-4.221319739669254,tags,TRUE,under_represented
list,referential,-2.311553447637031,tags,TRUE,under_represented
multithreading,referential,3.8770883052020735,tags,TRUE,over_represented
firebase,referential,0.11560406587719625,tags,FALSE,not_significant
vb.net,referential,3.119046543787293,tags,TRUE,over_represented
docker,referential,-6.377330448202967,tags,TRUE,under_represented
react-native,referential,-0.9973351805004227,tags,FALSE,not_significant
eclipse,referential,6.41667068379844,tags,TRUE,over_represented
algorithm,referential,12.259003084230287,tags,TRUE,over_represented
powershell,referential,-4.30550979052405,tags,TRUE,under_represented
macos,referential,3.161943632188932,tags,TRUE,over_represented
numpy,referential,-1.2404524274266258,tags,FALSE,not_significant
visual-studio,referential,5.690023434293194,tags,TRUE,over_represented
forms,referential,-1.5170526958949027,tags,FALSE,not_significant
image,referential,-1.123309079974512,tags,FALSE,not_significant
function,referential,0.07085185841370356,tags,FALSE,not_significant
scala,referential,4.687932053348314,tags,TRUE,over_represented
vue.js,referential,-3.498392511521014,tags,TRUE,under_represented
twitter-bootstrap,referential,-3.5222451974037923,tags,TRUE,under_represented
performance,referential,28.311848626299284,tags,TRUE,over_represented
winforms,referential,0.4897959881251796,tags,FALSE,not_significant
selenium,referential,-2.2452571659572444,tags,TRUE,under_represented
loops,referential,-3.3373177588822966,tags,TRUE,under_represented
kotlin,referential,3.2508122411272655,tags,TRUE,over_represented
sqlite,referential,-0.6962862555692189,tags,FALSE,not_significant
matlab,referential,0.6082156491087497,tags,FALSE,not_significant
python-2.7,referential,-1.0704645332004086,tags,FALSE,not_significant
hibernate,referential,-1.0234485802614686,tags,FALSE,not_significant
shell,referential,-0.13069478984578967,tags,FALSE,not_significant
express,referential,-4.739079029410942,tags,TRUE,under_represented
dart,referential,-2.219749792780625,tags,TRUE,under_represented
entity-framework,referential,-1.3779069474843426,tags,FALSE,not_significant
csv,referential,-4.978161379453648,tags,TRUE,under_represented
rest,referential,1.4473436467019658,tags,FALSE,not_significant
apache,referential,2.093829263686207,tags,TRUE,over_represented
maven,referential,0.8937114504164073,tags,FALSE,not_significant
android-studio,referential,3.3979287729523917,tags,TRUE,over_represented
linq,referential,2.1648400285703535,tags,TRUE,over_represented
dictionary,referential,-2.2164573726700803,tags,TRUE,under_represented
qt,referential,2.4967156429975943,tags,TRUE,over_represented
asp.net-core,referential,-0.4225155806387995,tags,FALSE,not_significant
unit-testing,referential,-2.017368469504269,tags,TRUE,under_represented
facebook,referential,-1.5447829621203661,tags,FALSE,not_significant
swing,referential,2.8432767572692783,tags,TRUE,over_represented
file,referential,-2.392201917173039,tags,TRUE,under_represented
class,referential,-0.662667177825647,tags,FALSE,not_significant
apache-spark,referential,-0.2069117604338022,tags,FALSE,not_significant
tensorflow,referential,1.1560169743615,tags,FALSE,not_significant
sorting,referential,8.409207306841257,tags,TRUE,over_represented
date,referential,0.8817046721687593,tags,FALSE,not_significant
unity-game-engine,referential,6.937462097594525,tags,TRUE,over_represented
t-sql,referential,5.28640941093349,tags,TRUE,over_represented
go,referential,2.506917567527726,tags,TRUE,over_represented
authentication,referential,-1.8997183536809945,tags,FALSE,not_significant
symfony,referential,-3.2215154635855185,tags,TRUE,under_represented
for-loop,referential,-2.8706404143718376,tags,TRUE,under_represented
.htaccess,referential,-1.7536212210997515,tags,FALSE,not_significant
matplotlib,referential,-2.7809452251892126,tags,TRUE,under_represented
datetime,referential,0.28376627727365655,tags,FALSE,not_significant
opencv,referential,5.1657191830830165,tags,TRUE,over_represented
google-chrome,referential,0.7182687684479199,tags,FALSE,not_significant
codeigniter,referential,0.4071303886139477,tags,FALSE,not_significant
perl,referential,5.197642902147566,tags,TRUE,over_represented
validation,referential,-2.806479992795361,tags,TRUE,under_represented
http,referential,-2.781454682635501,tags,TRUE,under_represented
sockets,referential,-1.3557934957652038,tags,FALSE,not_significant
object,referential,-0.45132332185885854,tags,FALSE,not_significant
google-maps,referential,-2.3155897852497014,tags,TRUE,under_represented
uitableview,referential,-2.7006341715693285,tags,TRUE,under_represented
xaml,referential,-4.2050855754387655,tags,TRUE,under_represented
if-statement,referential,1.3529459296368704,tags,FALSE,not_significant
oop,referential,9.127127504152146,tags,TRUE,over_represented
ubuntu,referential,1.9407505356452324,tags,FALSE,not_significant
cordova,referential,1.6093364614029593,tags,FALSE,not_significant
visual-studio-code,referential,5.281721053292118,tags,TRUE,over_represented
email,referential,0.7334764313795672,tags,FALSE,not_significant
android-layout,referential,2.000923323980788,tags,TRUE,over_represented
ms-access,referential,-2.4446827153633017,tags,TRUE,under_represented
web-services,referential,0.4460813204927087,tags,FALSE,not_significant
spring-mvc,referential,0.9448010632863291,tags,FALSE,not_significant
ggplot2,referential,-7.473923066569929,tags,TRUE,under_represented
parsing,referential,0.322992849817123,tags,FALSE,not_significant
pointers,referential,0.31264922215340374,tags,FALSE,not_significant
github,referential,2.054020976005647,tags,TRUE,over_represented
user-interface,referential,1.7011864535597208,tags,FALSE,not_significant
kubernetes,referential,-0.5203182383111775,tags,FALSE,not_significant
c++11,referential,8.264599057937287,tags,TRUE,over_represented
selenium-webdriver,referential,0.3818086953479117,tags,FALSE,not_significant
google-sheets,referential,-9.088208313804078,tags,TRUE,under_represented
elasticsearch,referential,-4.644361259161016,tags,TRUE,under_represented
google-apps-script,referential,-11.595939937824745,tags,TRUE,under_represented
templates,referential,7.049684027889177,tags,TRUE,over_represented
ruby-on-rails-3,referential,-5.117111366462138,tags,TRUE,under_represented
security,referential,-3.5246458486021792,tags,TRUE,under_represented
variables,referential,-4.281236866801515,tags,TRUE,under_represented
machine-learning,referential,8.718402893056428,tags,TRUE,over_represented
flask,referential,-3.7043814010424807,tags,TRUE,under_represented
sql-server-2008,referential,4.6547203340117775,tags,TRUE,over_represented
exception,referential,6.126878169054858,tags,TRUE,over_represented
tkinter,referential,-0.2924301564667769,tags,FALSE,not_significant
delphi,referential,9.197927977338994,tags,TRUE,over_represented
nginx,referential,-0.15762109565504825,tags,FALSE,not_significant
listview,referential,0.8057939048190117,tags,FALSE,not_significant
haskell,referential,7.774057823688479,tags,TRUE,over_represented
debugging,referential,5.681605620311355,tags,TRUE,over_represented
asynchronous,referential,-1.7467692905487169,tags,FALSE,not_significant
jpa,referential,2.476583977232318,tags,TRUE,over_represented
jsp,referential,1.012651688430573,tags,FALSE,not_significant
web-scraping,referential,0.25638241047247556,tags,FALSE,not_significant
gradle,referential,4.995884813198752,tags,TRUE,over_represented
batch-file,referential,-2.7401402484038218,tags,TRUE,under_represented
generics,referential,2.6305563173146442,tags,TRUE,over_represented
xamarin,referential,-1.5758296839388402,tags,FALSE,not_significant
pdf,referential,0.018869727022693874,tags,FALSE,not_significant
google-cloud-platform,referential,-1.0598809791063226,tags,FALSE,not_significant
wcf,referential,-1.6619752741461076,tags,FALSE,not_significant
amazon-s3,referential,-4.099951527588944,tags,TRUE,under_represented
ssl,referential,2.4375440998162237,tags,TRUE,over_represented
testing,referential,0.7650970789283321,tags,FALSE,not_significant
jenkins,referential,-3.8097628568558206,tags,TRUE,under_represented
npm,referential,0.572889675548833,tags,FALSE,not_significant
unix,referential,0.5809227311905036,tags,FALSE,not_significant
recursion,referential,-2.9715509006860352,tags,TRUE,under_represented
ionic-framework,referential,0.5314212306739631,tags,FALSE,not_significant
network-programming,referential,2.683144449684353,tags,TRUE,over_represented
google-app-engine,referential,-2.2681131834296164,tags,TRUE,under_represented
visual-studio-2010,referential,3.09090612461865,tags,TRUE,over_represented
mongoose,referential,-2.5141501036751746,tags,TRUE,under_represented
assembly,referential,8.730631730172432,tags,TRUE,over_represented
.net-core,referential,0.03650575512603663,tags,FALSE,not_significant
android-fragments,referential,-2.412784898249421,tags,TRUE,under_represented
math,referential,4.106384082074742,tags,TRUE,over_represented
join,referential,9.808892531237507,tags,TRUE,over_represented
winapi,referential,3.232783268291732,tags,TRUE,over_represented
svg,referential,-2.1492609425495908,tags,TRUE,under_represented
rust,referential,1.2199292073491732,tags,FALSE,not_significant
animation,referential,-3.4834548376956467,tags,TRUE,under_represented
session,referential,-4.713663213946724,tags,TRUE,under_represented
intellij-idea,referential,1.5242348916442026,tags,FALSE,not_significant
django-models,referential,-6.560425064533221,tags,TRUE,under_represented
laravel-5,referential,-1.239596598805651,tags,FALSE,not_significant
curl,referential,-1.0316930940042155,tags,FALSE,not_significant
hadoop,referential,-0.8885230337360367,tags,FALSE,not_significant
javascript,missing_info,-4.797457364538132,tags,TRUE,under_represented
python,missing_info,-11.581703898155512,tags,TRUE,under_represented
java,missing_info,-7.732964254433719,tags,TRUE,under_represented
c#,missing_info,-15.704206373996689,tags,TRUE,under_represented
php,missing_info,7.095607365274996,tags,TRUE,over_represented
android,missing_info,45.17134525935873,tags,TRUE,over_represented
html,missing_info,0.8447544181670484,tags,FALSE,not_significant
jquery,missing_info,16.66347351750661,tags,TRUE,over_represented
c++,missing_info,-67.59818778278769,tags,TRUE,under_represented
css,missing_info,1.8407911749997008,tags,FALSE,not_significant
sql,missing_info,-6.0314582892685085,tags,TRUE,under_represented
ios,missing_info,-4.316267440820737,tags,TRUE,under_represented
mysql,missing_info,5.035712402614766,tags,TRUE,over_represented
r,missing_info,-11.888167138330974,tags,TRUE,under_represented
reactjs,missing_info,44.43707380292587,tags,TRUE,over_represented
node.js,missing_info,23.691934197891378,tags,TRUE,over_represented
arrays,missing_info,-22.5263061499168,tags,TRUE,under_represented
c,missing_info,-46.73989521084999,tags,TRUE,under_represented
asp.net,missing_info,17.260338915314595,tags,TRUE,over_represented
json,missing_info,26.068373429522325,tags,TRUE,over_represented
.net,missing_info,-19.066888307101085,tags,TRUE,under_represented
sql-server,missing_info,-0.41842436874716216,tags,FALSE,not_significant
python-3.x,missing_info,-5.447236405596617,tags,TRUE,under_represented
ruby-on-rails,missing_info,43.507768968271286,tags,TRUE,over_represented
swift,missing_info,-1.1654113566591224,tags,FALSE,not_significant
django,missing_info,57.31969078495346,tags,TRUE,over_represented
angular,missing_info,34.24040105847741,tags,TRUE,over_represented
objective-c,missing_info,-11.74500739787881,tags,TRUE,under_represented
excel,missing_info,-10.54095224669158,tags,TRUE,under_represented
pandas,missing_info,9.770002927262015,tags,TRUE,over_represented
regex,missing_info,-27.23612423161725,tags,TRUE,under_represented
angularjs,missing_info,22.575960355794177,tags,TRUE,over_represented
typescript,missing_info,10.287721459502098,tags,TRUE,over_represented
ruby,missing_info,10.26287305135003,tags,TRUE,over_represented
linux,missing_info,-23.533426120598524,tags,TRUE,under_represented
ajax,missing_info,18.539209392739476,tags,TRUE,over_represented
iphone,missing_info,-13.714908407250764,tags,TRUE,under_represented
vba,missing_info,-10.156524706149535,tags,TRUE,under_represented
xml,missing_info,11.998903806370022,tags,TRUE,over_represented
laravel,missing_info,46.429366991904544,tags,TRUE,over_represented
spring,missing_info,33.30630799365941,tags,TRUE,over_represented
asp.net-mvc,missing_info,22.283930807408776,tags,TRUE,over_represented
database,missing_info,-7.183437888792887,tags,TRUE,under_represented
wordpress,missing_info,5.170556530281874,tags,TRUE,over_represented
string,missing_info,-23.249005291830557,tags,TRUE,under_represented
postgresql,missing_info,4.91366430560108,tags,TRUE,over_represented
flutter,missing_info,37.56854033397532,tags,TRUE,over_represented
mongodb,missing_info,14.780066681725287,tags,TRUE,over_represented
wpf,missing_info,-6.265500190611245,tags,TRUE,under_represented
windows,missing_info,-18.708229359396896,tags,TRUE,under_represented
bash,missing_info,-22.765610805036136,tags,TRUE,under_represented
xcode,missing_info,-6.120451280648811,tags,TRUE,under_represented
amazon-web-services,missing_info,11.720733096047617,tags,TRUE,over_represented
oracle-database,missing_info,2.376926427975115,tags,TRUE,over_represented
git,missing_info,-29.036177555744096,tags,TRUE,under_represented
dataframe,missing_info,1.9857433052071471,tags,FALSE,not_significant
spring-boot,missing_info,36.77181083558396,tags,TRUE,over_represented
azure,missing_info,20.444139955530826,tags,TRUE,over_represented
list,missing_info,-13.251715650594226,tags,TRUE,under_represented
multithreading,missing_info,-26.096929222446978,tags,TRUE,under_represented
firebase,missing_info,18.622542478376502,tags,TRUE,over_represented
vb.net,missing_info,-7.603265267227454,tags,TRUE,under_represented
docker,missing_info,23.84510402124832,tags,TRUE,over_represented
react-native,missing_info,27.632358737600384,tags,TRUE,over_represented
eclipse,missing_info,-2.097242772300325,tags,TRUE,under_represented
algorithm,missing_info,-40.31300126151528,tags,TRUE,under_represented
powershell,missing_info,-5.630218211134963,tags,TRUE,under_represented
macos,missing_info,-11.481815652301362,tags,TRUE,under_represented
numpy,missing_info,-13.30623506182424,tags,TRUE,under_represented
visual-studio,missing_info,-9.59143805755901,tags,TRUE,under_represented
forms,missing_info,8.494311278305481,tags,TRUE,over_represented
image,missing_info,-3.3591646817708307,tags,TRUE,under_represented
function,missing_info,-16.789973213654825,tags,TRUE,under_represented
scala,missing_info,-8.165667850102299,tags,TRUE,under_represented
vue.js,missing_info,10.496032509965216,tags,TRUE,over_represented
twitter-bootstrap,missing_info,17.004858762022618,tags,TRUE,over_represented
performance,missing_info,-18.116388110911213,tags,TRUE,under_represented
winforms,missing_info,-11.60050971321848,tags,TRUE,under_represented
selenium,missing_info,42.7384643062403,tags,TRUE,over_represented
loops,missing_info,-12.0771700813155,tags,TRUE,under_represented
kotlin,missing_info,9.78941933585618,tags,TRUE,over_represented
sqlite,missing_info,1.8851320953006436,tags,FALSE,not_significant
matlab,missing_info,-19.058324704234142,tags,TRUE,under_represented
python-2.7,missing_info,-3.890327424564852,tags,TRUE,under_represented
hibernate,missing_info,27.026130694560358,tags,TRUE,over_represented
shell,missing_info,-15.651594129449306,tags,TRUE,under_represented
express,missing_info,18.073908418852955,tags,TRUE,over_represented
dart,missing_info,20.441521904838936,tags,TRUE,over_represented
entity-framework,missing_info,10.588943851592997,tags,TRUE,over_represented
csv,missing_info,1.8694955999022604,tags,FALSE,not_significant
rest,missing_info,7.757533556541032,tags,TRUE,over_represented
apache,missing_info,2.542573026080397,tags,TRUE,over_represented
maven,missing_info,18.765093402063183,tags,TRUE,over_represented
android-studio,missing_info,20.001023511002103,tags,TRUE,over_represented
linq,missing_info,-1.8782974754818875,tags,FALSE,not_significant
dictionary,missing_info,-11.609658542167388,tags,TRUE,under_represented
qt,missing_info,-14.861375703853446,tags,TRUE,under_represented
asp.net-core,missing_info,13.634944926887234,tags,TRUE,over_represented
unit-testing,missing_info,-1.0982092883706245,tags,FALSE,not_significant
facebook,missing_info,-2.509498601507162,tags,TRUE,under_represented
swing,missing_info,-20.58621720466785,tags,TRUE,under_represented
file,missing_info,-12.198979101860166,tags,TRUE,under_represented
class,missing_info,-15.130021629224286,tags,TRUE,under_represented
apache-spark,missing_info,9.718267863850063,tags,TRUE,over_represented
tensorflow,missing_info,5.9877543798503785,tags,TRUE,over_represented
sorting,missing_info,-12.532311565482445,tags,TRUE,under_represented
date,missing_info,-7.248450377242497,tags,TRUE,under_represented
unity-game-engine,missing_info,-10.322945251780862,tags,TRUE,under_represented
t-sql,missing_info,-4.018557706803225,tags,TRUE,under_represented
go,missing_info,-5.710020341162125,tags,TRUE,under_represented
authentication,missing_info,-0.2699772493508816,tags,FALSE,not_significant
symfony,missing_info,13.901596939428085,tags,TRUE,over_represented
for-loop,missing_info,-10.825805758248222,tags,TRUE,under_represented
.htaccess,missing_info,2.5821190742100018,tags,TRUE,over_represented
matplotlib,missing_info,-5.657689216341746,tags,TRUE,under_represented
datetime,missing_info,-7.082120162330917,tags,TRUE,under_represented
opencv,missing_info,1.6856440035919824,tags,FALSE,not_significant
google-chrome,missing_info,1.9057873479332756,tags,FALSE,not_significant
codeigniter,missing_info,16.32102003365143,tags,TRUE,over_represented
perl,missing_info,-13.55868314564774,tags,TRUE,under_represented
validation,missing_info,3.133690769172566,tags,TRUE,over_represented
http,missing_info,-0.41220610743256497,tags,FALSE,not_significant
sockets,missing_info,-12.53374891751885,tags,TRUE,under_represented
object,missing_info,-8.803840010486391,tags,TRUE,under_represented
google-maps,missing_info,5.9345478596727546,tags,TRUE,over_represented
uitableview,missing_info,7.177152413161474,tags,TRUE,over_represented
xaml,missing_info,-1.3263991072121886,tags,FALSE,not_significant
if-statement,missing_info,-11.492274634327355,tags,TRUE,under_represented
oop,missing_info,-23.19559625031725,tags,TRUE,under_represented
ubuntu,missing_info,0.22153216136721163,tags,FALSE,not_significant
cordova,missing_info,9.320047688100043,tags,TRUE,over_represented
visual-studio-code,missing_info,-4.167612645026034,tags,TRUE,under_represented
email,missing_info,1.291389544657715,tags,FALSE,not_significant
android-layout,missing_info,14.63447177563836,tags,TRUE,over_represented
ms-access,missing_info,-6.550586508469777,tags,TRUE,under_represented
web-services,missing_info,3.9160422596404483,tags,TRUE,over_represented
spring-mvc,missing_info,23.818819251977065,tags,TRUE,over_represented
ggplot2,missing_info,-2.5866793539291293,tags,TRUE,under_represented
parsing,missing_info,-5.968637053791353,tags,TRUE,under_represented
pointers,missing_info,-19.419516947302625,tags,TRUE,under_represented
github,missing_info,-12.681634718927565,tags,TRUE,under_represented
user-interface,missing_info,-10.531092332634444,tags,TRUE,under_represented
kubernetes,missing_info,18.655860924502086,tags,TRUE,over_represented
c++11,missing_info,-24.311462719190544,tags,TRUE,under_represented
selenium-webdriver,missing_info,31.61547646106675,tags,TRUE,over_represented
google-sheets,missing_info,23.717571093889905,tags,TRUE,over_represented
elasticsearch,missing_info,33.169913386438644,tags,TRUE,over_represented
google-apps-script,missing_info,32.55540973420867,tags,TRUE,over_represented
templates,missing_info,-15.837406818239776,tags,TRUE,under_represented
ruby-on-rails-3,missing_info,11.98919212017641,tags,TRUE,over_represented
security,missing_info,-19.920111209610667,tags,TRUE,under_represented
variables,missing_info,-11.578544756952944,tags,TRUE,under_represented
machine-learning,missing_info,-6.723380353808416,tags,TRUE,under_represented
flask,missing_info,11.615554661235578,tags,TRUE,over_represented
sql-server-2008,missing_info,-0.16123882258014716,tags,FALSE,not_significant
exception,missing_info,0.3121443236696177,tags,FALSE,not_significant
tkinter,missing_info,-13.73982296110024,tags,TRUE,under_represented
delphi,missing_info,-10.404734610120201,tags,TRUE,under_represented
nginx,missing_info,13.531714428802953,tags,TRUE,over_represented
listview,missing_info,12.910371909302121,tags,TRUE,over_represented
haskell,missing_info,-20.04240147893907,tags,TRUE,under_represented
debugging,missing_info,-8.611570134510709,tags,TRUE,under_represented
asynchronous,missing_info,-13.07356231123003,tags,TRUE,under_represented
jpa,missing_info,14.494488493020091,tags,TRUE,over_represented
jsp,missing_info,7.638531576454954,tags,TRUE,over_represented
web-scraping,missing_info,10.411938377768903,tags,TRUE,over_represented
gradle,missing_info,14.12314031826262,tags,TRUE,over_represented
batch-file,missing_info,-11.549100034148148,tags,TRUE,under_represented
generics,missing_info,-14.367820757031142,tags,TRUE,under_represented
xamarin,missing_info,6.331647416402248,tags,TRUE,over_represented
pdf,missing_info,2.1089485260963317,tags,TRUE,over_represented
google-cloud-platform,missing_info,16.371236835418344,tags,TRUE,over_represented
wcf,missing_info,6.375103830886297,tags,TRUE,over_represented
amazon-s3,missing_info,6.820389368088323,tags,TRUE,over_represented
ssl,missing_info,2.482104708024299,tags,TRUE,over_represented
testing,missing_info,0.629175865393008,tags,FALSE,not_significant
jenkins,missing_info,1.1515399059279814,tags,FALSE,not_significant
npm,missing_info,16.29405678708045,tags,TRUE,over_represented
unix,missing_info,-12.243542860979739,tags,TRUE,under_represented
recursion,missing_info,-12.053721794008323,tags,TRUE,under_represented
ionic-framework,missing_info,18.893521115427838,tags,TRUE,over_represented
network-programming,missing_info,-11.716533904849408,tags,TRUE,under_represented
google-app-engine,missing_info,6.694032956312963,tags,TRUE,over_represented
visual-studio-2010,missing_info,-6.583135919981603,tags,TRUE,under_represented
mongoose,missing_info,14.500827250956142,tags,TRUE,over_represented
assembly,missing_info,-12.905743228642761,tags,TRUE,under_represented
.net-core,missing_info,4.852555939452532,tags,TRUE,over_represented
android-fragments,missing_info,17.666665033436832,tags,TRUE,over_represented
math,missing_info,-22.62026563716415,tags,TRUE,under_represented
join,missing_info,0.24710996968347282,tags,FALSE,not_significant
winapi,missing_info,-17.169431280485977,tags,TRUE,under_represented
svg,missing_info,-5.015328382076339,tags,TRUE,under_represented
rust,missing_info,-15.92507570540535,tags,TRUE,under_represented
animation,missing_info,-4.713803740704419,tags,TRUE,under_represented
session,missing_info,-4.509333477928149,tags,TRUE,under_represented
intellij-idea,missing_info,2.222430132473006,tags,TRUE,over_represented
django-models,missing_info,21.564275689860025,tags,TRUE,over_represented
laravel-5,missing_info,21.048675251977453,tags,TRUE,over_represented
curl,missing_info,4.740165719401102,tags,TRUE,over_represented
hadoop,missing_info,9.598629955795326,tags,TRUE,over_represented
javascript,contradiction,-3.1533158442684255,tags,TRUE,under_represented
python,contradiction,-3.5222688472003907,tags,TRUE,under_represented
java,contradiction,3.351507861790796,tags,TRUE,over_represented
c#,contradiction,2.239764780629942,tags,TRUE,over_represented
php,contradiction,0.5851604419629447,tags,FALSE,not_significant
android,contradiction,-4.738762849983117,tags,TRUE,under_represented
html,contradiction,-3.316297895829913,tags,TRUE,under_represented
jquery,contradiction,-3.4274019539540026,tags,TRUE,under_represented
c++,contradiction,11.493460991441227,tags,TRUE,over_represented
css,contradiction,-1.4317834100247828,tags,FALSE,not_significant
sql,contradiction,1.0248705434439784,tags,FALSE,not_significant
ios,contradiction,-0.8159028096666435,tags,FALSE,not_significant
mysql,contradiction,0.006015613217599197,tags,FALSE,not_significant
r,contradiction,-2.052248910455024,tags,TRUE,under_represented
reactjs,contradiction,-3.6844666194669116,tags,TRUE,under_represented
node.js,contradiction,-0.7466995863709046,tags,FALSE,not_significant
arrays,contradiction,0.6483714874359554,tags,FALSE,not_significant
c,contradiction,8.25833081505397,tags,TRUE,over_represented
asp.net,contradiction,-0.30790011390601385,tags,FALSE,not_significant
json,contradiction,-0.5193823430038329,tags,FALSE,not_significant
.net,contradiction,2.5848443562396586,tags,TRUE,over_represented
sql-server,contradiction,0.43408404652282756,tags,FALSE,not_significant
python-3.x,contradiction,-2.603104300830768,tags,TRUE,under_represented
ruby-on-rails,contradiction,-0.7769305710790461,tags,FALSE,not_significant
swift,contradiction,-0.016244879539617844,tags,FALSE,not_significant
django,contradiction,-1.5043246883599963,tags,FALSE,not_significant
angular,contradiction,-0.9257050751374001,tags,FALSE,not_significant
objective-c,contradiction,-0.7169840135660913,tags,FALSE,not_significant
excel,contradiction,-1.5115199810366116,tags,FALSE,not_significant
pandas,contradiction,-2.8270607548781053,tags,TRUE,under_represented
regex,contradiction,2.233549449428959,tags,TRUE,over_represented
angularjs,contradiction,-2.920664863653848,tags,TRUE,under_represented
typescript,contradiction,-1.9848811066120469,tags,FALSE,not_significant
ruby,contradiction,1.159949187419836,tags,FALSE,not_significant
linux,contradiction,-0.3686157573581703,tags,FALSE,not_significant
ajax,contradiction,-2.7723162295569583,tags,TRUE,under_represented
iphone,contradiction,-0.557591610898185,tags,FALSE,not_significant
vba,contradiction,-1.877588986010835,tags,FALSE,not_significant
xml,contradiction,-0.11649068299915864,tags,FALSE,not_significant
laravel,contradiction,-2.68102208524544,tags,TRUE,under_represented
spring,contradiction,-0.6643590745925974,tags,FALSE,not_significant
asp.net-mvc,contradiction,-0.19484462494951543,tags,FALSE,not_significant
database,contradiction,0.3088867507860295,tags,FALSE,not_significant
wordpress,contradiction,-0.40622510238414267,tags,FALSE,not_significant
string,contradiction,2.1451270612310016,tags,TRUE,over_represented
postgresql,contradiction,0.8721724822423542,tags,FALSE,not_significant
flutter,contradiction,-2.3009074591445167,tags,TRUE,under_represented
mongodb,contradiction,-0.14267526790295962,tags,FALSE,not_significant
wpf,contradiction,-1.7094744958915564,tags,FALSE,not_significant
windows,contradiction,0.45322326906800464,tags,FALSE,not_significant
bash,contradiction,1.0122360875910166,tags,FALSE,not_significant
xcode,contradiction,-0.5727281802901281,tags,FALSE,not_significant
amazon-web-services,contradiction,-0.45721495260664713,tags,FALSE,not_significant
oracle-database,contradiction,1.410108959917966,tags,FALSE,not_significant
git,contradiction,1.705133667019107,tags,FALSE,not_significant
dataframe,contradiction,-2.0330137023029926,tags,TRUE,under_represented
spring-boot,contradiction,-0.10250561113928629,tags,FALSE,not_significant
azure,contradiction,-1.1233659991800855,tags,FALSE,not_significant
list,contradiction,0.33061467961902513,tags,FALSE,not_significant
multithreading,contradiction,3.8630746920271894,tags,TRUE,over_represented
firebase,contradiction,0.13720498074175166,tags,FALSE,not_significant
vb.net,contradiction,-0.3231377598726317,tags,FALSE,not_significant
docker,contradiction,-1.4914378556460108,tags,FALSE,not_significant
react-native,contradiction,-0.4910070509415507,tags,FALSE,not_significant
eclipse,contradiction,-1.201423520436131,tags,FALSE,not_significant
algorithm,contradiction,4.644850101567851,tags,TRUE,over_represented
powershell,contradiction,2.410763388245329,tags,TRUE,over_represented
macos,contradiction,0.7146731641709465,tags,FALSE,not_significant
numpy,contradiction,-1.0676195157863955,tags,FALSE,not_significant
visual-studio,contradiction,0.2687660343326082,tags,FALSE,not_significant
forms,contradiction,-2.0824024210319045,tags,TRUE,under_represented
image,contradiction,-1.621340128914447,tags,FALSE,not_significant
function,contradiction,1.007225551657902,tags,FALSE,not_significant
scala,contradiction,0.8946437646236286,tags,FALSE,not_significant
vue.js,contradiction,-1.6693248410349681,tags,FALSE,not_significant
twitter-bootstrap,contradiction,-1.7507879857937894,tags,FALSE,not_significant
performance,contradiction,1.4250738569797619,tags,FALSE,not_significant
winforms,contradiction,-0.45813259050088156,tags,FALSE,not_significant
selenium,contradiction,-1.9285394890854088,tags,FALSE,not_significant
loops,contradiction,-0.47125438612470283,tags,FALSE,not_significant
kotlin,contradiction,1.2669244447694914,tags,FALSE,not_significant
sqlite,contradiction,-0.7420081229987017,tags,FALSE,not_significant
matlab,contradiction,-1.1818792757996242,tags,FALSE,not_significant
python-2.7,contradiction,1.7005876805506284,tags,FALSE,not_significant
hibernate,contradiction,-0.6772755140537656,tags,FALSE,not_significant
shell,contradiction,1.5907998401589578,tags,FALSE,not_significant
express,contradiction,-2.0853636624182497,tags,TRUE,under_represented
dart,contradiction,-2.2616405311340277,tags,TRUE,under_represented
entity-framework,contradiction,1.0192124632124755,tags,FALSE,not_significant
csv,contradiction,-0.23386520602661226,tags,FALSE,not_significant
rest,contradiction,-0.43713819998176345,tags,FALSE,not_significant
apache,contradiction,1.9612660479969501,tags,FALSE,not_significant
maven,contradiction,-0.9431780361036003,tags,FALSE,not_significant
android-studio,contradiction,-1.4103565329262748,tags,FALSE,not_significant
linq,contradiction,0.022277639725915364,tags,FALSE,not_significant
dictionary,contradiction,-0.1433810570433011,tags,FALSE,not_significant
qt,contradiction,-0.5065149562867688,tags,FALSE,not_significant
asp.net-core,contradiction,0.18653028538858052,tags,FALSE,not_significant
unit-testing,contradiction,2.111328692026945,tags,TRUE,over_represented
facebook,contradiction,-2.080616419080999,tags,TRUE,under_represented
swing,contradiction,-1.2995781072747972,tags,FALSE,not_significant
file,contradiction,-0.31270899429580956,tags,FALSE,not_significant
class,contradiction,0.3759742685891264,tags,FALSE,not_significant
apache-spark,contradiction,-0.33178481413244676,tags,FALSE,not_significant
tensorflow,contradiction,-0.2371234524984445,tags,FALSE,not_significant
sorting,contradiction,0.01539388530310909,tags,FALSE,not_significant
date,contradiction,0.3074204577900351,tags,FALSE,not_significant
unity-game-engine,contradiction,-2.0312646977103186,tags,TRUE,under_represented
t-sql,contradiction,1.1922486353362702,tags,FALSE,not_significant
go,contradiction,1.9780975003016157,tags,FALSE,not_significant
authentication,contradiction,0.4703569910888566,tags,FALSE,not_significant
symfony,contradiction,-1.1943268398115798,tags,FALSE,not_significant
for-loop,contradiction,-1.505204957227293,tags,FALSE,not_significant
.htaccess,contradiction,2.1090593291927906,tags,TRUE,over_represented
matplotlib,contradiction,-1.7055581297447462,tags,FALSE,not_significant
datetime,contradiction,0.41779396419691406,tags,FALSE,not_significant
opencv,contradiction,-0.6671341648973971,tags,FALSE,not_significant
google-chrome,contradiction,1.929939523498638,tags,FALSE,not_significant
codeigniter,contradiction,0.14389421832040913,tags,FALSE,not_significant
perl,contradiction,3.7507031960818655,tags,TRUE,over_represented
validation,contradiction,-0.40538465523415373,tags,FALSE,not_significant
http,contradiction,1.9386974481880814,tags,FALSE,not_significant
sockets,contradiction,3.077761134783855,tags,TRUE,over_represented
object,contradiction,2.9616800249211943,tags,TRUE,over_represented
google-maps,contradiction,-0.8613748216877044,tags,FALSE,not_significant
uitableview,contradiction,0.9240604080405465,tags,FALSE,not_significant
xaml,contradiction,-1.6549469681522864,tags,FALSE,not_significant
if-statement,contradiction,1.6469708052157173,tags,FALSE,not_significant
oop,contradiction,2.941595631306026,tags,TRUE,over_represented
ubuntu,contradiction,-0.21549373304788003,tags,FALSE,not_significant
cordova,contradiction,-1.6421785083213296,tags,FALSE,not_significant
visual-studio-code,contradiction,-0.6903834035373911,tags,FALSE,not_significant
email,contradiction,-0.9592548713453758,tags,FALSE,not_significant
android-layout,contradiction,-1.0035910887064126,tags,FALSE,not_significant
ms-access,contradiction,-0.4973262579536272,tags,FALSE,not_significant
web-services,contradiction,-0.4504405112440249,tags,FALSE,not_significant
spring-mvc,contradiction,-0.5042446853676076,tags,FALSE,not_significant
ggplot2,contradiction,-1.8018632706240438,tags,FALSE,not_significant
parsing,contradiction,0.44958472221251816,tags,FALSE,not_significant
pointers,contradiction,3.827182585898985,tags,TRUE,over_represented
github,contradiction,-0.4635850028307965,tags,FALSE,not_significant
user-interface,contradiction,-1.138067079067749,tags,FALSE,not_significant
kubernetes,contradiction,-0.7519538474447347,tags,FALSE,not_significant
c++11,contradiction,7.638621895306165,tags,TRUE,over_represented
selenium-webdriver,contradiction,-1.4605616443306235,tags,FALSE,not_significant
google-sheets,contradiction,-2.1423709888632017,tags,TRUE,under_represented
elasticsearch,contradiction,-1.307210124567364,tags,FALSE,not_significant
google-apps-script,contradiction,-1.9116267118425103,tags,FALSE,not_significant
templates,contradiction,0.753564327053969,tags,FALSE,not_significant
ruby-on-rails-3,contradiction,-0.8237840205305986,tags,FALSE,not_significant
security,contradiction,1.1087102711707226,tags,FALSE,not_significant
variables,contradiction,1.1873689263113356,tags,FALSE,not_significant
machine-learning,contradiction,-1.5576399268930872,tags,FALSE,not_significant
flask,contradiction,-1.2874228926580722,tags,FALSE,not_significant
sql-server-2008,contradiction,0.9862697691240367,tags,FALSE,not_significant
exception,contradiction,1.787165565868157,tags,FALSE,not_significant
tkinter,contradiction,-1.6101344707968006,tags,FALSE,not_significant
delphi,contradiction,3.3480121247525187,tags,TRUE,over_represented
nginx,contradiction,-0.47229993360201106,tags,FALSE,not_significant
listview,contradiction,-0.0760100700385862,tags,FALSE,not_significant
haskell,contradiction,3.0920633125709993,tags,TRUE,over_represented
debugging,contradiction,-1.970555438334409,tags,FALSE,not_significant
asynchronous,contradiction,2.7433860498679246,tags,TRUE,over_represented
jpa,contradiction,-0.49760260612855906,tags,FALSE,not_significant
jsp,contradiction,-1.4415101972202213,tags,FALSE,not_significant
web-scraping,contradiction,-1.400928461147109,tags,FALSE,not_significant
gradle,contradiction,-1.0575470791520432,tags,FALSE,not_significant
batch-file,contradiction,0.4794591442189788,tags,FALSE,not_significant
generics,contradiction,4.6265754809276025,tags,TRUE,over_represented
xamarin,contradiction,-1.8146200769979335,tags,FALSE,not_significant
pdf,contradiction,-0.7563287265172792,tags,FALSE,not_significant
google-cloud-platform,contradiction,-0.6160038553656609,tags,FALSE,not_significant
wcf,contradiction,0.25621696414064704,tags,FALSE,not_significant
amazon-s3,contradiction,0.5564841627027044,tags,FALSE,not_significant
ssl,contradiction,0.007070781223367283,tags,FALSE,not_significant
testing,contradiction,-0.6200415661604856,tags,FALSE,not_significant
jenkins,contradiction,-0.9409311165889189,tags,FALSE,not_significant
npm,contradiction,-0.9069345147777382,tags,FALSE,not_significant
unix,contradiction,2.4630515529402413,tags,TRUE,over_represented
recursion,contradiction,2.169592832947812,tags,TRUE,over_represented
ionic-framework,contradiction,-0.8753958027950175,tags,FALSE,not_significant
network-programming,contradiction,-0.34324788486787045,tags,FALSE,not_significant
google-app-engine,contradiction,-0.5642944341131687,tags,FALSE,not_significant
visual-studio-2010,contradiction,-0.7689520742143073,tags,FALSE,not_significant
mongoose,contradiction,-1.0270868934357522,tags,FALSE,not_significant
assembly,contradiction,0.9767644583384906,tags,FALSE,not_significant
.net-core,contradiction,1.0203546846867426,tags,FALSE,not_significant
android-fragments,contradiction,-1.3886498013074506,tags,FALSE,not_significant
math,contradiction,0.9318493213287403,tags,FALSE,not_significant
join,contradiction,-0.5253440591908769,tags,FALSE,not_significant
winapi,contradiction,3.197116725698441,tags,TRUE,over_represented
svg,contradiction,-0.4319652698080937,tags,FALSE,not_significant
rust,contradiction,2.0948882645968023,tags,TRUE,over_represented
animation,contradiction,-0.38698248175200534,tags,FALSE,not_significant
session,contradiction,1.2524340654531119,tags,FALSE,not_significant
intellij-idea,contradiction,-0.9563997596789042,tags,FALSE,not_significant
django-models,contradiction,-1.2482159945395268,tags,FALSE,not_significant
laravel-5,contradiction,-1.0995706566459076,tags,FALSE,not_significant
curl,contradiction,0.1172953069051436,tags,FALSE,not_significant
hadoop,contradiction,1.0902900884243953,tags,FALSE,not_significant
javascript,pragmatic_tone,1.4382303125615314,tags,FALSE,not_significant
python,pragmatic_tone,-8.061090122538923,tags,TRUE,under_represented
java,pragmatic_tone,0.18473089745635768,tags,FALSE,not_significant
c#,pragmatic_tone,1.5176179546534874,tags,FALSE,not_significant
php,pragmatic_tone,6.86079881666634,tags,TRUE,over_represented
android,pragmatic_tone,-1.7396073817340598,tags,FALSE,not_significant
html,pragmatic_tone,4.392230090552576,tags,TRUE,over_represented
jquery,pragmatic_tone,1.972168878708402,tags,FALSE,not_significant
c++,pragmatic_tone,10.37167759148116,tags,TRUE,over_represented
css,pragmatic_tone,3.3843780608451324,tags,TRUE,over_represented
sql,pragmatic_tone,0.3110054263629846,tags,FALSE,not_significant
ios,pragmatic_tone,1.064134383058651,tags,FALSE,not_significant
mysql,pragmatic_tone,2.8052681433967694,tags,TRUE,over_represented
r,pragmatic_tone,-3.848359286246149,tags,TRUE,under_represented
reactjs,pragmatic_tone,-5.554703178309352,tags,TRUE,under_represented
node.js,pragmatic_tone,-3.3258207130192634,tags,TRUE,under_represented
arrays,pragmatic_tone,2.768385511690206,tags,TRUE,over_represented
c,pragmatic_tone,6.6972977811917564,tags,TRUE,over_represented
asp.net,pragmatic_tone,1.9297648833397265,tags,FALSE,not_significant
json,pragmatic_tone,-2.3549929701052275,tags,TRUE,under_represented
.net,pragmatic_tone,4.857307415371458,tags,TRUE,over_represented
sql-server,pragmatic_tone,0.9826844816040499,tags,FALSE,not_significant
python-3.x,pragmatic_tone,-3.115322239763175,tags,TRUE,under_represented
ruby-on-rails,pragmatic_tone,-2.6564101925805743,tags,TRUE,under_represented
swift,pragmatic_tone,-2.2569586653399285,tags,TRUE,under_represented
django,pragmatic_tone,-3.520150401941186,tags,TRUE,under_represented
angular,pragmatic_tone,-3.440297915817908,tags,TRUE,under_represented
objective-c,pragmatic_tone,2.2077712002611802,tags,TRUE,over_represented
excel,pragmatic_tone,-2.613853234287739,tags,TRUE,under_represented
pandas,pragmatic_tone,-4.138460735834567,tags,TRUE,under_represented
regex,pragmatic_tone,0.20826373520736025,tags,FALSE,not_significant
angularjs,pragmatic_tone,-1.4886980966130958,tags,FALSE,not_significant
typescript,pragmatic_tone,-3.248929491798093,tags,TRUE,under_represented
ruby,pragmatic_tone,-0.027863118843051187,tags,FALSE,not_significant
linux,pragmatic_tone,0.9934406572687658,tags,FALSE,not_significant
ajax,pragmatic_tone,1.2237066056335926,tags,FALSE,not_significant
iphone,pragmatic_tone,2.0511242294896186,tags,TRUE,over_represented
vba,pragmatic_tone,-2.5806240977110178,tags,TRUE,under_represented
xml,pragmatic_tone,-0.6559862643636803,tags,FALSE,not_significant
laravel,pragmatic_tone,-2.915586492459785,tags,TRUE,under_represented
spring,pragmatic_tone,-2.0087696975420664,tags,TRUE,under_represented
asp.net-mvc,pragmatic_tone,0.2907715167517293,tags,FALSE,not_significant
database,pragmatic_tone,-0.2662005633838137,tags,FALSE,not_significant
wordpress,pragmatic_tone,-0.20849727446752803,tags,FALSE,not_significant
string,pragmatic_tone,2.7784563017721857,tags,TRUE,over_represented
postgresql,pragmatic_tone,-1.9493570432696992,tags,FALSE,not_significant
flutter,pragmatic_tone,-2.2243010637296283,tags,TRUE,under_represented
mongodb,pragmatic_tone,-1.2389853947071023,tags,FALSE,not_significant
wpf,pragmatic_tone,0.0889352110080419,tags,FALSE,not_significant
windows,pragmatic_tone,1.4907678567606353,tags,FALSE,not_significant
bash,pragmatic_tone,-1.2427763940462884,tags,FALSE,not_significant
xcode,pragmatic_tone,-0.1924724962896104,tags,FALSE,not_significant
amazon-web-services,pragmatic_tone,-2.3961871956806213,tags,TRUE,under_represented
oracle-database,pragmatic_tone,-0.255126113418159,tags,FALSE,not_significant
git,pragmatic_tone,-0.020330642026175034,tags,FALSE,not_significant
dataframe,pragmatic_tone,-3.0954919333292903,tags,TRUE,under_represented
spring-boot,pragmatic_tone,-0.5739594001312807,tags,FALSE,not_significant
azure,pragmatic_tone,-2.852768895571545,tags,TRUE,under_represented
list,pragmatic_tone,-1.5922870105961615,tags,FALSE,not_significant
multithreading,pragmatic_tone,2.6245550666618875,tags,TRUE,over_represented
firebase,pragmatic_tone,-2.9535858298180937,tags,TRUE,under_represented
vb.net,pragmatic_tone,0.7126053136480293,tags,FALSE,not_significant
docker,pragmatic_tone,-3.144448428401563,tags,TRUE,under_represented
react-native,pragmatic_tone,-2.881699286022741,tags,TRUE,under_represented
eclipse,pragmatic_tone,0.8327613591290904,tags,FALSE,not_significant
algorithm,pragmatic_tone,1.913683055599382,tags,FALSE,not_significant
powershell,pragmatic_tone,-0.6219983082537177,tags,FALSE,not_significant
macos,pragmatic_tone,1.2889734917781297,tags,FALSE,not_significant
numpy,pragmatic_tone,-2.60708322368907,tags,TRUE,under_represented
visual-studio,pragmatic_tone,2.602834370688072,tags,TRUE,over_represented
forms,pragmatic_tone,-0.08012648731827313,tags,FALSE,not_significant
image,pragmatic_tone,-0.10593770261712808,tags,FALSE,not_significant
function,pragmatic_tone,0.11409448948378,tags,FALSE,not_significant
scala,pragmatic_tone,-1.238999026611136,tags,FALSE,not_significant
vue.js,pragmatic_tone,-1.5891150562223524,tags,FALSE,not_significant
twitter-bootstrap,pragmatic_tone,-0.47207769842214353,tags,FALSE,not_significant
performance,pragmatic_tone,6.924741649595422,tags,TRUE,over_represented
winforms,pragmatic_tone,-0.35336998418441795,tags,FALSE,not_significant
selenium,pragmatic_tone,-2.8397994369115995,tags,TRUE,under_represented
loops,pragmatic_tone,0.13905963741765548,tags,FALSE,not_significant
kotlin,pragmatic_tone,-2.1515810316886985,tags,TRUE,under_represented
sqlite,pragmatic_tone,-0.7059676217179338,tags,FALSE,not_significant
matlab,pragmatic_tone,-0.21158126649832282,tags,FALSE,not_significant
python-2.7,pragmatic_tone,-1.4647243143393687,tags,FALSE,not_significant
hibernate,pragmatic_tone,-0.9208514396090239,tags,FALSE,not_significant
shell,pragmatic_tone,-0.698405030502903,tags,FALSE,not_significant
express,pragmatic_tone,-2.553205561730618,tags,TRUE,under_represented
dart,pragmatic_tone,-1.5074087919596528,tags,FALSE,not_significant
entity-framework,pragmatic_tone,-0.07097389642275563,tags,FALSE,not_significant
csv,pragmatic_tone,-1.2770777070334727,tags,FALSE,not_significant
rest,pragmatic_tone,-0.9342120970113041,tags,FALSE,not_significant
apache,pragmatic_tone,0.3727896322971868,tags,FALSE,not_significant
maven,pragmatic_tone,-2.6153745501604897,tags,TRUE,under_represented
android-studio,pragmatic_tone,-0.5268746353229621,tags,FALSE,not_significant
linq,pragmatic_tone,0.6246506149605235,tags,FALSE,not_significant
dictionary,pragmatic_tone,-1.2873959263579682,tags,FALSE,not_significant
qt,pragmatic_tone,3.986931744726169,tags,TRUE,over_represented
asp.net-core,pragmatic_tone,-1.7393730027989096,tags,FALSE,not_significant
unit-testing,pragmatic_tone,-0.5253582477966493,tags,FALSE,not_significant
facebook,pragmatic_tone,0.7270523296569508,tags,FALSE,not_significant
swing,pragmatic_tone,0.45935822556607425,tags,FALSE,not_significant
file,pragmatic_tone,0.3107089011807612,tags,FALSE,not_significant
class,pragmatic_tone,-0.9280707407851655,tags,FALSE,not_significant
apache-spark,pragmatic_tone,-1.7014501241077442,tags,FALSE,not_significant
tensorflow,pragmatic_tone,-1.6107694046233472,tags,FALSE,not_significant
sorting,pragmatic_tone,0.5502551336923253,tags,FALSE,not_significant
date,pragmatic_tone,-0.6894738713667391,tags,FALSE,not_significant
unity-game-engine,pragmatic_tone,-2.4818233105491343,tags,TRUE,under_represented
t-sql,pragmatic_tone,0.5217025267359722,tags,FALSE,not_significant
go,pragmatic_tone,-0.976476942549644,tags,FALSE,not_significant
authentication,pragmatic_tone,1.3695252562111402,tags,FALSE,not_significant
symfony,pragmatic_tone,0.9425996248136745,tags,FALSE,not_significant
for-loop,pragmatic_tone,0.47464815955771994,tags,FALSE,not_significant
.htaccess,pragmatic_tone,-0.14573582173284919,tags,FALSE,not_significant
matplotlib,pragmatic_tone,-2.4118675782149372,tags,TRUE,under_represented
datetime,pragmatic_tone,0.7096566236407783,tags,FALSE,not_significant
opencv,pragmatic_tone,-1.0340346794896143,tags,FALSE,not_significant
google-chrome,pragmatic_tone,0.5013196673980193,tags,FALSE,not_significant
codeigniter,pragmatic_tone,0.11879525513634208,tags,FALSE,not_significant
perl,pragmatic_tone,2.199586270005156,tags,TRUE,over_represented
validation,pragmatic_tone,0.7037727753134001,tags,FALSE,not_significant
http,pragmatic_tone,2.2203371431548975,tags,TRUE,over_represented
sockets,pragmatic_tone,-0.7155233461940409,tags,FALSE,not_significant
object,pragmatic_tone,-0.18231332715368886,tags,FALSE,not_significant
google-maps,pragmatic_tone,0.8365977964354542,tags,FALSE,not_significant
uitableview,pragmatic_tone,0.17638392579078307,tags,FALSE,not_significant
xaml,pragmatic_tone,-0.14069209251668968,tags,FALSE,not_significant
if-statement,pragmatic_tone,-2.1712272364978538,tags,TRUE,under_represented
oop,pragmatic_tone,1.5542353381512004,tags,FALSE,not_significant
ubuntu,pragmatic_tone,2.3107960081938685,tags,TRUE,over_represented
cordova,pragmatic_tone,-0.6704369922376411,tags,FALSE,not_significant
visual-studio-code,pragmatic_tone,-1.8707354028176544,tags,FALSE,not_significant
email,pragmatic_tone,0.2519243874162681,tags,FALSE,not_significant
android-layout,pragmatic_tone,0.5644829652772442,tags,FALSE,not_significant
ms-access,pragmatic_tone,-1.1703042146245741,tags,FALSE,not_significant
web-services,pragmatic_tone,1.0478719377875714,tags,FALSE,not_significant
spring-mvc,pragmatic_tone,-0.6092728857173125,tags,FALSE,not_significant
ggplot2,pragmatic_tone,-2.305153959387901,tags,TRUE,under_represented
parsing,pragmatic_tone,-0.7614446342910449,tags,FALSE,not_significant
pointers,pragmatic_tone,1.9120481070017346,tags,FALSE,not_significant
github,pragmatic_tone,-0.5568384976841257,tags,FALSE,not_significant
user-interface,pragmatic_tone,-0.43574483798903557,tags,FALSE,not_significant
kubernetes,pragmatic_tone,-1.5033883153315841,tags,FALSE,not_significant
c++11,pragmatic_tone,1.6866433857914527,tags,FALSE,not_significant
selenium-webdriver,pragmatic_tone,-1.7237834388935234,tags,FALSE,not_significant
google-sheets,pragmatic_tone,-2.375058169292413,tags,TRUE,under_represented
elasticsearch,pragmatic_tone,-1.9417917425507365,tags,FALSE,not_significant
google-apps-script,pragmatic_tone,-2.6586321068462393,tags,TRUE,under_represented
templates,pragmatic_tone,1.1505818403644035,tags,FALSE,not_significant
ruby-on-rails-3,pragmatic_tone,-0.7516572728962867,tags,FALSE,not_significant
security,pragmatic_tone,1.9818101930595156,tags,FALSE,not_significant
variables,pragmatic_tone,1.1478859105479307,tags,FALSE,not_significant
machine-learning,pragmatic_tone,-1.4707737997251193,tags,FALSE,not_significant
flask,pragmatic_tone,-2.3458304153370277,tags,TRUE,under_represented
sql-server-2008,pragmatic_tone,-0.6795596458108236,tags,FALSE,not_significant
exception,pragmatic_tone,1.6828006668423796,tags,FALSE,not_significant
tkinter,pragmatic_tone,-1.5485307789347682,tags,FALSE,not_significant
delphi,pragmatic_tone,3.5114782905977684,tags,TRUE,over_represented
nginx,pragmatic_tone,-0.7318023707336366,tags,FALSE,not_significant
listview,pragmatic_tone,-2.226143823671322,tags,TRUE,under_represented
haskell,pragmatic_tone,-0.09439450534115801,tags,FALSE,not_significant
debugging,pragmatic_tone,-0.13591673323927816,tags,FALSE,not_significant
asynchronous,pragmatic_tone,0.6876978561667337,tags,FALSE,not_significant
jpa,pragmatic_tone,-1.3839751444021169,tags,FALSE,not_significant
jsp,pragmatic_tone,1.1075723066924934,tags,FALSE,not_significant
web-scraping,pragmatic_tone,-2.051455964105305,tags,TRUE,under_represented
gradle,pragmatic_tone,-0.7098267287980682,tags,FALSE,not_significant
batch-file,pragmatic_tone,-1.0149611518773967,tags,FALSE,not_significant
generics,pragmatic_tone,0.4335938456678268,tags,FALSE,not_significant
xamarin,pragmatic_tone,-1.026723648037709,tags,FALSE,not_significant
pdf,pragmatic_tone,-0.6583540495928184,tags,FALSE,not_significant
google-cloud-platform,pragmatic_tone,-1.801157604011438,tags,FALSE,not_significant
wcf,pragmatic_tone,-0.3164706817297326,tags,FALSE,not_significant
amazon-s3,pragmatic_tone,-0.8810007879456607,tags,FALSE,not_significant
ssl,pragmatic_tone,-1.3075733648991914,tags,FALSE,not_significant
testing,pragmatic_tone,-0.4692098599078707,tags,FALSE,not_significant
jenkins,pragmatic_tone,-1.0230003149551006,tags,FALSE,not_significant
npm,pragmatic_tone,-1.9855901417973336,tags,FALSE,not_significant
unix,pragmatic_tone,0.9241653497011192,tags,FALSE,not_significant
recursion,pragmatic_tone,0.22502363626713487,tags,FALSE,not_significant
ionic-framework,pragmatic_tone,-1.4454459013030057,tags,FALSE,not_significant
network-programming,pragmatic_tone,-1.6295303936491872,tags,FALSE,not_significant
google-app-engine,pragmatic_tone,-1.299373145979037,tags,FALSE,not_significant
visual-studio-2010,pragmatic_tone,3.131971356444445,tags,TRUE,over_represented
mongoose,pragmatic_tone,-1.6179938401977245,tags,FALSE,not_significant
assembly,pragmatic_tone,1.5489449939091848,tags,FALSE,not_significant
.net-core,pragmatic_tone,-0.9674805978072964,tags,FALSE,not_significant
android-fragments,pragmatic_tone,0.010737471240548076,tags,FALSE,not_significant
math,pragmatic_tone,2.141241765566763,tags,TRUE,over_represented
join,pragmatic_tone,-0.6364802818711276,tags,FALSE,not_significant
winapi,pragmatic_tone,2.2133648997358004,tags,TRUE,over_represented
svg,pragmatic_tone,-0.20675542177261758,tags,FALSE,not_significant
rust,pragmatic_tone,-0.12744689539820153,tags,FALSE,not_significant
animation,pragmatic_tone,-0.6265095549931539,tags,FALSE,not_significant
session,pragmatic_tone,-1.2018392529458686,tags,FALSE,not_significant
intellij-idea,pragmatic_tone,-1.0440461366860332,tags,FALSE,not_significant
django-models,pragmatic_tone,-1.873086011779237,tags,FALSE,not_significant
laravel-5,pragmatic_tone,-0.3124419839655266,tags,FALSE,not_significant
curl,pragmatic_tone,0.19287521248273506,tags,FALSE,not_significant
hadoop,pragmatic_tone,1.1160278748828834,tags,FALSE,not_significant
javascript,actionability,2.406311267077905,tags,TRUE,over_represented
python,actionability,6.582220130046005,tags,TRUE,over_represented
java,actionability,1.7268418279027267,tags,FALSE,not_significant
c#,actionability,-0.33978438629210245,tags,FALSE,not_significant
php,actionability,5.668148809788799,tags,TRUE,over_represented
android,actionability,3.5271227434351604,tags,TRUE,over_represented
html,actionability,-8.771056823747642,tags,TRUE,under_represented
jquery,actionability,-9.854029090366591,tags,TRUE,under_represented
c++,actionability,-28.717721254842616,tags,TRUE,under_represented
css,actionability,-28.878763673760552,tags,TRUE,under_represented
sql,actionability,-16.127691192709555,tags,TRUE,under_represented
ios,actionability,21.72256078788629,tags,TRUE,over_represented
mysql,actionability,-4.4958304473469175,tags,TRUE,under_represented
r,actionability,-5.993062123999387,tags,TRUE,under_represented
reactjs,actionability,-4.1440972549205854,tags,TRUE,under_represented
node.js,actionability,16.24471550699754,tags,TRUE,over_represented
arrays,actionability,6.617677622618091,tags,TRUE,over_represented
c,actionability,-17.805053389459953,tags,TRUE,under_represented
asp.net,actionability,3.1719951169829637,tags,TRUE,over_represented
json,actionability,19.781345999167815,tags,TRUE,over_represented
.net,actionability,-6.918666583956667,tags,TRUE,under_represented
sql-server,actionability,-9.080217912335318,tags,TRUE,under_represented
python-3.x,actionability,4.444466873223014,tags,TRUE,over_represented
ruby-on-rails,actionability,6.620763928754836,tags,TRUE,over_represented
swift,actionability,19.708476934235858,tags,TRUE,over_represented
django,actionability,-4.749637853930262,tags,TRUE,under_represented
angular,actionability,-4.863555820693361,tags,TRUE,under_represented
objective-c,actionability,13.003801865941728,tags,TRUE,over_represented
excel,actionability,7.282420648712675,tags,TRUE,over_represented
pandas,actionability,9.101411675115328,tags,TRUE,over_represented
regex,actionability,-18.54760427010182,tags,TRUE,under_represented
angularjs,actionability,-1.2526916774198553,tags,FALSE,not_significant
typescript,actionability,-5.087060313012356,tags,TRUE,under_represented
ruby,actionability,-0.12261065007867569,tags,FALSE,not_significant
linux,actionability,3.1394317257221998,tags,TRUE,over_represented
ajax,actionability,6.189670840252208,tags,TRUE,over_represented
iphone,actionability,13.042551863151143,tags,TRUE,over_represented
vba,actionability,7.133080071946281,tags,TRUE,over_represented
xml,actionability,7.357071329020256,tags,TRUE,over_represented
laravel,actionability,-7.967299037689587,tags,TRUE,under_represented
spring,actionability,-5.8671173724576295,tags,TRUE,under_represented
asp.net-mvc,actionability,1.5273320742085188,tags,FALSE,not_significant
database,actionability,2.38909045798425,tags,TRUE,over_represented
wordpress,actionability,4.199558904596748,tags,TRUE,over_represented
string,actionability,-0.4977911115265266,tags,FALSE,not_significant
postgresql,actionability,-3.6125598109540844,tags,TRUE,under_represented
flutter,actionability,-0.8313450984257698,tags,FALSE,not_significant
mongodb,actionability,1.7011706703940312,tags,FALSE,not_significant
wpf,actionability,10.74249678435473,tags,TRUE,over_represented
windows,actionability,8.382177836372701,tags,TRUE,over_represented
bash,actionability,8.070152087807484,tags,TRUE,over_represented
xcode,actionability,18.287632112322704,tags,TRUE,over_represented
amazon-web-services,actionability,3.6990354652687736,tags,TRUE,over_represented
oracle-database,actionability,-16.384242008185726,tags,TRUE,under_represented
git,actionability,17.06182321054644,tags,TRUE,over_represented
dataframe,actionability,7.634428019950002,tags,TRUE,over_represented
spring-boot,actionability,-7.146288754587984,tags,TRUE,under_represented
azure,actionability,3.3612921104120845,tags,TRUE,over_represented
list,actionability,-1.031375679204773,tags,FALSE,not_significant
multithreading,actionability,-11.055470332436151,tags,TRUE,under_represented
firebase,actionability,10.94970098822809,tags,TRUE,over_represented
vb.net,actionability,10.521895447484205,tags,TRUE,over_represented
docker,actionability,5.251095616615807,tags,TRUE,over_represented
react-native,actionability,0.3958521216755358,tags,FALSE,not_significant
eclipse,actionability,6.529804102462603,tags,TRUE,over_represented
algorithm,actionability,-15.498000605314525,tags,TRUE,under_represented
powershell,actionability,11.597628459302706,tags,TRUE,over_represented
macos,actionability,16.953992156972532,tags,TRUE,over_represented
numpy,actionability,-9.92892714697264,tags,TRUE,under_represented
visual-studio,actionability,5.1255300925444836,tags,TRUE,over_represented
forms,actionability,6.0750361705662685,tags,TRUE,over_represented
image,actionability,5.004122959414843,tags,TRUE,over_represented
function,actionability,-2.0736108256873176,tags,TRUE,under_represented
scala,actionability,-6.341496609734169,tags,TRUE,under_represented
vue.js,actionability,-1.2887878374139479,tags,FALSE,not_significant
twitter-bootstrap,actionability,-8.095887706641472,tags,TRUE,under_represented
performance,actionability,-23.8989621046547,tags,TRUE,under_represented
winforms,actionability,8.168645839322023,tags,TRUE,over_represented
selenium,actionability,-7.791837073995787,tags,TRUE,under_represented
loops,actionability,1.3313761645575983,tags,FALSE,not_significant
kotlin,actionability,-7.8163119228388585,tags,TRUE,under_represented
sqlite,actionability,7.737385974970139,tags,TRUE,over_represented
matlab,actionability,-6.894103668217785,tags,TRUE,under_represented
python-2.7,actionability,2.699450535898446,tags,TRUE,over_represented
hibernate,actionability,-8.365632407587862,tags,TRUE,under_represented
shell,actionability,5.0580348571662475,tags,TRUE,over_represented
express,actionability,6.669857337943532,tags,TRUE,over_represented
dart,actionability,1.3361020832853139,tags,FALSE,not_significant
entity-framework,actionability,-0.9163630081058698,tags,FALSE,not_significant
csv,actionability,13.007437551253174,tags,TRUE,over_represented
rest,actionability,4.307697426268333,tags,TRUE,over_represented
apache,actionability,-1.7757047836051367,tags,FALSE,not_significant
maven,actionability,-3.968197894226424,tags,TRUE,under_represented
android-studio,actionability,2.123262454866899,tags,TRUE,over_represented
linq,actionability,-9.263326134552257,tags,TRUE,under_represented
dictionary,actionability,0.25456366563114813,tags,FALSE,not_significant
qt,actionability,-1.8086028195370045,tags,FALSE,not_significant
asp.net-core,actionability,1.0162789896431066,tags,FALSE,not_significant
unit-testing,actionability,11.42220632803911,tags,TRUE,over_represented
facebook,actionability,4.768320254007774,tags,TRUE,over_represented
swing,actionability,14.289469317951129,tags,TRUE,over_represented
file,actionability,7.985990959378398,tags,TRUE,over_represented
class,actionability,-3.4327590717064598,tags,TRUE,under_represented
apache-spark,actionability,0.9117162574129334,tags,FALSE,not_significant
tensorflow,actionability,-4.242379418156685,tags,TRUE,under_represented
sorting,actionability,0.3443754613700448,tags,FALSE,not_significant
date,actionability,6.427923867591425,tags,TRUE,over_represented
unity-game-engine,actionability,3.8551125020854546,tags,TRUE,over_represented
t-sql,actionability,-5.864045064830052,tags,TRUE,under_represented
go,actionability,-2.961362589446056,tags,TRUE,under_represented
authentication,actionability,8.80413250159575,tags,TRUE,over_represented
symfony,actionability,-8.072957185367088,tags,TRUE,under_represented
for-loop,actionability,-5.285659774619698,tags,TRUE,under_represented
.htaccess,actionability,-6.707183566424738,tags,TRUE,under_represented
matplotlib,actionability,4.049844167335921,tags,TRUE,over_represented
datetime,actionability,7.248639411504,tags,TRUE,over_represented
opencv,actionability,-3.8232592666315592,tags,TRUE,under_represented
google-chrome,actionability,-1.553809835945303,tags,FALSE,not_significant
codeigniter,actionability,-5.062244838719018,tags,TRUE,under_represented
perl,actionability,-1.4217826600095689,tags,FALSE,not_significant
validation,actionability,-1.433072400250826,tags,FALSE,not_significant
http,actionability,0.9941963122696559,tags,FALSE,not_significant
sockets,actionability,1.3984274975801825,tags,FALSE,not_significant
object,actionability,-0.762233078937406,tags,FALSE,not_significant
google-maps,actionability,4.609498108785017,tags,TRUE,over_represented
uitableview,actionability,9.771344455586911,tags,TRUE,over_represented
xaml,actionability,4.33344499519292,tags,TRUE,over_represented
if-statement,actionability,-5.324192916617497,tags,TRUE,under_represented
oop,actionability,-8.64630604412438,tags,TRUE,under_represented
ubuntu,actionability,7.556779020033178,tags,TRUE,over_represented
cordova,actionability,-1.4828918545374765,tags,FALSE,not_significant
visual-studio-code,actionability,7.156371935979845,tags,TRUE,over_represented
email,actionability,5.70029445677704,tags,TRUE,over_represented
android-layout,actionability,-2.7597100679962057,tags,TRUE,under_represented
ms-access,actionability,4.850571971832176,tags,TRUE,over_represented
web-services,actionability,1.2279151453024284,tags,FALSE,not_significant
spring-mvc,actionability,-3.095372197659095,tags,TRUE,under_represented
ggplot2,actionability,0.5167690757497606,tags,FALSE,not_significant
parsing,actionability,9.013135034484025,tags,TRUE,over_represented
pointers,actionability,-12.38030728370889,tags,TRUE,under_represented
github,actionability,13.139572406345904,tags,TRUE,over_represented
user-interface,actionability,7.130104140227608,tags,TRUE,over_represented
kubernetes,actionability,-2.416286251482467,tags,TRUE,under_represented
c++11,actionability,-18.195267967094377,tags,TRUE,under_represented
selenium-webdriver,actionability,-6.8295289601670195,tags,TRUE,under_represented
google-sheets,actionability,-2.607548913751571,tags,TRUE,under_represented
elasticsearch,actionability,-8.988189915827446,tags,TRUE,under_represented
google-apps-script,actionability,-6.546662463528147,tags,TRUE,under_represented
templates,actionability,-12.88523597667492,tags,TRUE,under_represented
ruby-on-rails-3,actionability,6.2923564414238875,tags,TRUE,over_represented
security,actionability,2.967987873814914,tags,TRUE,over_represented
variables,actionability,2.205117464029098,tags,TRUE,over_represented
machine-learning,actionability,-4.773659365455592,tags,TRUE,under_represented
flask,actionability,6.03136675525901,tags,TRUE,over_represented
sql-server-2008,actionability,-2.9582414736110714,tags,TRUE,under_represented
exception,actionability,-5.733183169215858,tags,TRUE,under_represented
tkinter,actionability,8.439526846523435,tags,TRUE,over_represented
delphi,actionability,-6.073554929090877,tags,TRUE,under_represented
nginx,actionability,-3.722891382356705,tags,TRUE,under_represented
listview,actionability,4.30462752379589,tags,TRUE,over_represented
haskell,actionability,-5.119974513652787,tags,TRUE,under_represented
debugging,actionability,2.8490485736709883,tags,TRUE,over_represented
asynchronous,actionability,3.3561932905508454,tags,TRUE,over_represented
jpa,actionability,-8.743793161022252,tags,TRUE,under_represented
jsp,actionability,3.171839659512681,tags,TRUE,over_represented
web-scraping,actionability,6.917433624427515,tags,TRUE,over_represented
gradle,actionability,1.1703082725675864,tags,FALSE,not_significant
batch-file,actionability,9.291297322351893,tags,TRUE,over_represented
generics,actionability,-12.227356757828629,tags,TRUE,under_represented
xamarin,actionability,1.4036090449939451,tags,FALSE,not_significant
pdf,actionability,3.173467323696874,tags,TRUE,over_represented
google-cloud-platform,actionability,-2.6256660071844857,tags,TRUE,under_represented
wcf,actionability,-1.1414840907376325,tags,FALSE,not_significant
amazon-s3,actionability,3.3655965746422867,tags,TRUE,over_represented
ssl,actionability,2.2434521146228685,tags,TRUE,over_represented
testing,actionability,3.9757846922498246,tags,TRUE,over_represented
jenkins,actionability,6.8601924432061745,tags,TRUE,over_represented
npm,actionability,1.2051996516529682,tags,FALSE,not_significant
unix,actionability,1.1399322261927405,tags,FALSE,not_significant
recursion,actionability,-7.339318817965607,tags,TRUE,under_represented
ionic-framework,actionability,-2.589791807306736,tags,TRUE,under_represented
network-programming,actionability,0.6640605948442383,tags,FALSE,not_significant
google-app-engine,actionability,1.8294090022673928,tags,FALSE,not_significant
visual-studio-2010,actionability,3.740770832014492,tags,TRUE,over_represented
mongoose,actionability,2.618141063445293,tags,TRUE,over_represented
assembly,actionability,-4.655489365999111,tags,TRUE,under_represented
.net-core,actionability,-1.8496202403989646,tags,FALSE,not_significant
android-fragments,actionability,2.968367035417984,tags,TRUE,over_represented
math,actionability,-6.005742713699052,tags,TRUE,under_represented
join,actionability,-8.353753910110294,tags,TRUE,under_represented
winapi,actionability,3.2148132141158086,tags,TRUE,over_represented
svg,actionability,-2.7411075295876675,tags,TRUE,under_represented
rust,actionability,14.033243962892975,tags,TRUE,over_represented
animation,actionability,2.7772114750338943,tags,TRUE,over_represented
session,actionability,6.263114123777199,tags,TRUE,over_represented
intellij-idea,actionability,3.36393453132343,tags,TRUE,over_represented
django-models,actionability,0.609242993708152,tags,FALSE,not_significant
laravel-5,actionability,-2.6558177387550814,tags,TRUE,under_represented
curl,actionability,5.036774490907089,tags,TRUE,over_represented
hadoop,actionability,-3.797618977655374,tags,TRUE,under_represented
javascript,scope_ambiguity,-7.397898499697991,tags,TRUE,under_represented
python,scope_ambiguity,-5.925627674043795,tags,TRUE,under_represented
java,scope_ambiguity,0.9977234591992634,tags,FALSE,not_significant
c#,scope_ambiguity,12.716574564444944,tags,TRUE,over_represented
php,scope_ambiguity,-5.807061831413238,tags,TRUE,under_represented
android,scope_ambiguity,-9.131529065777146,tags,TRUE,under_represented
html,scope_ambiguity,-9.1066979420891,tags,TRUE,under_represented
jquery,scope_ambiguity,-12.76519403402421,tags,TRUE,under_represented
c++,scope_ambiguity,9.839101042974146,tags,TRUE,over_represented
css,scope_ambiguity,-4.758697274112379,tags,TRUE,under_represented
sql,scope_ambiguity,25.09648288027406,tags,TRUE,over_represented
ios,scope_ambiguity,-1.669708406528582,tags,FALSE,not_significant
mysql,scope_ambiguity,-1.7267428875151998,tags,FALSE,not_significant
r,scope_ambiguity,-5.113506126332083,tags,TRUE,under_represented
reactjs,scope_ambiguity,-8.465241189508552,tags,TRUE,under_represented
node.js,scope_ambiguity,-6.006340082901051,tags,TRUE,under_represented
arrays,scope_ambiguity,-1.5933805396741074,tags,FALSE,not_significant
c,scope_ambiguity,7.6523502195937105,tags,TRUE,over_represented
asp.net,scope_ambiguity,1.826021395630328,tags,FALSE,not_significant
json,scope_ambiguity,-8.095086823711451,tags,TRUE,under_represented
.net,scope_ambiguity,12.591580730984136,tags,TRUE,over_represented
sql-server,scope_ambiguity,21.239706446952017,tags,TRUE,over_represented
python-3.x,scope_ambiguity,-3.577513020014378,tags,TRUE,under_represented
ruby-on-rails,scope_ambiguity,-5.468585616879889,tags,TRUE,under_represented
swift,scope_ambiguity,-0.05834711487000812,tags,FALSE,not_significant
django,scope_ambiguity,-7.777577823940867,tags,TRUE,under_represented
angular,scope_ambiguity,-4.5933790167906805,tags,TRUE,under_represented
objective-c,scope_ambiguity,-0.903952756691136,tags,FALSE,not_significant
excel,scope_ambiguity,-0.6252866915695151,tags,FALSE,not_significant
pandas,scope_ambiguity,-5.89326106888867,tags,TRUE,under_represented
regex,scope_ambiguity,19.423666275850227,tags,TRUE,over_represented
angularjs,scope_ambiguity,-6.269918779372183,tags,TRUE,under_represented
typescript,scope_ambiguity,-3.8267626997337345,tags,TRUE,under_represented
ruby,scope_ambiguity,-1.8346563938806721,tags,FALSE,not_significant
linux,scope_ambiguity,1.6565661437500936,tags,FALSE,not_significant
ajax,scope_ambiguity,-9.818748544583755,tags,TRUE,under_represented
iphone,scope_ambiguity,-0.18098381889138665,tags,FALSE,not_significant
vba,scope_ambiguity,-2.124492204473149,tags,TRUE,under_represented
xml,scope_ambiguity,-2.6289942289862025,tags,TRUE,under_represented
laravel,scope_ambiguity,-2.5255980430536735,tags,TRUE,under_represented
spring,scope_ambiguity,-3.5124858112969246,tags,TRUE,under_represented
asp.net-mvc,scope_ambiguity,-2.6141995342538538,tags,TRUE,under_represented
database,scope_ambiguity,7.44945294825694,tags,TRUE,over_represented
wordpress,scope_ambiguity,-0.13015246469076264,tags,FALSE,not_significant
string,scope_ambiguity,8.200647068458517,tags,TRUE,over_represented
postgresql,scope_ambiguity,0.6865271449864427,tags,FALSE,not_significant
flutter,scope_ambiguity,0.6431901187956885,tags,FALSE,not_significant
mongodb,scope_ambiguity,-3.115934584537477,tags,TRUE,under_represented
wpf,scope_ambiguity,-2.5739253837239264,tags,TRUE,under_represented
windows,scope_ambiguity,5.368312246864537,tags,TRUE,over_represented
bash,scope_ambiguity,0.3839845657276047,tags,FALSE,not_significant
xcode,scope_ambiguity,-2.073711650642993,tags,TRUE,under_represented
amazon-web-services,scope_ambiguity,-0.18266863433185865,tags,FALSE,not_significant
oracle-database,scope_ambiguity,6.1996358641885045,tags,TRUE,over_represented
git,scope_ambiguity,1.1219983676213434,tags,FALSE,not_significant
dataframe,scope_ambiguity,-3.6602368977297024,tags,TRUE,under_represented
spring-boot,scope_ambiguity,-3.969791224547667,tags,TRUE,under_represented
azure,scope_ambiguity,1.9594850692294574,tags,FALSE,not_significant
list,scope_ambiguity,0.8536886486634284,tags,FALSE,not_significant
multithreading,scope_ambiguity,5.42184478093011,tags,TRUE,over_represented
firebase,scope_ambiguity,-1.1504034798579061,tags,FALSE,not_significant
vb.net,scope_ambiguity,1.2509086859314291,tags,FALSE,not_significant
docker,scope_ambiguity,-3.452229047613593,tags,TRUE,under_represented
react-native,scope_ambiguity,-1.0860170030810021,tags,FALSE,not_significant
eclipse,scope_ambiguity,-2.626249811105279,tags,TRUE,under_represented
algorithm,scope_ambiguity,21.596300080574245,tags,TRUE,over_represented
powershell,scope_ambiguity,-0.5954129547121206,tags,FALSE,not_significant
macos,scope_ambiguity,0.5518389389498505,tags,FALSE,not_significant
numpy,scope_ambiguity,0.34704440545834603,tags,FALSE,not_significant
visual-studio,scope_ambiguity,1.5532280694402003,tags,FALSE,not_significant
forms,scope_ambiguity,-3.960438883733913,tags,TRUE,under_represented
image,scope_ambiguity,-2.2549789670310427,tags,TRUE,under_represented
function,scope_ambiguity,-0.5777587452877383,tags,FALSE,not_significant
scala,scope_ambiguity,4.523966634781089,tags,TRUE,over_represented
vue.js,scope_ambiguity,-3.4589975445525516,tags,TRUE,under_represented
twitter-bootstrap,scope_ambiguity,-3.6857459958725687,tags,TRUE,under_represented
performance,scope_ambiguity,15.061928475404885,tags,TRUE,over_represented
winforms,scope_ambiguity,2.7912600439112705,tags,TRUE,over_represented
selenium,scope_ambiguity,-2.3023884168986286,tags,TRUE,under_represented
loops,scope_ambiguity,0.8085049687810512,tags,FALSE,not_significant
kotlin,scope_ambiguity,-0.44486526267620985,tags,FALSE,not_significant
sqlite,scope_ambiguity,-3.308228086285963,tags,TRUE,under_represented
matlab,scope_ambiguity,-1.998438664951104,tags,FALSE,not_significant
python-2.7,scope_ambiguity,0.2092119545599262,tags,FALSE,not_significant
hibernate,scope_ambiguity,-4.091728598776063,tags,TRUE,under_represented
shell,scope_ambiguity,0.05197632909946879,tags,FALSE,not_significant
express,scope_ambiguity,-4.586722922340263,tags,TRUE,under_represented
dart,scope_ambiguity,2.4568349390594673,tags,TRUE,over_represented
entity-framework,scope_ambiguity,0.7803285446355831,tags,FALSE,not_significant
csv,scope_ambiguity,-3.849945452156952,tags,TRUE,under_represented
rest,scope_ambiguity,1.5597025065814683,tags,FALSE,not_significant
apache,scope_ambiguity,0.4169598091093272,tags,FALSE,not_significant
maven,scope_ambiguity,-0.7577385778074032,tags,FALSE,not_significant
android-studio,scope_ambiguity,-1.7986858839944089,tags,FALSE,not_significant
linq,scope_ambiguity,0.1754496235098668,tags,FALSE,not_significant
dictionary,scope_ambiguity,-0.48516755927456173,tags,FALSE,not_significant
qt,scope_ambiguity,-3.4197247504071555,tags,TRUE,under_represented
asp.net-core,scope_ambiguity,0.9430463401236344,tags,FALSE,not_significant
unit-testing,scope_ambiguity,2.2218097850493725,tags,TRUE,over_represented
facebook,scope_ambiguity,-0.38259755209219176,tags,FALSE,not_significant
swing,scope_ambiguity,-3.3463042352903982,tags,TRUE,under_represented
file,scope_ambiguity,-0.8454269446827096,tags,FALSE,not_significant
class,scope_ambiguity,-2.8068834702985828,tags,TRUE,under_represented
apache-spark,scope_ambiguity,-1.5228853121799995,tags,FALSE,not_significant
tensorflow,scope_ambiguity,-1.9008752897948396,tags,FALSE,not_significant
sorting,scope_ambiguity,0.7215473680516649,tags,FALSE,not_significant
date,scope_ambiguity,3.509704382990241,tags,TRUE,over_represented
unity-game-engine,scope_ambiguity,-0.5841924409912775,tags,FALSE,not_significant
t-sql,scope_ambiguity,12.225488582997633,tags,TRUE,over_represented
go,scope_ambiguity,0.09693765800746057,tags,FALSE,not_significant
authentication,scope_ambiguity,-0.024167177386858304,tags,FALSE,not_significant
symfony,scope_ambiguity,-2.6944150159195788,tags,TRUE,under_represented
for-loop,scope_ambiguity,-2.5056292345834272,tags,TRUE,under_represented
.htaccess,scope_ambiguity,0.21015730032095664,tags,FALSE,not_significant
matplotlib,scope_ambiguity,-4.071237048202701,tags,TRUE,under_represented
datetime,scope_ambiguity,5.133589068783563,tags,TRUE,over_represented
opencv,scope_ambiguity,-1.4287171159733323,tags,FALSE,not_significant
google-chrome,scope_ambiguity,2.1609667105827,tags,TRUE,over_represented
codeigniter,scope_ambiguity,-0.958764207072304,tags,FALSE,not_significant
perl,scope_ambiguity,-0.5123827922763696,tags,FALSE,not_significant
validation,scope_ambiguity,4.419049191147234,tags,TRUE,over_represented
http,scope_ambiguity,4.049108157867673,tags,TRUE,over_represented
sockets,scope_ambiguity,-0.07865876541138278,tags,FALSE,not_significant
object,scope_ambiguity,-1.097152253783527,tags,FALSE,not_significant
google-maps,scope_ambiguity,-1.1517973097426661,tags,FALSE,not_significant
uitableview,scope_ambiguity,-2.7999546994873454,tags,TRUE,under_represented
xaml,scope_ambiguity,-0.9982946054542378,tags,FALSE,not_significant
if-statement,scope_ambiguity,6.026003658473768,tags,TRUE,over_represented
oop,scope_ambiguity,3.311141750875074,tags,TRUE,over_represented
ubuntu,scope_ambiguity,-1.0429802198285278,tags,FALSE,not_significant
cordova,scope_ambiguity,-0.0998124186031739,tags,FALSE,not_significant
visual-studio-code,scope_ambiguity,0.41858650449846696,tags,FALSE,not_significant
email,scope_ambiguity,-1.259238491523953,tags,FALSE,not_significant
android-layout,scope_ambiguity,-1.7297080168491168,tags,FALSE,not_significant
ms-access,scope_ambiguity,2.121218507934542,tags,TRUE,over_represented
web-services,scope_ambiguity,1.9429894773362966,tags,FALSE,not_significant
spring-mvc,scope_ambiguity,-2.60101378798942,tags,TRUE,under_represented
ggplot2,scope_ambiguity,-4.768236263388508,tags,TRUE,under_represented
parsing,scope_ambiguity,2.707670340809108,tags,TRUE,over_represented
pointers,scope_ambiguity,0.21563027971662826,tags,FALSE,not_significant
github,scope_ambiguity,2.086223805056938,tags,TRUE,over_represented
user-interface,scope_ambiguity,1.1505819951138319,tags,FALSE,not_significant
kubernetes,scope_ambiguity,-1.2431493238901157,tags,FALSE,not_significant
c++11,scope_ambiguity,6.646697118666473,tags,TRUE,over_represented
selenium-webdriver,scope_ambiguity,-1.548118414358446,tags,FALSE,not_significant
google-sheets,scope_ambiguity,-2.3587789454318546,tags,TRUE,under_represented
elasticsearch,scope_ambiguity,-0.7285431070520123,tags,FALSE,not_significant
google-apps-script,scope_ambiguity,-5.12826509017337,tags,TRUE,under_represented
templates,scope_ambiguity,1.4142257325649001,tags,FALSE,not_significant
ruby-on-rails-3,scope_ambiguity,-3.4765036428568177,tags,TRUE,under_represented
security,scope_ambiguity,6.3619959474745995,tags,TRUE,over_represented
variables,scope_ambiguity,-0.48668328274320344,tags,FALSE,not_significant
machine-learning,scope_ambiguity,1.4129426593223806,tags,FALSE,not_significant
flask,scope_ambiguity,-3.9117714802141625,tags,TRUE,under_represented
sql-server-2008,scope_ambiguity,7.54408800516462,tags,TRUE,over_represented
exception,scope_ambiguity,7.249787008529847,tags,TRUE,over_represented
tkinter,scope_ambiguity,-4.315360420450323,tags,TRUE,under_represented
delphi,scope_ambiguity,0.5969457469642285,tags,FALSE,not_significant
nginx,scope_ambiguity,-1.534108414362749,tags,FALSE,not_significant
listview,scope_ambiguity,-4.700994583859876,tags,TRUE,under_represented
haskell,scope_ambiguity,-0.136879874580358,tags,FALSE,not_significant
debugging,scope_ambiguity,2.1927955285685017,tags,TRUE,over_represented
asynchronous,scope_ambiguity,0.8294973396389141,tags,FALSE,not_significant
jpa,scope_ambiguity,-2.5705748598450207,tags,TRUE,under_represented
jsp,scope_ambiguity,-3.0879976515708183,tags,TRUE,under_represented
web-scraping,scope_ambiguity,-5.21444233520877,tags,TRUE,under_represented
gradle,scope_ambiguity,1.4326396780230466,tags,FALSE,not_significant
batch-file,scope_ambiguity,0.5852022515753061,tags,FALSE,not_significant
generics,scope_ambiguity,4.676469517489428,tags,TRUE,over_represented
xamarin,scope_ambiguity,-2.6964581337839495,tags,TRUE,under_represented
pdf,scope_ambiguity,-0.3232258095806168,tags,FALSE,not_significant
google-cloud-platform,scope_ambiguity,-1.2451828396861695,tags,FALSE,not_significant
wcf,scope_ambiguity,-0.5191917497338644,tags,FALSE,not_significant
amazon-s3,scope_ambiguity,-0.5014482427574792,tags,FALSE,not_significant
ssl,scope_ambiguity,0.36745858546730215,tags,FALSE,not_significant
testing,scope_ambiguity,2.19451406223986,tags,TRUE,over_represented
jenkins,scope_ambiguity,-1.4079716207427377,tags,FALSE,not_significant
npm,scope_ambiguity,-1.6236763886766001,tags,FALSE,not_significant
unix,scope_ambiguity,1.7463852405562608,tags,FALSE,not_significant
recursion,scope_ambiguity,5.534769760363434,tags,TRUE,over_represented
ionic-framework,scope_ambiguity,0.4075954613942593,tags,FALSE,not_significant
network-programming,scope_ambiguity,1.545204437310121,tags,FALSE,not_significant
google-app-engine,scope_ambiguity,-1.8572368863004831,tags,FALSE,not_significant
visual-studio-2010,scope_ambiguity,-0.395708361993537,tags,FALSE,not_significant
mongoose,scope_ambiguity,-2.9829300648477255,tags,TRUE,under_represented
assembly,scope_ambiguity,5.49857437023701,tags,TRUE,over_represented
.net-core,scope_ambiguity,0.581034216036571,tags,FALSE,not_significant
android-fragments,scope_ambiguity,-2.876815689286837,tags,TRUE,under_represented
math,scope_ambiguity,9.264539366680856,tags,TRUE,over_represented
join,scope_ambiguity,1.724652853659337,tags,FALSE,not_significant
winapi,scope_ambiguity,1.5483462963459327,tags,FALSE,not_significant
svg,scope_ambiguity,-1.336938806774492,tags,FALSE,not_significant
rust,scope_ambiguity,1.0412661174967452,tags,FALSE,not_significant
animation,scope_ambiguity,-0.8488246207251691,tags,FALSE,not_significant
session,scope_ambiguity,0.5001742711305056,tags,FALSE,not_significant
intellij-idea,scope_ambiguity,-2.459190565169476,tags,TRUE,under_represented
django-models,scope_ambiguity,-2.8507930943432718,tags,TRUE,under_represented
laravel-5,scope_ambiguity,-1.3208084960905853,tags,FALSE,not_significant
curl,scope_ambiguity,-1.8328777757987833,tags,FALSE,not_significant
hadoop,scope_ambiguity,-1.1480178526275404,tags,FALSE,not_significant
javascript,quantifier_distribution,-7.428587464066569,tags,TRUE,under_represented
python,quantifier_distribution,0.9687989484493723,tags,FALSE,not_significant
java,quantifier_distribution,-3.2568530890556975,tags,TRUE,under_represented
c#,quantifier_distribution,-1.6113657842959639,tags,FALSE,not_significant
php,quantifier_distribution,-3.2528893621787294,tags,TRUE,under_represented
android,quantifier_distribution,-14.303047998320508,tags,TRUE,under_represented
html,quantifier_distribution,-5.519979562675816,tags,TRUE,under_represented
jquery,quantifier_distribution,-4.890590452850551,tags,TRUE,under_represented
c++,quantifier_distribution,1.4639618117139785,tags,FALSE,not_significant
css,quantifier_distribution,-0.8614005447739134,tags,FALSE,not_significant
sql,quantifier_distribution,20.736456289591267,tags,TRUE,over_represented
ios,quantifier_distribution,-5.931079453944605,tags,TRUE,under_represented
mysql,quantifier_distribution,12.02410227778747,tags,TRUE,over_represented
r,quantifier_distribution,10.612141947185256,tags,TRUE,over_represented
reactjs,quantifier_distribution,-5.417115951510551,tags,TRUE,under_represented
node.js,quantifier_distribution,-4.191961749409507,tags,TRUE,under_represented
arrays,quantifier_distribution,1.6779809406210633,tags,FALSE,not_significant
c,quantifier_distribution,-0.5070702792519708,tags,FALSE,not_significant
asp.net,quantifier_distribution,-2.380523010759877,tags,TRUE,under_represented
json,quantifier_distribution,-6.323243473697913,tags,TRUE,under_represented
.net,quantifier_distribution,3.3303070256594274,tags,TRUE,over_represented
sql-server,quantifier_distribution,14.444981082185269,tags,TRUE,over_represented
python-3.x,quantifier_distribution,-0.8512363530869184,tags,FALSE,not_significant
ruby-on-rails,quantifier_distribution,-0.9568244594706568,tags,FALSE,not_significant
swift,quantifier_distribution,-6.4050359992396295,tags,TRUE,under_represented
django,quantifier_distribution,-4.5860004730343915,tags,TRUE,under_represented
angular,quantifier_distribution,-5.47343806024681,tags,TRUE,under_represented
objective-c,quantifier_distribution,-3.4821259831531997,tags,TRUE,under_represented
excel,quantifier_distribution,11.152816437213502,tags,TRUE,over_represented
pandas,quantifier_distribution,5.71228262972923,tags,TRUE,over_represented
regex,quantifier_distribution,4.6187183199423405,tags,TRUE,over_represented
angularjs,quantifier_distribution,-4.865670537824975,tags,TRUE,under_represented
typescript,quantifier_distribution,-4.853088901424605,tags,TRUE,under_represented
ruby,quantifier_distribution,-1.7718250010237817,tags,FALSE,not_significant
linux,quantifier_distribution,1.5831960741275408,tags,FALSE,not_significant
ajax,quantifier_distribution,-4.8319914188067115,tags,TRUE,under_represented
iphone,quantifier_distribution,-3.43284401908432,tags,TRUE,under_represented
vba,quantifier_distribution,6.845626763714924,tags,TRUE,over_represented
xml,quantifier_distribution,-0.843777087532668,tags,FALSE,not_significant
laravel,quantifier_distribution,-1.7983120603386886,tags,FALSE,not_significant
spring,quantifier_distribution,-3.229541425125751,tags,TRUE,under_represented
asp.net-mvc,quantifier_distribution,-2.868714311957064,tags,TRUE,under_represented
database,quantifier_distribution,10.127729406295728,tags,TRUE,over_represented
wordpress,quantifier_distribution,0.8255597551529577,tags,FALSE,not_significant
string,quantifier_distribution,-0.5792198484912828,tags,FALSE,not_significant
postgresql,quantifier_distribution,6.303009035293938,tags,TRUE,over_represented
flutter,quantifier_distribution,-4.039115716279264,tags,TRUE,under_represented
mongodb,quantifier_distribution,3.0768400285702695,tags,TRUE,over_represented
wpf,quantifier_distribution,-1.3145183364827726,tags,FALSE,not_significant
windows,quantifier_distribution,-0.083834365169244085,tags,FALSE,not_significant
bash,quantifier_distribution,-0.8652440956545753,tags,FALSE,not_significant
xcode,quantifier_distribution,-4.3086213198783625,tags,TRUE,under_represented
amazon-web-services,quantifier_distribution,1.220960042233212,tags,FALSE,not_significant
oracle-database,quantifier_distribution,4.258177806598974,tags,TRUE,over_represented
git,quantifier_distribution,1.961468516929597,tags,FALSE,not_significant
dataframe,quantifier_distribution,4.719692567254722,tags,TRUE,over_represented
spring-boot,quantifier_distribution,-3.916510493266126,tags,TRUE,under_represented
azure,quantifier_distribution,1.725130830705755,tags,FALSE,not_significant
list,quantifier_distribution,3.8940134970489373,tags,TRUE,over_represented
multithreading,quantifier_distribution,9.868695520995026,tags,TRUE,over_represented
firebase,quantifier_distribution,-2.1844693628516256,tags,TRUE,under_represented
vb.net,quantifier_distribution,-0.8874430065438743,tags,FALSE,not_significant
docker,quantifier_distribution,-0.8943815354836443,tags,FALSE,not_significant
react-native,quantifier_distribution,-4.223293077108664,tags,TRUE,under_represented
eclipse,quantifier_distribution,-1.731661840429809,tags,FALSE,not_significant
algorithm,quantifier_distribution,25.575053030132405,tags,TRUE,over_represented
powershell,quantifier_distribution,-0.5019469451156949,tags,FALSE,not_significant
macos,quantifier_distribution,-1.7115139414249958,tags,FALSE,not_significant
numpy,quantifier_distribution,3.1361225204530503,tags,TRUE,over_represented
visual-studio,quantifier_distribution,-2.4513639956814344,tags,TRUE,under_represented
forms,quantifier_distribution,-2.819175512792379,tags,TRUE,under_represented
image,quantifier_distribution,-2.059121039186025,tags,TRUE,under_represented
function,quantifier_distribution,-1.2241470961404932,tags,FALSE,not_significant
scala,quantifier_distribution,-0.5316170666143452,tags,FALSE,not_significant
vue.js,quantifier_distribution,-0.9501606204592735,tags,FALSE,not_significant
twitter-bootstrap,quantifier_distribution,-1.0056856530509108,tags,FALSE,not_significant
performance,quantifier_distribution,15.449899988322176,tags,TRUE,over_represented
winforms,quantifier_distribution,-1.3437193067058306,tags,FALSE,not_significant
selenium,quantifier_distribution,-5.250677131460669,tags,TRUE,under_represented
loops,quantifier_distribution,3.0581569402797455,tags,TRUE,over_represented
kotlin,quantifier_distribution,-3.540273802026244,tags,TRUE,under_represented
sqlite,quantifier_distribution,0.7762729341483703,tags,FALSE,not_significant
matlab,quantifier_distribution,-0.4514754734151663,tags,FALSE,not_significant
python-2.7,quantifier_distribution,-1.9369787898443238,tags,FALSE,not_significant
hibernate,quantifier_distribution,-3.089285746561987,tags,TRUE,under_represented
shell,quantifier_distribution,0.12000532150480481,tags,FALSE,not_significant
express,quantifier_distribution,-2.886429681817681,tags,TRUE,under_represented
dart,quantifier_distribution,-2.9445215763025927,tags,TRUE,under_represented
entity-framework,quantifier_distribution,0.1358767795616105,tags,FALSE,not_significant
csv,quantifier_distribution,3.342839853768966,tags,TRUE,over_represented
rest,quantifier_distribution,1.4755949193829552,tags,FALSE,not_significant
apache,quantifier_distribution,-0.47640048679440916,tags,FALSE,not_significant
maven,quantifier_distribution,-2.5437701112731124,tags,TRUE,under_represented
android-studio,quantifier_distribution,-3.7217968808501114,tags,TRUE,under_represented
linq,quantifier_distribution,2.0847596975721365,tags,TRUE,over_represented
dictionary,quantifier_distribution,2.9681122981687875,tags,TRUE,over_represented
qt,quantifier_distribution,-1.4812656834489049,tags,FALSE,not_significant
asp.net-core,quantifier_distribution,-1.3466327778432272,tags,FALSE,not_significant
unit-testing,quantifier_distribution,0.21555304838277076,tags,FALSE,not_significant
facebook,quantifier_distribution,0.34337121911381,tags,FALSE,not_significant
swing,quantifier_distribution,-1.7238136716516852,tags,FALSE,not_significant
file,quantifier_distribution,1.0400922966709163,tags,FALSE,not_significant
class,quantifier_distribution,2.4442365878516075,tags,TRUE,over_represented
apache-spark,quantifier_distribution,5.309444893986632,tags,TRUE,over_represented
tensorflow,quantifier_distribution,1.1346187856497645,tags,FALSE,not_significant
sorting,quantifier_distribution,5.265601193094307,tags,TRUE,over_represented
date,quantifier_distribution,-1.0902038944659649,tags,FALSE,not_significant
unity-game-engine,quantifier_distribution,-1.7825333636595433,tags,FALSE,not_significant
t-sql,quantifier_distribution,9.1959507212999,tags,TRUE,over_represented
go,quantifier_distribution,-0.8302760756412132,tags,FALSE,not_significant
authentication,quantifier_distribution,-2.1025673715129427,tags,TRUE,under_represented
symfony,quantifier_distribution,-2.7539524040247167,tags,TRUE,under_represented
for-loop,quantifier_distribution,1.6387128909445772,tags,FALSE,not_significant
.htaccess,quantifier_distribution,-1.083488892645366,tags,FALSE,not_significant
matplotlib,quantifier_distribution,0.14126180329582408,tags,FALSE,not_significant
datetime,quantifier_distribution,0.31677818267469876,tags,FALSE,not_significant
opencv,quantifier_distribution,-0.5522687660490596,tags,FALSE,not_significant
google-chrome,quantifier_distribution,-0.2695894740628836,tags,FALSE,not_significant
codeigniter,quantifier_distribution,-1.4676996657452253,tags,FALSE,not_significant
perl,quantifier_distribution,0.6413824581226892,tags,FALSE,not_significant
validation,quantifier_distribution,-0.9730925488214317,tags,FALSE,not_significant
http,quantifier_distribution,-1.0521003097883117,tags,FALSE,not_significant
sockets,quantifier_distribution,0.4584150670658086,tags,FALSE,not_significant
object,quantifier_distribution,1.458499967170131,tags,FALSE,not_significant
google-maps,quantifier_distribution,-2.9619989055249225,tags,TRUE,under_represented
uitableview,quantifier_distribution,-1.4464755812627288,tags,FALSE,not_significant
xaml,quantifier_distribution,-1.207308151971004,tags,FALSE,not_significant
if-statement,quantifier_distribution,-0.1565885146263842,tags,FALSE,not_significant
oop,quantifier_distribution,5.409048147742843,tags,TRUE,over_represented
ubuntu,quantifier_distribution,0.8634034695637485,tags,FALSE,not_significant
cordova,quantifier_distribution,-4.2714135857114846,tags,TRUE,under_represented
visual-studio-code,quantifier_distribution,-4.143522905022385,tags,TRUE,under_represented
email,quantifier_distribution,-0.6498152364060245,tags,FALSE,not_significant
android-layout,quantifier_distribution,-0.9877300875855839,tags,FALSE,not_significant
ms-access,quantifier_distribution,4.861530887709477,tags,TRUE,over_represented
web-services,quantifier_distribution,-1.823809521596142,tags,FALSE,not_significant
spring-mvc,quantifier_distribution,-2.876981045406191,tags,TRUE,under_represented
ggplot2,quantifier_distribution,5.701297222027663,tags,TRUE,over_represented
parsing,quantifier_distribution,0.18167204358480807,tags,FALSE,not_significant
pointers,quantifier_distribution,-2.1963476506268984,tags,TRUE,under_represented
github,quantifier_distribution,-0.8405219986944956,tags,FALSE,not_significant
user-interface,quantifier_distribution,-1.2836761424181236,tags,FALSE,not_significant
kubernetes,quantifier_distribution,-0.8441389903003161,tags,FALSE,not_significant
c++11,quantifier_distribution,-0.1790992693068079,tags,FALSE,not_significant
selenium-webdriver,quantifier_distribution,-2.980637529173987,tags,TRUE,under_represented
google-sheets,quantifier_distribution,0.5914375288200812,tags,FALSE,not_significant
elasticsearch,quantifier_distribution,0.8309976775807205,tags,FALSE,not_significant
google-apps-script,quantifier_distribution,-0.2699119181643681,tags,FALSE,not_significant
templates,quantifier_distribution,-2.2647269369664236,tags,TRUE,under_represented
ruby-on-rails-3,quantifier_distribution,-0.8269812934128301,tags,FALSE,not_significant
security,quantifier_distribution,2.8248346244427713,tags,TRUE,over_represented
variables,quantifier_distribution,-2.269966503728605,tags,TRUE,under_represented
machine-learning,quantifier_distribution,3.2827518534688602,tags,TRUE,over_represented
flask,quantifier_distribution,-2.862008926795526,tags,TRUE,under_represented
sql-server-2008,quantifier_distribution,5.463849621378802,tags,TRUE,over_represented
exception,quantifier_distribution,-0.22310040907052234,tags,FALSE,not_significant
tkinter,quantifier_distribution,-1.808358669510512,tags,FALSE,not_significant
delphi,quantifier_distribution,0.34917946397049554,tags,FALSE,not_significant
nginx,quantifier_distribution,-0.7413744165712911,tags,FALSE,not_significant
listview,quantifier_distribution,0.34708504635904297,tags,FALSE,not_significant
haskell,quantifier_distribution,3.579566077310469,tags,TRUE,over_represented
debugging,quantifier_distribution,-0.7736662843967256,tags,FALSE,not_significant
asynchronous,quantifier_distribution,0.9559013069349942,tags,FALSE,not_significant
jpa,quantifier_distribution,-3.2923612603515986,tags,TRUE,under_represented
jsp,quantifier_distribution,-4.089264733438144,tags,TRUE,under_represented
web-scraping,quantifier_distribution,-2.723217634454363,tags,TRUE,under_represented
gradle,quantifier_distribution,-2.0748159136958715,tags,TRUE,under_represented
batch-file,quantifier_distribution,0.12060951119458294,tags,FALSE,not_significant
generics,quantifier_distribution,-0.955526234555077,tags,FALSE,not_significant
xamarin,quantifier_distribution,-2.1185521366551967,tags,TRUE,under_represented
pdf,quantifier_distribution,-1.6507681615158654,tags,FALSE,not_significant
google-cloud-platform,quantifier_distribution,1.6972956511389554,tags,FALSE,not_significant
wcf,quantifier_distribution,-1.5471298298415679,tags,FALSE,not_significant
amazon-s3,quantifier_distribution,0.9731164908401028,tags,FALSE,not_significant
ssl,quantifier_distribution,-0.9485995801796402,tags,FALSE,not_significant
testing,quantifier_distribution,-0.6364484314877158,tags,FALSE,not_significant
jenkins,quantifier_distribution,-1.2171670468415652,tags,FALSE,not_significant
npm,quantifier_distribution,-1.255022112543765,tags,FALSE,not_significant
unix,quantifier_distribution,3.4229956265721775,tags,TRUE,over_represented
recursion,quantifier_distribution,3.8739861785028413,tags,TRUE,over_represented
ionic-framework,quantifier_distribution,-2.8285927982567163,tags,TRUE,under_represented
network-programming,quantifier_distribution,0.9708441808474099,tags,FALSE,not_significant
google-app-engine,quantifier_distribution,2.956616807167352,tags,TRUE,over_represented
visual-studio-2010,quantifier_distribution,-2.012833752420312,tags,TRUE,under_represented
mongoose,quantifier_distribution,0.1817211207840105,tags,FALSE,not_significant
assembly,quantifier_distribution,1.9875408830760974,tags,FALSE,not_significant
.net-core,quantifier_distribution,-0.9698483174061755,tags,FALSE,not_significant
android-fragments,quantifier_distribution,-2.9741083980649856,tags,TRUE,under_represented
math,quantifier_distribution,4.0219154860045245,tags,TRUE,over_represented
join,quantifier_distribution,5.424353107951697,tags,TRUE,over_represented
winapi,quantifier_distribution,-0.5320318648096293,tags,FALSE,not_significant
svg,quantifier_distribution,-1.6477841240939333,tags,FALSE,not_significant
rust,quantifier_distribution,-0.25736228826165564,tags,FALSE,not_significant
animation,quantifier_distribution,-0.23958957387433283,tags,FALSE,not_significant
session,quantifier_distribution,-0.02711286503387461,tags,FALSE,not_significant
intellij-idea,quantifier_distribution,-1.101781603208514,tags,FALSE,not_significant
django-models,quantifier_distribution,-1.0873209186745263,tags,FALSE,not_significant
laravel-5,quantifier_distribution,-1.0462588684804435,tags,FALSE,not_significant
curl,quantifier_distribution,-2.6803813673929566,tags,TRUE,under_represented
hadoop,quantifier_distribution,6.301217126438709,tags,TRUE,over_represented
javascript,logical_structure,-0.7000086491732999,tags,FALSE,not_significant
python,logical_structure,-3.2589016191200417,tags,TRUE,under_represented
java,logical_structure,-0.9536032007366876,tags,FALSE,not_significant
c#,logical_structure,-2.0954673316298016,tags,TRUE,under_represented
php,logical_structure,-1.1642264899360408,tags,FALSE,not_significant
android,logical_structure,-4.484592806246492,tags,TRUE,under_represented
html,logical_structure,4.66217093855044,tags,TRUE,over_represented
jquery,logical_structure,-1.183245411953071,tags,FALSE,not_significant
c++,logical_structure,-2.54307604231059,tags,TRUE,under_represented
css,logical_structure,15.70881535503904,tags,TRUE,over_represented
sql,logical_structure,0.45223101041265934,tags,FALSE,not_significant
ios,logical_structure,-1.4839777317074203,tags,FALSE,not_significant
mysql,logical_structure,1.4133254626539684,tags,FALSE,not_significant
r,logical_structure,-0.8585138491416741,tags,FALSE,not_significant
reactjs,logical_structure,-0.001491192637779836,tags,FALSE,not_significant
node.js,logical_structure,0.2671524292355239,tags,FALSE,not_significant
arrays,logical_structure,-0.8857495037187191,tags,FALSE,not_significant
c,logical_structure,-0.8797847418264604,tags,FALSE,not_significant
asp.net,logical_structure,0.23774087453005974,tags,FALSE,not_significant
json,logical_structure,-1.7258897651043859,tags,FALSE,not_significant
.net,logical_structure,1.3743284976406303,tags,FALSE,not_significant
sql-server,logical_structure,-0.2817771037479163,tags,FALSE,not_significant
python-3.x,logical_structure,0.305827113914153,tags,FALSE,not_significant
ruby-on-rails,logical_structure,-0.952673233698519,tags,FALSE,not_significant
swift,logical_structure,-0.38365557270817024,tags,FALSE,not_significant
django,logical_structure,-0.8591004555360181,tags,FALSE,not_significant
angular,logical_structure,-0.3902929502584939,tags,FALSE,not_significant
objective-c,logical_structure,2.16604426273011,tags,TRUE,over_represented
excel,logical_structure,-0.22308858895457717,tags,FALSE,not_significant
pandas,logical_structure,0.7188738986349492,tags,FALSE,not_significant
regex,logical_structure,-2.0191754577408654,tags,TRUE,under_represented
angularjs,logical_structure,-1.9273211777140726,tags,FALSE,not_significant
typescript,logical_structure,-0.9032460101366668,tags,FALSE,not_significant
ruby,logical_structure,0.24271371292533267,tags,FALSE,not_significant
linux,logical_structure,2.3530502411670247,tags,TRUE,over_represented
ajax,logical_structure,-2.18515498993094,tags,TRUE,under_represented
iphone,logical_structure,-0.33882409536551433,tags,FALSE,not_significant
vba,logical_structure,-1.3104045512565154,tags,FALSE,not_significant
xml,logical_structure,0.9303009462129069,tags,FALSE,not_significant
laravel,logical_structure,-0.11367750185168486,tags,FALSE,not_significant
spring,logical_structure,1.4895960390168441,tags,FALSE,not_significant
asp.net-mvc,logical_structure,0.6399223486675055,tags,FALSE,not_significant
database,logical_structure,-0.30221119074975333,tags,FALSE,not_significant
wordpress,logical_structure,0.7598306909124668,tags,FALSE,not_significant
string,logical_structure,-0.9442546875331175,tags,FALSE,not_significant
postgresql,logical_structure,1.0792240451930537,tags,FALSE,not_significant
flutter,logical_structure,-1.4190043157100458,tags,FALSE,not_significant
mongodb,logical_structure,-1.2929021359783548,tags,FALSE,not_significant
wpf,logical_structure,0.7719851336698413,tags,FALSE,not_significant
windows,logical_structure,-1.245522283301211,tags,FALSE,not_significant
bash,logical_structure,-0.3259524386925388,tags,FALSE,not_significant
xcode,logical_structure,-0.9731646837603718,tags,FALSE,not_significant
amazon-web-services,logical_structure,1.0225687189974908,tags,FALSE,not_significant
oracle-database,logical_structure,0.4728660556133777,tags,FALSE,not_significant
git,logical_structure,4.10454589561616,tags,TRUE,over_represented
dataframe,logical_structure,-0.18440732290565504,tags,FALSE,not_significant
spring-boot,logical_structure,4.029596786304885,tags,TRUE,over_represented
azure,logical_structure,1.4127745941039047,tags,FALSE,not_significant
list,logical_structure,-2.167908045348386,tags,TRUE,under_represented
multithreading,logical_structure,0.5421499430648167,tags,FALSE,not_significant
firebase,logical_structure,-1.9701006940078984,tags,FALSE,not_significant
vb.net,logical_structure,-1.9434833686225097,tags,FALSE,not_significant
docker,logical_structure,0.03360602556224167,tags,FALSE,not_significant
react-native,logical_structure,-1.405065092210183,tags,FALSE,not_significant
eclipse,logical_structure,-0.46807135773501796,tags,FALSE,not_significant
algorithm,logical_structure,-0.14028898074985918,tags,FALSE,not_significant
powershell,logical_structure,2.181482184189813,tags,TRUE,over_represented
macos,logical_structure,0.3804538599805626,tags,FALSE,not_significant
numpy,logical_structure,-1.0651692124886685,tags,FALSE,not_significant
visual-studio,logical_structure,0.048826202745906225,tags,FALSE,not_significant
forms,logical_structure,0.18545525019855727,tags,FALSE,not_significant
image,logical_structure,-1.8531544690352826,tags,FALSE,not_significant
function,logical_structure,-0.14549179477959612,tags,FALSE,not_significant
scala,logical_structure,-1.1752063358967146,tags,FALSE,not_significant
vue.js,logical_structure,0.18789130817992056,tags,FALSE,not_significant
twitter-bootstrap,logical_structure,1.1131213551503572,tags,FALSE,not_significant
performance,logical_structure,-0.6504561922691673,tags,FALSE,not_significant
winforms,logical_structure,-0.6732253868839985,tags,FALSE,not_significant
selenium,logical_structure,-1.0927067052360016,tags,FALSE,not_significant
loops,logical_structure,-0.25986282687615275,tags,FALSE,not_significant
kotlin,logical_structure,-1.8781481236943316,tags,FALSE,not_significant
sqlite,logical_structure,-1.0507627657292604,tags,FALSE,not_significant
matlab,logical_structure,-0.00352745692988899,tags,FALSE,not_significant
python-2.7,logical_structure,0.2915671307436598,tags,FALSE,not_significant
hibernate,logical_structure,1.4900507249086061,tags,FALSE,not_significant
shell,logical_structure,2.105040893106305,tags,TRUE,over_represented
express,logical_structure,1.2169772681037576,tags,FALSE,not_significant
dart,logical_structure,-1.1688198544261061,tags,FALSE,not_significant
entity-framework,logical_structure,1.908903776799685,tags,FALSE,not_significant
csv,logical_structure,-1.1953581268261548,tags,FALSE,not_significant
rest,logical_structure,-0.32228706052873884,tags,FALSE,not_significant
apache,logical_structure,3.7711048016111923,tags,TRUE,over_represented
maven,logical_structure,4.220294996812116,tags,TRUE,over_represented
android-studio,logical_structure,-1.1945799425834982,tags,FALSE,not_significant
linq,logical_structure,1.1691205893591796,tags,FALSE,not_significant
dictionary,logical_structure,-9.722478771065705e-4,tags,FALSE,not_significant
qt,logical_structure,-1.9322543563337928,tags,FALSE,not_significant
asp.net-core,logical_structure,-0.9548564697649105,tags,FALSE,not_significant
unit-testing,logical_structure,0.8040562347266643,tags,FALSE,not_significant
facebook,logical_structure,-0.3548961242690398,tags,FALSE,not_significant
swing,logical_structure,1.1801923940988026,tags,FALSE,not_significant
file,logical_structure,-1.7040401419185576,tags,FALSE,not_significant
class,logical_structure,1.621953688618453,tags,FALSE,not_significant
apache-spark,logical_structure,-0.4814541758877971,tags,FALSE,not_significant
tensorflow,logical_structure,0.19793989232194306,tags,FALSE,not_significant
sorting,logical_structure,3.808474856671016,tags,TRUE,over_represented
date,logical_structure,-0.3668210985274259,tags,FALSE,not_significant
unity-game-engine,logical_structure,0.24734165803347113,tags,FALSE,not_significant
t-sql,logical_structure,0.9467582357616194,tags,FALSE,not_significant
go,logical_structure,0.7175897154495039,tags,FALSE,not_significant
authentication,logical_structure,-1.1344218676590732,tags,FALSE,not_significant
symfony,logical_structure,-0.42665647920213057,tags,FALSE,not_significant
for-loop,logical_structure,-0.5617170806352523,tags,FALSE,not_significant
.htaccess,logical_structure,1.4123261920960222,tags,FALSE,not_significant
matplotlib,logical_structure,-0.4721957223855075,tags,FALSE,not_significant
datetime,logical_structure,-0.825408790348936,tags,FALSE,not_significant
opencv,logical_structure,-1.2720266114033394,tags,FALSE,not_significant
google-chrome,logical_structure,-0.2792373521222493,tags,FALSE,not_significant
codeigniter,logical_structure,-1.0714373996069608,tags,FALSE,not_significant
perl,logical_structure,1.3729608939140032,tags,FALSE,not_significant
validation,logical_structure,-0.5341066186704132,tags,FALSE,not_significant
http,logical_structure,0.09780885973598152,tags,FALSE,not_significant
sockets,logical_structure,-0.38273927948927133,tags,FALSE,not_significant
object,logical_structure,0.07740756454961814,tags,FALSE,not_significant
google-maps,logical_structure,-1.4725685197122917,tags,FALSE,not_significant
uitableview,logical_structure,-1.3157081525211225,tags,FALSE,not_significant
xaml,logical_structure,2.0279706192513363,tags,TRUE,over_represented
if-statement,logical_structure,0.7682229934406923,tags,FALSE,not_significant
oop,logical_structure,-1.0922768891226253,tags,FALSE,not_significant
ubuntu,logical_structure,2.80350175256554,tags,TRUE,over_represented
cordova,logical_structure,-0.4751156711634387,tags,FALSE,not_significant
visual-studio-code,logical_structure,0.7733329793373364,tags,FALSE,not_significant
email,logical_structure,-0.20565246450785965,tags,FALSE,not_significant
android-layout,logical_structure,2.346210221175823,tags,TRUE,over_represented
ms-access,logical_structure,-0.026465975466056325,tags,FALSE,not_significant
web-services,logical_structure,0.4538284359407902,tags,FALSE,not_significant
spring-mvc,logical_structure,0.4001478067103172,tags,FALSE,not_significant
ggplot2,logical_structure,1.4945019031584232,tags,FALSE,not_significant
parsing,logical_structure,-0.5633029830187601,tags,FALSE,not_significant
pointers,logical_structure,-0.6963242296399184,tags,FALSE,not_significant
github,logical_structure,1.0966017937229782,tags,FALSE,not_significant
user-interface,logical_structure,0.24619792381129657,tags,FALSE,not_significant
kubernetes,logical_structure,-0.7129685150169387,tags,FALSE,not_significant
c++11,logical_structure,-0.5511016784010452,tags,FALSE,not_significant
selenium-webdriver,logical_structure,-0.19862647646485185,tags,FALSE,not_significant
google-sheets,logical_structure,0.7747573538498068,tags,FALSE,not_significant
elasticsearch,logical_structure,-0.7227824279441921,tags,FALSE,not_significant
google-apps-script,logical_structure,-1.2483740681847624,tags,FALSE,not_significant
templates,logical_structure,-0.641035501608102,tags,FALSE,not_significant
ruby-on-rails-3,logical_structure,1.301274688225513,tags,FALSE,not_significant
security,logical_structure,1.3615345916437251,tags,FALSE,not_significant
variables,logical_structure,-0.07688318041488348,tags,FALSE,not_significant
machine-learning,logical_structure,-0.3086150662039916,tags,FALSE,not_significant
flask,logical_structure,0.0032599146133862893,tags,FALSE,not_significant
sql-server-2008,logical_structure,-0.5156962691373179,tags,FALSE,not_significant
exception,logical_structure,1.174778704285994,tags,FALSE,not_significant
tkinter,logical_structure,-0.36720216541316353,tags,FALSE,not_significant
delphi,logical_structure,2.1707740751176035,tags,TRUE,over_represented
nginx,logical_structure,3.3754370134042597,tags,TRUE,over_represented
listview,logical_structure,-1.5728303360882785,tags,FALSE,not_significant
haskell,logical_structure,1.7294471754468483,tags,FALSE,not_significant
debugging,logical_structure,-0.2004786714655273,tags,FALSE,not_significant
asynchronous,logical_structure,1.2144107419503878,tags,FALSE,not_significant
jpa,logical_structure,-0.24281030788978064,tags,FALSE,not_significant
jsp,logical_structure,-0.8416203679052864,tags,FALSE,not_significant
web-scraping,logical_structure,-1.4817494971560499,tags,FALSE,not_significant
gradle,logical_structure,-1.2801593178315598,tags,FALSE,not_significant
batch-file,logical_structure,-0.9044080218162144,tags,FALSE,not_significant
generics,logical_structure,-0.6571117990173954,tags,FALSE,not_significant
xamarin,logical_structure,0.03276948918862778,tags,FALSE,not_significant
pdf,logical_structure,-0.7161425128935811,tags,FALSE,not_significant
google-cloud-platform,logical_structure,0.12498122085644142,tags,FALSE,not_significant
wcf,logical_structure,-1.4474904408468494,tags,FALSE,not_significant
amazon-s3,logical_structure,0.8928804678309986,tags,FALSE,not_significant
ssl,logical_structure,1.6699151112666155,tags,FALSE,not_significant
testing,logical_structure,0.12103415095312316,tags,FALSE,not_significant
jenkins,logical_structure,0.43268098342457434,tags,FALSE,not_significant
npm,logical_structure,2.1502344324356475,tags,TRUE,over_represented
unix,logical_structure,1.6731386980985608,tags,FALSE,not_significant
recursion,logical_structure,-0.019437755021537776,tags,FALSE,not_significant
ionic-framework,logical_structure,-1.1793900220777898,tags,FALSE,not_significant
network-programming,logical_structure,-0.11746507502427524,tags,FALSE,not_significant
google-app-engine,logical_structure,0.1756553827368731,tags,FALSE,not_significant
visual-studio-2010,logical_structure,1.3799349500727411,tags,FALSE,not_significant
mongoose,logical_structure,0.32243228309758915,tags,FALSE,not_significant
assembly,logical_structure,0.8863398410991423,tags,FALSE,not_significant
.net-core,logical_structure,0.8069095651297424,tags,FALSE,not_significant
android-fragments,logical_structure,-1.4743070629825898,tags,FALSE,not_significant
math,logical_structure,-0.23088805124293543,tags,FALSE,not_significant
join,logical_structure,1.02361502202104,tags,FALSE,not_significant
winapi,logical_structure,0.2605041460844225,tags,FALSE,not_significant
svg,logical_structure,2.6712046591623806,tags,TRUE,over_represented
rust,logical_structure,0.055590917191723876,tags,FALSE,not_significant
animation,logical_structure,-0.44953565645861543,tags,FALSE,not_significant
session,logical_structure,-0.10328899509745768,tags,FALSE,not_significant
intellij-idea,logical_structure,0.4127056041826592,tags,FALSE,not_significant
django-models,logical_structure,-0.6701479284453251,tags,FALSE,not_significant
laravel-5,logical_structure,-0.536262043855357,tags,FALSE,not_significant
curl,logical_structure,0.2584229760390585,tags,FALSE,not_significant
hadoop,logical_structure,0.5197713745439092,tags,FALSE,not_significant
javascript,epistemic,-23.38182155747384,tags,TRUE,under_represented
python,epistemic,-1.4260200798217675,tags,FALSE,not_significant
java,epistemic,16.97376130689504,tags,TRUE,over_represented
c#,epistemic,13.635499740550038,tags,TRUE,over_represented
php,epistemic,8.06472583676604,tags,TRUE,over_represented
android,epistemic,2.0968466354996806,tags,TRUE,over_represented
html,epistemic,-34.01408671318483,tags,TRUE,under_represented
jquery,epistemic,-17.17722404863209,tags,TRUE,under_represented
c++,epistemic,27.480637605938146,tags,TRUE,over_represented
css,epistemic,-35.98912741821728,tags,TRUE,under_represented
sql,epistemic,12.87661452502928,tags,TRUE,over_represented
ios,epistemic,2.755494934060989,tags,TRUE,over_represented
mysql,epistemic,9.029441282822111,tags,TRUE,over_represented
r,epistemic,-15.157137823303668,tags,TRUE,under_represented
reactjs,epistemic,-8.556991769441504,tags,TRUE,under_represented
node.js,epistemic,0.7527614583498733,tags,FALSE,not_significant
arrays,epistemic,-5.3285362660521685,tags,TRUE,under_represented
c,epistemic,33.105750042842075,tags,TRUE,over_represented
asp.net,epistemic,1.5033002497503325,tags,FALSE,not_significant
json,epistemic,-0.8617463873208167,tags,FALSE,not_significant
.net,epistemic,9.02258760040963,tags,TRUE,over_represented
sql-server,epistemic,10.912524229630959,tags,TRUE,over_represented
python-3.x,epistemic,-4.297154318186879,tags,TRUE,under_represented
ruby-on-rails,epistemic,-4.307933576651245,tags,TRUE,under_represented
swift,epistemic,-4.835728208346961,tags,TRUE,under_represented
django,epistemic,-1.2263911888342225,tags,FALSE,not_significant
angular,epistemic,-7.526894835442288,tags,TRUE,under_represented
objective-c,epistemic,8.083347266408632,tags,TRUE,over_represented
excel,epistemic,-6.436610224337172,tags,TRUE,under_represented
pandas,epistemic,-11.306292810170595,tags,TRUE,under_represented
regex,epistemic,-1.653365023010088,tags,FALSE,not_significant
angularjs,epistemic,-8.93588542283087,tags,TRUE,under_represented
typescript,epistemic,-6.7205707802420696,tags,TRUE,under_represented
ruby,epistemic,-0.8302410948103504,tags,FALSE,not_significant
linux,epistemic,15.042012354349101,tags,TRUE,over_represented
ajax,epistemic,4.188978709874077,tags,TRUE,over_represented
iphone,epistemic,3.701773029687471,tags,TRUE,over_represented
vba,epistemic,-6.151568019670816,tags,TRUE,under_represented
xml,epistemic,-3.1766329749795994,tags,TRUE,under_represented
laravel,epistemic,-0.01863024925781522,tags,FALSE,not_significant
spring,epistemic,6.356239711045644,tags,TRUE,over_represented
asp.net-mvc,epistemic,-6.067762177789003,tags,TRUE,under_represented
database,epistemic,-1.0529926270734171,tags,FALSE,not_significant
wordpress,epistemic,-4.427916685179707,tags,TRUE,under_represented
string,epistemic,3.1077684098487603,tags,TRUE,over_represented
postgresql,epistemic,5.933852670386857,tags,TRUE,over_represented
flutter,epistemic,-9.441186398141387,tags,TRUE,under_represented
mongodb,epistemic,-2.4986276103629423,tags,TRUE,under_represented
wpf,epistemic,-4.350726417541323,tags,TRUE,under_represented
windows,epistemic,8.073645655100172,tags,TRUE,over_represented
bash,epistemic,1.1257575234026338,tags,FALSE,not_significant
xcode,epistemic,-1.4045256905448338,tags,FALSE,not_significant
amazon-web-services,epistemic,4.743876815485629,tags,TRUE,over_represented
oracle-database,epistemic,15.83451634911141,tags,TRUE,over_represented
git,epistemic,-7.979557711488465,tags,TRUE,under_represented
dataframe,epistemic,-9.900889811457555,tags,TRUE,under_represented
spring-boot,epistemic,2.8265749889534004,tags,TRUE,over_represented
azure,epistemic,-8.2631316940427,tags,TRUE,under_represented
list,epistemic,-4.514940351790429,tags,TRUE,under_represented
multithreading,epistemic,14.985158594195026,tags,TRUE,over_represented
firebase,epistemic,-1.0121564710030009,tags,FALSE,not_significant
vb.net,epistemic,0.40116292552496957,tags,FALSE,not_significant
docker,epistemic,2.9591567494081366,tags,TRUE,over_represented
react-native,epistemic,-5.380558571308878,tags,TRUE,under_represented
eclipse,epistemic,-1.820038021728468,tags,FALSE,not_significant
algorithm,epistemic,10.12119516153266,tags,TRUE,over_represented
powershell,epistemic,0.21279711182118616,tags,FALSE,not_significant
macos,epistemic,2.8277574210624503,tags,TRUE,over_represented
numpy,epistemic,-0.8415106492854324,tags,FALSE,not_significant
visual-studio,epistemic,-1.5335542521198182,tags,FALSE,not_significant
forms,epistemic,-9.090939295864061,tags,TRUE,under_represented
image,epistemic,-3.849983852722856,tags,TRUE,under_represented
function,epistemic,-5.380235884789424,tags,TRUE,under_represented
scala,epistemic,-0.11730005450767457,tags,FALSE,not_significant
vue.js,epistemic,-3.6363106540643204,tags,TRUE,under_represented
twitter-bootstrap,epistemic,-11.901822730823369,tags,TRUE,under_represented
performance,epistemic,12.453074894213605,tags,TRUE,over_represented
winforms,epistemic,-1.5402854678856885,tags,FALSE,not_significant
selenium,epistemic,3.291532337552127,tags,TRUE,over_represented
loops,epistemic,-3.074136025054885,tags,TRUE,under_represented
kotlin,epistemic,-0.785137360310027,tags,FALSE,not_significant
sqlite,epistemic,6.659434053376305,tags,TRUE,over_represented
matlab,epistemic,1.3370194683549574,tags,FALSE,not_significant
python-2.7,epistemic,1.1702775280526228,tags,FALSE,not_significant
hibernate,epistemic,9.684510771404376,tags,TRUE,over_represented
shell,epistemic,1.4820860987542255,tags,FALSE,not_significant
express,epistemic,1.0985408495327977,tags,FALSE,not_significant
dart,epistemic,-7.095818956265501,tags,TRUE,under_represented
entity-framework,epistemic,0.5564487616386933,tags,FALSE,not_significant
csv,epistemic,1.1077092821818397,tags,FALSE,not_significant
rest,epistemic,0.45516662261334506,tags,FALSE,not_significant
apache,epistemic,5.142938712397238,tags,TRUE,over_represented
maven,epistemic,-2.5023870651671998,tags,TRUE,under_represented
android-studio,epistemic,-3.2687537218279585,tags,TRUE,under_represented
linq,epistemic,4.163698529422269,tags,TRUE,over_represented
dictionary,epistemic,-1.2231821928474607,tags,FALSE,not_significant
qt,epistemic,6.987359135082127,tags,TRUE,over_represented
asp.net-core,epistemic,-5.2973406601756805,tags,TRUE,under_represented
unit-testing,epistemic,-1.3254136421178653,tags,FALSE,not_significant
facebook,epistemic,0.4082155863125362,tags,FALSE,not_significant
swing,epistemic,-4.95420504544178,tags,TRUE,under_represented
file,epistemic,6.966482055071184,tags,TRUE,over_represented
class,epistemic,-6.977778297839412,tags,TRUE,under_represented
apache-spark,epistemic,2.095566756816962,tags,TRUE,over_represented
tensorflow,epistemic,0.8644622059765631,tags,FALSE,not_significant
sorting,epistemic,-0.28521830060721354,tags,FALSE,not_significant
date,epistemic,3.28808886687575,tags,TRUE,over_represented
unity-game-engine,epistemic,1.7192678905379803,tags,FALSE,not_significant
t-sql,epistemic,6.7905193118518925,tags,TRUE,over_represented
go,epistemic,-2.1918017744220046,tags,TRUE,under_represented
authentication,epistemic,0.1405339106023325,tags,FALSE,not_significant
symfony,epistemic,5.129176783516418,tags,TRUE,over_represented
for-loop,epistemic,0.30595728882825074,tags,FALSE,not_significant
.htaccess,epistemic,-2.51298552353144,tags,TRUE,under_represented
matplotlib,epistemic,-6.777012344961905,tags,TRUE,under_represented
datetime,epistemic,3.677075707661368,tags,TRUE,over_represented
opencv,epistemic,4.084027042368121,tags,TRUE,over_represented
google-chrome,epistemic,0.29344982676295717,tags,FALSE,not_significant
codeigniter,epistemic,-1.7557255364772186,tags,FALSE,not_significant
perl,epistemic,1.0814684765560085,tags,FALSE,not_significant
validation,epistemic,-4.787135274800865,tags,TRUE,under_represented
http,epistemic,5.488669697742784,tags,TRUE,over_represented
sockets,epistemic,17.45834480897443,tags,TRUE,over_represented
object,epistemic,-3.7230780916466215,tags,TRUE,under_represented
google-maps,epistemic,-3.363113904137174,tags,TRUE,under_represented
uitableview,epistemic,-3.075394451953121,tags,TRUE,under_represented
xaml,epistemic,-4.490925911172456,tags,TRUE,under_represented
if-statement,epistemic,-0.7178303560952354,tags,FALSE,not_significant
oop,epistemic,-6.785820923258305,tags,TRUE,under_represented
ubuntu,epistemic,6.304577804924824,tags,TRUE,over_represented
cordova,epistemic,-0.3712881167299902,tags,FALSE,not_significant
visual-studio-code,epistemic,-3.991519610750394,tags,TRUE,under_represented
email,epistemic,5.54131218694018,tags,TRUE,over_represented
android-layout,epistemic,-6.763993698140863,tags,TRUE,under_represented
ms-access,epistemic,-1.6819959452548887,tags,FALSE,not_significant
web-services,epistemic,0.6321584805345971,tags,FALSE,not_significant
spring-mvc,epistemic,0.42905000358205875,tags,FALSE,not_significant
ggplot2,epistemic,-10.25377157374199,tags,TRUE,under_represented
parsing,epistemic,1.6332546092423672,tags,FALSE,not_significant
pointers,epistemic,6.189421287034453,tags,TRUE,over_represented
github,epistemic,-4.9029166291027195,tags,TRUE,under_represented
user-interface,epistemic,-7.2646063683020206,tags,TRUE,under_represented
kubernetes,epistemic,-3.0828700092592625,tags,TRUE,under_represented
c++11,epistemic,4.200370243306566,tags,TRUE,over_represented
selenium-webdriver,epistemic,3.795400450953788,tags,TRUE,over_represented
google-sheets,epistemic,-10.247587994103872,tags,TRUE,under_represented
elasticsearch,epistemic,2.5267079457472224,tags,TRUE,over_represented
google-apps-script,epistemic,-9.614349372948503,tags,TRUE,under_represented
templates,epistemic,-3.896946844646064,tags,TRUE,under_represented
ruby-on-rails-3,epistemic,-1.7527841058038012,tags,FALSE,not_significant
security,epistemic,1.2778060475862667,tags,FALSE,not_significant
variables,epistemic,-3.640299840970059,tags,TRUE,under_represented
machine-learning,epistemic,-2.020428297373675,tags,TRUE,under_represented
flask,epistemic,0.918289830077956,tags,FALSE,not_significant
sql-server-2008,epistemic,3.829946170598082,tags,TRUE,over_represented
exception,epistemic,10.273324328249851,tags,TRUE,over_represented
tkinter,epistemic,-8.530744425909553,tags,TRUE,under_represented
delphi,epistemic,8.51187631843701,tags,TRUE,over_represented
nginx,epistemic,3.502011844864361,tags,TRUE,over_represented
listview,epistemic,-5.476828308958678,tags,TRUE,under_represented
haskell,epistemic,-2.8697603137012813,tags,TRUE,under_represented
debugging,epistemic,4.881146028621102,tags,TRUE,over_represented
asynchronous,epistemic,3.4479256799820455,tags,TRUE,over_represented
jpa,epistemic,5.471862890179591,tags,TRUE,over_represented
jsp,epistemic,0.8667515514885674,tags,FALSE,not_significant
web-scraping,epistemic,4.848826082446217,tags,TRUE,over_represented
gradle,epistemic,1.0264903526879083,tags,FALSE,not_significant
batch-file,epistemic,0.8027953600416544,tags,FALSE,not_significant
generics,epistemic,-3.31704547037915,tags,TRUE,under_represented
xamarin,epistemic,-2.6039296572011863,tags,TRUE,under_represented
pdf,epistemic,1.0062104018080804,tags,FALSE,not_significant
google-cloud-platform,epistemic,1.1779202641895719,tags,FALSE,not_significant
wcf,epistemic,2.3047903655037887,tags,TRUE,over_represented
amazon-s3,epistemic,3.567473587474606,tags,TRUE,over_represented
ssl,epistemic,7.7772491573509,tags,TRUE,over_represented
testing,epistemic,0.2356670470853911,tags,FALSE,not_significant
jenkins,epistemic,0.37170518869184943,tags,FALSE,not_significant
npm,epistemic,-1.8934351328521257,tags,FALSE,not_significant
unix,epistemic,3.13392448030166,tags,TRUE,over_represented
recursion,epistemic,0.9042138284546359,tags,FALSE,not_significant
ionic-framework,epistemic,-1.8125294013586937,tags,FALSE,not_significant
network-programming,epistemic,6.7888285982463925,tags,TRUE,over_represented
google-app-engine,epistemic,0.559465719034078,tags,FALSE,not_significant
visual-studio-2010,epistemic,0.5597832947266004,tags,FALSE,not_significant
mongoose,epistemic,-0.16679314487625937,tags,FALSE,not_significant
assembly,epistemic,7.428107543003738,tags,TRUE,over_represented
.net-core,epistemic,0.7634156005178397,tags,FALSE,not_significant
android-fragments,epistemic,-3.5138123783026454,tags,TRUE,under_represented
math,epistemic,2.1644715872492184,tags,TRUE,over_represented
join,epistemic,0.07989505357321053,tags,FALSE,not_significant
winapi,epistemic,10.120977799364505,tags,TRUE,over_represented
svg,epistemic,-6.4406463683419775,tags,TRUE,under_represented
rust,epistemic,-4.42074814405545,tags,TRUE,under_represented
animation,epistemic,-6.665168631845296,tags,TRUE,under_represented
session,epistemic,5.313776384514627,tags,TRUE,over_represented
intellij-idea,epistemic,-0.9058419236210921,tags,FALSE,not_significant
django-models,epistemic,-4.077157120329006,tags,TRUE,under_represented
laravel-5,epistemic,-1.1546854454585547,tags,FALSE,not_significant
curl,epistemic,7.51418699837619,tags,TRUE,over_represented
hadoop,epistemic,1.9616665528052548,tags,FALSE,not_significant
javascript,comparison_measurement,-10.161285217657793,tags,TRUE,under_represented
python,comparison_measurement,11.356146866985858,tags,TRUE,over_represented
java,comparison_measurement,-5.341274543244498,tags,TRUE,under_represented
c#,comparison_measurement,4.250119272602817,tags,TRUE,over_represented
php,comparison_measurement,-13.238646289017495,tags,TRUE,under_represented
android,comparison_measurement,-17.784154902905897,tags,TRUE,under_represented
html,comparison_measurement,-9.516179579527124,tags,TRUE,under_represented
jquery,comparison_measurement,-11.972065679135152,tags,TRUE,under_represented
c++,comparison_measurement,26.838848776818114,tags,TRUE,over_represented
css,comparison_measurement,-1.2963199409839206,tags,FALSE,not_significant
sql,comparison_measurement,-0.4878076774220351,tags,FALSE,not_significant
ios,comparison_measurement,-6.685104188514768,tags,TRUE,under_represented
mysql,comparison_measurement,-5.920583106791919,tags,TRUE,under_represented
r,comparison_measurement,11.75031654963679,tags,TRUE,over_represented
reactjs,comparison_measurement,-10.842422406193904,tags,TRUE,under_represented
node.js,comparison_measurement,-3.49295317084097,tags,TRUE,under_represented
arrays,comparison_measurement,5.480805914551514,tags,TRUE,over_represented
c,comparison_measurement,21.334266092398234,tags,TRUE,over_represented
asp.net,comparison_measurement,-5.6467791748304705,tags,TRUE,under_represented
json,comparison_measurement,-6.002220408327865,tags,TRUE,under_represented
.net,comparison_measurement,11.265660392674663,tags,TRUE,over_represented
sql-server,comparison_measurement,4.744654268566209,tags,TRUE,over_represented
python-3.x,comparison_measurement,1.9638848384896208,tags,FALSE,not_significant
ruby-on-rails,comparison_measurement,-3.534628201686717,tags,TRUE,under_represented
swift,comparison_measurement,-6.364042992797193,tags,TRUE,under_represented
django,comparison_measurement,-11.026981873230579,tags,TRUE,under_represented
angular,comparison_measurement,-11.911274145816487,tags,TRUE,under_represented
objective-c,comparison_measurement,-3.958416175785326,tags,TRUE,under_represented
excel,comparison_measurement,5.127122236343757,tags,TRUE,over_represented
pandas,comparison_measurement,5.2608264044563535,tags,TRUE,over_represented
regex,comparison_measurement,8.88560857336093,tags,TRUE,over_represented
angularjs,comparison_measurement,-5.846863935557289,tags,TRUE,under_represented
typescript,comparison_measurement,-1.5478006931537838,tags,FALSE,not_significant
ruby,comparison_measurement,3.2226987047376263,tags,TRUE,over_represented
linux,comparison_measurement,6.728197063437777,tags,TRUE,over_represented
ajax,comparison_measurement,-7.631668240280908,tags,TRUE,under_represented
iphone,comparison_measurement,-2.766962909203483,tags,TRUE,under_represented
vba,comparison_measurement,6.048134364779198,tags,TRUE,over_represented
xml,comparison_measurement,-0.4631305696773469,tags,FALSE,not_significant
laravel,comparison_measurement,-10.522148487565802,tags,TRUE,under_represented
spring,comparison_measurement,-10.264537093928855,tags,TRUE,under_represented
asp.net-mvc,comparison_measurement,-5.553966017018585,tags,TRUE,under_represented
database,comparison_measurement,-1.375153233435532,tags,FALSE,not_significant
wordpress,comparison_measurement,-5.878148376934403,tags,TRUE,under_represented
string,comparison_measurement,9.100445695651784,tags,TRUE,over_represented
postgresql,comparison_measurement,-0.11724106215260455,tags,FALSE,not_significant
flutter,comparison_measurement,-7.690943951964964,tags,TRUE,under_represented
mongodb,comparison_measurement,0.2319784966362387,tags,FALSE,not_significant
wpf,comparison_measurement,-2.6239789430324123,tags,TRUE,under_represented
windows,comparison_measurement,3.7950812485857406,tags,TRUE,over_represented
bash,comparison_measurement,5.086878227113376,tags,TRUE,over_represented
xcode,comparison_measurement,-4.939102855287525,tags,TRUE,under_represented
amazon-web-services,comparison_measurement,-2.129055790792237,tags,TRUE,under_represented
oracle-database,comparison_measurement,-1.8855825121855319,tags,FALSE,not_significant
git,comparison_measurement,2.191477505799138,tags,TRUE,over_represented
dataframe,comparison_measurement,2.344618835199258,tags,TRUE,over_represented
spring-boot,comparison_measurement,-8.399859653940885,tags,TRUE,under_represented
azure,comparison_measurement,-1.169647126900519,tags,FALSE,not_significant
list,comparison_measurement,4.386405973316681,tags,TRUE,over_represented
multithreading,comparison_measurement,9.280429903560409,tags,TRUE,over_represented
firebase,comparison_measurement,3.9843478843231215,tags,TRUE,over_represented
vb.net,comparison_measurement,3.386449496328125,tags,TRUE,over_represented
docker,comparison_measurement,-4.513085723860292,tags,TRUE,under_represented
react-native,comparison_measurement,-6.734577221006808,tags,TRUE,under_represented
eclipse,comparison_measurement,-3.477255092795383,tags,TRUE,under_represented
algorithm,comparison_measurement,17.57928240235391,tags,TRUE,over_represented
powershell,comparison_measurement,9.799291293911736,tags,TRUE,over_represented
macos,comparison_measurement,0.7968414517162996,tags,FALSE,not_significant
numpy,comparison_measurement,14.036465696052478,tags,TRUE,over_represented
visual-studio,comparison_measurement,0.7060933584900347,tags,FALSE,not_significant
forms,comparison_measurement,-5.8429106728268785,tags,TRUE,under_represented
image,comparison_measurement,-0.7586126421632872,tags,FALSE,not_significant
function,comparison_measurement,2.255980975740748,tags,TRUE,over_represented
scala,comparison_measurement,5.485287354315508,tags,TRUE,over_represented
vue.js,comparison_measurement,-4.978110276526447,tags,TRUE,under_represented
twitter-bootstrap,comparison_measurement,-3.5989885085886093,tags,TRUE,under_represented
performance,comparison_measurement,33.4797609658771,tags,TRUE,over_represented
winforms,comparison_measurement,-0.9263432347233994,tags,FALSE,not_significant
selenium,comparison_measurement,-6.253918969749685,tags,TRUE,under_represented
loops,comparison_measurement,4.071573618380037,tags,TRUE,over_represented
kotlin,comparison_measurement,-1.7471485347030526,tags,FALSE,not_significant
sqlite,comparison_measurement,-3.8553086595407287,tags,TRUE,under_represented
matlab,comparison_measurement,6.488635552765816,tags,TRUE,over_represented
python-2.7,comparison_measurement,2.0674279660568025,tags,TRUE,over_represented
hibernate,comparison_measurement,-6.220715160849578,tags,TRUE,under_represented
shell,comparison_measurement,2.0879249087818774,tags,TRUE,over_represented
express,comparison_measurement,-4.11155178185752,tags,TRUE,under_represented
dart,comparison_measurement,-4.361237052280537,tags,TRUE,under_represented
entity-framework,comparison_measurement,-2.6272733279046236,tags,TRUE,under_represented
csv,comparison_measurement,2.8904505319245604,tags,TRUE,over_represented
rest,comparison_measurement,-1.0791692479494,tags,FALSE,not_significant
apache,comparison_measurement,-0.6345040277724431,tags,FALSE,not_significant
maven,comparison_measurement,-5.513086982430673,tags,TRUE,under_represented
android-studio,comparison_measurement,-2.6570819376533463,tags,TRUE,under_represented
linq,comparison_measurement,3.4418977006973295,tags,TRUE,over_represented
dictionary,comparison_measurement,5.4026107559765,tags,TRUE,over_represented
qt,comparison_measurement,0.0635582144459214,tags,FALSE,not_significant
asp.net-core,comparison_measurement,-3.1639370168798115,tags,TRUE,under_represented
unit-testing,comparison_measurement,2.989812322860001,tags,TRUE,over_represented
facebook,comparison_measurement,-2.967742886700185,tags,TRUE,under_represented
swing,comparison_measurement,-4.122595794723209,tags,TRUE,under_represented
file,comparison_measurement,0.83379562894792,tags,FALSE,not_significant
class,comparison_measurement,-0.22156918890473556,tags,FALSE,not_significant
apache-spark,comparison_measurement,-1.8573109314178198,tags,FALSE,not_significant
tensorflow,comparison_measurement,-1.6306348251529843,tags,FALSE,not_significant
sorting,comparison_measurement,5.388827097129477,tags,TRUE,over_represented
date,comparison_measurement,2.469509180127489,tags,TRUE,over_represented
unity-game-engine,comparison_measurement,-1.614870694499003,tags,FALSE,not_significant
t-sql,comparison_measurement,6.319261102874091,tags,TRUE,over_represented
go,comparison_measurement,8.404641493075639,tags,TRUE,over_represented
authentication,comparison_measurement,-2.6975781854767056,tags,TRUE,under_represented
symfony,comparison_measurement,-5.898413405715463,tags,TRUE,under_represented
for-loop,comparison_measurement,5.329676172892109,tags,TRUE,over_represented
.htaccess,comparison_measurement,-2.7404602830175864,tags,TRUE,under_represented
matplotlib,comparison_measurement,0.9022005637768221,tags,FALSE,not_significant
datetime,comparison_measurement,1.7313489427587567,tags,FALSE,not_significant
opencv,comparison_measurement,-1.1381990675035052,tags,FALSE,not_significant
google-chrome,comparison_measurement,-1.7104965687342637,tags,FALSE,not_significant
codeigniter,comparison_measurement,-5.638207597151469,tags,TRUE,under_represented
perl,comparison_measurement,9.156639434688138,tags,TRUE,over_represented
validation,comparison_measurement,-0.8730450381859869,tags,FALSE,not_significant
http,comparison_measurement,-1.1820890467208072,tags,FALSE,not_significant
sockets,comparison_measurement,3.1484346494510267,tags,TRUE,over_represented
object,comparison_measurement,-0.64589214393256,tags,FALSE,not_significant
google-maps,comparison_measurement,-4.182566653872935,tags,TRUE,under_represented
uitableview,comparison_measurement,-5.216113548257472,tags,TRUE,under_represented
xaml,comparison_measurement,-1.6561862680884352,tags,FALSE,not_significant
if-statement,comparison_measurement,2.5259031874780433,tags,TRUE,over_represented
oop,comparison_measurement,6.0411782898148125,tags,TRUE,over_represented
ubuntu,comparison_measurement,-2.0001649766183163,tags,TRUE,under_represented
cordova,comparison_measurement,-1.8788340434858215,tags,FALSE,not_significant
visual-studio-code,comparison_measurement,-0.7868332036585206,tags,FALSE,not_significant
email,comparison_measurement,-0.9266929962746812,tags,FALSE,not_significant
android-layout,comparison_measurement,-3.856971269922466,tags,TRUE,under_represented
ms-access,comparison_measurement,2.5602229753113184,tags,TRUE,over_represented
web-services,comparison_measurement,-0.590677645737223,tags,FALSE,not_significant
spring-mvc,comparison_measurement,-3.2981868239974133,tags,TRUE,under_represented
ggplot2,comparison_measurement,2.969962417238279,tags,TRUE,over_represented
parsing,comparison_measurement,4.614419560504887,tags,TRUE,over_represented
pointers,comparison_measurement,3.4397085028989656,tags,TRUE,over_represented
github,comparison_measurement,-1.2519337939342385,tags,FALSE,not_significant
user-interface,comparison_measurement,1.644318814951923,tags,FALSE,not_significant
kubernetes,comparison_measurement,-2.477523070903492,tags,TRUE,under_represented
c++11,comparison_measurement,9.547709470801719,tags,TRUE,over_represented
selenium-webdriver,comparison_measurement,-5.121817842423191,tags,TRUE,under_represented
google-sheets,comparison_measurement,-1.922879361008662,tags,FALSE,not_significant
elasticsearch,comparison_measurement,-3.0094839581405246,tags,TRUE,under_represented
google-apps-script,comparison_measurement,-4.777354918624599,tags,TRUE,under_represented
templates,comparison_measurement,6.676130106643948,tags,TRUE,over_represented
ruby-on-rails-3,comparison_measurement,0.17260399692919642,tags,FALSE,not_significant
security,comparison_measurement,6.734985807960964,tags,TRUE,over_represented
variables,comparison_measurement,1.7550116232564565,tags,FALSE,not_significant
machine-learning,comparison_measurement,0.7184096479392491,tags,FALSE,not_significant
flask,comparison_measurement,-4.158022638235097,tags,TRUE,under_represented
sql-server-2008,comparison_measurement,1.9373561265966106,tags,FALSE,not_significant
exception,comparison_measurement,2.207792098627685,tags,TRUE,over_represented
tkinter,comparison_measurement,2.1756137101608553,tags,TRUE,over_represented
delphi,comparison_measurement,6.788351018176289,tags,TRUE,over_represented
nginx,comparison_measurement,-3.4609403703653836,tags,TRUE,under_represented
listview,comparison_measurement,-5.5113516210837865,tags,TRUE,under_represented
haskell,comparison_measurement,15.305887707397632,tags,TRUE,over_represented
debugging,comparison_measurement,0.34380026555418963,tags,FALSE,not_significant
asynchronous,comparison_measurement,0.8003181759193249,tags,FALSE,not_significant
jpa,comparison_measurement,-4.545248426149541,tags,TRUE,under_represented
jsp,comparison_measurement,-4.556799794239337,tags,TRUE,under_represented
web-scraping,comparison_measurement,0.05189165712098927,tags,FALSE,not_significant
gradle,comparison_measurement,-1.8960401357834324,tags,FALSE,not_significant
batch-file,comparison_measurement,-0.09243565960720643,tags,FALSE,not_significant
generics,comparison_measurement,5.362166986797222,tags,TRUE,over_represented
xamarin,comparison_measurement,-3.2488939557982084,tags,TRUE,under_represented
pdf,comparison_measurement,0.5505720303238497,tags,FALSE,not_significant
google-cloud-platform,comparison_measurement,-1.5979702529570399,tags,FALSE,not_significant
wcf,comparison_measurement,-0.8360691733509454,tags,FALSE,not_significant
amazon-s3,comparison_measurement,-1.8035930054275031,tags,FALSE,not_significant
ssl,comparison_measurement,-0.5378526734268246,tags,FALSE,not_significant
testing,comparison_measurement,1.2124319399472696,tags,FALSE,not_significant
jenkins,comparison_measurement,-2.330162319483679,tags,TRUE,under_represented
npm,comparison_measurement,-1.3317977034974908,tags,FALSE,not_significant
unix,comparison_measurement,1.1527977681848456,tags,FALSE,not_significant
recursion,comparison_measurement,4.476787867586217,tags,TRUE,over_represented
ionic-framework,comparison_measurement,-4.331208951805022,tags,TRUE,under_represented
network-programming,comparison_measurement,1.338270190303323,tags,FALSE,not_significant
google-app-engine,comparison_measurement,-1.6019938648698933,tags,FALSE,not_significant
visual-studio-2010,comparison_measurement,2.362302245768789,tags,TRUE,over_represented
mongoose,comparison_measurement,-1.0477585518705639,tags,FALSE,not_significant
assembly,comparison_measurement,13.131492882788365,tags,TRUE,over_represented
.net-core,comparison_measurement,0.5045251643142881,tags,FALSE,not_significant
android-fragments,comparison_measurement,-6.396656795062585,tags,TRUE,under_represented
math,comparison_measurement,10.713610570402498,tags,TRUE,over_represented
join,comparison_measurement,0.6449316416761419,tags,FALSE,not_significant
winapi,comparison_measurement,4.232504247489057,tags,TRUE,over_represented
svg,comparison_measurement,0.014350113008560953,tags,FALSE,not_significant
rust,comparison_measurement,5.949573402074403,tags,TRUE,over_represented
animation,comparison_measurement,1.3362664651571887,tags,FALSE,not_significant
session,comparison_measurement,-2.172169576529443,tags,TRUE,under_represented
intellij-idea,comparison_measurement,-1.4388079351974343,tags,FALSE,not_significant
django-models,comparison_measurement,-4.5573129536007,tags,TRUE,under_represented
laravel-5,comparison_measurement,-4.059680103158723,tags,TRUE,under_represented
curl,comparison_measurement,-1.8764798202089272,tags,FALSE,not_significant
hadoop,comparison_measurement,0.20601490161262262,tags,FALSE,not_significant
