topic,category,n_miscomm,n_no_miscomm,n_total,p_value,estimate,ci_lower,ci_upper,p_adj,significant,direction
javascript,comprehension_failure,174903,2307480,2482383,1.221530477462877e-239,0.07045770132973034,0.00512324703294271,0.005790185491802343,9.396388288175977e-239,TRUE,above_baseline
python,comprehension_failure,146253,2024360,2170613,5.1965515533131294e-42,0.06737866215672715,0.0020297391133590635,0.0027256150653796165,9.116757111075665e-42,TRUE,above_baseline
java,comprehension_failure,140759,1745335,1886094,0,0.07462989649508454,0.009240957349372256,0.01001686550608121,0,TRUE,above_baseline
c#,comprehension_failure,128178,1475915,1604093,0,0.07990683831922463,0.01447466857598685,0.015337037927746782,0,TRUE,above_baseline
php,comprehension_failure,99927,1346534,1446461,4.949136340121432e-83,0.06908378449194275,0.0036577737418438017,0.004507825107326067,1.2690093179798545e-82,TRUE,above_baseline
android,comprehension_failure,75541,1294221,1369762,0,0.0551489966870157,-0.010246938605410242,-0.00945703815527398,0,TRUE,below_baseline
html,comprehension_failure,85353,1088041,1173394,2.2849852573758267e-240,0.07274027308815283,0.007259010530467602,0.008219565511122429,1.8279882059006613e-239,TRUE,above_baseline
jquery,comprehension_failure,74695,945174,1019869,2.4825822576287403e-238,0.07323979844470221,0.007723533352037643,0.008754093402651163,1.8389498204657335e-237,TRUE,above_baseline
c++,comprehension_failure,84211,723974,808185,0,0.1041976775119558,0.03852325581731727,0.03987012907187871,0,TRUE,above_baseline
css,comprehension_failure,56626,741190,797816,2.432873901761556e-100,0.07097626520400693,0.005403140403568312,0.006547419869729932,7.485765851574019e-100,TRUE,above_baseline
sql,comprehension_failure,51280,620715,671995,1.1251116274615225e-299,0.0763100915929434,0.010666619551144703,0.011951593500026473,1.184328028906866e-298,TRUE,above_baseline
ios,comprehension_failure,39898,628717,668615,3.6017860454990615e-68,0.059672606806607686,-0.005904777375857278,-0.004751979145642971,7.58270746420855e-68,TRUE,below_baseline
mysql,comprehension_failure,47285,606461,653746,6.241326596549805e-124,0.07232931444322413,0.006692622783734446,0.007964035967998192,2.0804421988499352e-123,TRUE,above_baseline
r,comprehension_failure,30135,472895,503030,1.000704580512732e-47,0.05990696379937578,-0.0057572954291415235,-0.004430747106822536,1.8881218500240227e-47,TRUE,below_baseline
reactjs,comprehension_failure,23397,434603,458000,1.832530491e-314,0.05108515283842795,-0.01456115202513169,-0.013270512432728039,2.0361449898e-313,TRUE,below_baseline
node.js,comprehension_failure,23420,432028,455448,7.1211005035228324e-298,0.051421896681948326,-0.014228137659747526,-0.012930039111071445,7.121100503522833e-297,TRUE,below_baseline
arrays,comprehension_failure,37870,378419,416289,0,0.09097045562097485,0.025090295826540467,0.026848645280693605,0,TRUE,above_baseline
c,comprehension_failure,44765,361373,406138,0,0.11022115635572145,0.04425194076651681,0.04618840181021047,0,TRUE,above_baseline
asp.net,comprehension_failure,23390,344551,367941,4.7489480758585974e-4,0.06356997453396061,-0.0022255906036776868,-6.364304631167088e-4,5.247456437412815e-4,TRUE,below_baseline
json,comprehension_failure,22157,334225,356382,1.0353995732892113e-11,0.06217205133817084,-0.0036278968292604583,-0.0020299706291134886,1.3274353503707838e-11,TRUE,below_baseline
.net,comprehension_failure,25492,310374,335866,1.8308154014649625e-142,0.07589931698951367,0.009997188202080315,0.01179947564223141,7.179668241039069e-142,TRUE,above_baseline
sql-server,comprehension_failure,24661,310237,334898,5.553218092921829e-90,0.0736373462964843,0.007746241797521242,0.00952648066073174,1.4808581581124878e-89,TRUE,above_baseline
python-3.x,comprehension_failure,21511,313089,334600,0.09696998002159156,0.06428870292887029,-0.0015492311009244614,1.246668239494182e-4,0.10261373547258365,FALSE,not_significant
ruby-on-rails,comprehension_failure,17700,315037,332737,4.73993006375263e-166,0.05319516615224637,-0.012574793542988117,-0.011036844287234764,2.3121610067086e-165,TRUE,below_baseline
swift,comprehension_failure,21186,307038,328224,0.29512057262270475,0.06454738227551916,-0.0013000879294319911,3.928823457546958e-4,0.3042480130130976,FALSE,not_significant
django,comprehension_failure,17102,288061,305163,1.1548616870369254e-88,0.05604218073619672,-0.009780866709424319,-0.008136741952897866,3.039109702728751e-88,TRUE,below_baseline
angular,comprehension_failure,15583,282634,298217,1.212114011809781e-173,0.052253895653165315,-0.013551939429387816,-0.011942239398997176,6.215969291332211e-173,TRUE,below_baseline
objective-c,comprehension_failure,19802,267665,287467,4.765914206069512e-17,0.06888442847352913,0.0029523397200453094,0.004814547092297328,6.48423701506056e-17,TRUE,above_baseline
excel,comprehension_failure,20383,266669,287052,1.8112360441605613e-38,0.07100804035505762,0.00506226074894253,0.006951849826457081,3.0961299900180535e-38,TRUE,above_baseline
pandas,comprehension_failure,14872,272041,286913,2.925433198142766e-178,0.05183452823678258,-0.0139837002501963,-0.012349213410954168,1.5813152422393328e-177,TRUE,below_baseline
regex,comprehension_failure,22078,238636,260714,0,0.08468283252913154,0.01860856397384841,0.020755130949699056,0,TRUE,above_baseline
angularjs,comprehension_failure,14337,241807,256144,5.360970709781392e-76,0.05597242176275845,-0.009924274995082128,-0.008132851614116598,1.2324070597198603e-75,TRUE,below_baseline
typescript,comprehension_failure,12764,214507,227271,5.6956119964757486e-65,0.05616202683140392,-0.009790703570490515,-0.007887212901417263,1.1743529889640717e-64,TRUE,below_baseline
ruby,comprehension_failure,14618,212193,226811,0.28954385371101543,0.06445013689812222,-0.0015662691445230195,4.645728060518387e-4,0.3000454442601196,FALSE,not_significant
linux,comprehension_failure,15011,208771,223782,7.260396680190768e-5,0.0670786747817072,0.0010364935429660051,0.0031188858857327806,8.157749078866032e-5,TRUE,above_baseline
ajax,comprehension_failure,15452,202202,217654,1.5729284804951972e-29,0.07099341156146913,0.004908965688282562,0.0070758872999400705,2.4577007507737455e-29,TRUE,above_baseline
iphone,comprehension_failure,12991,203857,216848,9.793552480353893e-22,0.059908322880543055,-0.0060964286937321395,-0.004088895679897372,1.3891563801920417e-21,TRUE,below_baseline
vba,comprehension_failure,16804,198472,215276,6.048985114363678e-132,0.07805793493004329,0.011919400878668754,0.0141944988467022,2.1603518265584564e-131,TRUE,above_baseline
xml,comprehension_failure,12645,199089,211734,9.76277765532123e-23,0.05972115956813738,-0.006294051824868284,-0.0042655991735725774,1.394682522188747e-22,TRUE,below_baseline
laravel,comprehension_failure,10632,198645,209277,6.544470618466009e-152,0.050803480554480425,-0.015143557648970046,-0.013251451376784726,2.671212497333065e-151,TRUE,below_baseline
spring,comprehension_failure,11080,195560,206640,4.3636934576414093e-97,0.05361982191250484,-0.0123574834382915,-0.010404842871414442,1.2834392522474735e-96,TRUE,below_baseline
asp.net-mvc,comprehension_failure,13501,184619,198120,1.577438559347519e-8,0.06814556834241874,0.0020305266510288033,0.004258639899093046,1.947455011540147e-8,TRUE,above_baseline
database,comprehension_failure,14082,177573,191655,9.659938714967188e-51,0.07347577678641308,0.007302459736158726,0.009647123701951813,1.8576805221090747e-50,TRUE,above_baseline
wordpress,comprehension_failure,8791,176245,185036,2.130244040349626e-203,0.04750967379320781,-0.018465642166259358,-0.01651698038204065,1.3314025252185163e-202,TRUE,below_baseline
string,comprehension_failure,16849,167705,184554,0,0.09129577251102658,0.024976960853568528,0.02761261403376901,0,TRUE,above_baseline
postgresql,comprehension_failure,10025,166361,176386,1.0313585462183617e-43,0.05683557651967843,-0.009250445578911581,-0.007080371516447178,1.858303686879931e-43,TRUE,below_baseline
flutter,comprehension_failure,6599,164746,171345,0,0.038512941725757976,-0.027404578354633592,-0.025571508328566077,0,TRUE,below_baseline
mongodb,comprehension_failure,8353,162757,171110,1.6382017614098929e-161,0.0488165507568231,-0.017210248166476014,-0.015158620454593413,7.800960768618537e-161,TRUE,below_baseline
wpf,comprehension_failure,11446,156221,167667,6.534635462450301e-8,0.06826626587223485,0.0020540238761346643,0.004476537733619407,7.779327931488454e-8,TRUE,above_baseline
windows,comprehension_failure,10585,153825,164410,0.31008901825631896,0.06438172860531598,-0.001809756128433799,5.712432043501311e-4,0.31804001872442966,FALSE,not_significant
bash,comprehension_failure,11881,144340,156221,9.9560166213304e-70,0.07605251534684837,0.009733293735096158,0.012369766823884961,2.118301408793702e-69,TRUE,above_baseline
xcode,comprehension_failure,8783,146201,154984,3.6930430893347e-40,0.056670365973261756,-0.009485993877541905,-0.007175244310650204,6.422683633625565e-40,TRUE,below_baseline
amazon-web-services,comprehension_failure,7498,146372,153870,4.498935887077796e-147,0.048729446935724965,-0.01735187586050596,-0.015191200402759729,1.7995743548311183e-146,TRUE,below_baseline
oracle-database,comprehension_failure,10845,140683,151528,4.752229244282189e-25,0.07157093078506943,0.005268246838532607,0.007871644596890633,7.146209389898028e-25,TRUE,above_baseline
git,comprehension_failure,11455,140043,151498,1.5226684649803638e-62,0.07561155922850467,0.009275609747134811,0.011945538575158903,3.1074866632252324e-62,TRUE,above_baseline
dataframe,comprehension_failure,7812,139931,147743,2.5849266285428454e-79,0.052875601551342535,-0.013270797521753511,-0.01097996951027704,6.462316571357113e-79,TRUE,below_baseline
spring-boot,comprehension_failure,6914,138638,145552,8.963501531851474e-161,0.04750192371111355,-0.018596324363382585,-0.016401798349105934,4.1690704799309184e-160,TRUE,below_baseline
azure,comprehension_failure,6520,135989,142509,3.8084758574157653e-190,0.045751496396718806,-0.020338846399641453,-0.018160130941636557,2.240279916126921e-189,TRUE,below_baseline
list,comprehension_failure,12517,128920,141437,3.4164181894010944e-279,0.08849876623514356,0.022014279568003302,0.024981282767568204,3.1058347176373587e-278,TRUE,above_baseline
multithreading,comprehension_failure,14050,125286,139336,0,0.10083539071022564,0.034250254454109924,0.03741855683162573,0,TRUE,above_baseline
firebase,comprehension_failure,7073,131866,138939,2.675060529853747e-100,0.0509072326704525,-0.015253799393203166,-0.01293370540060745,8.10624402985984e-100,TRUE,below_baseline
vb.net,comprehension_failure,9957,128887,138844,4.816930739291366e-24,0.07171357782835412,0.005351823207930719,0.008073362314061902,7.13619368783906e-24,TRUE,above_baseline
docker,comprehension_failure,6158,128150,134308,1.4726152149006444e-177,0.0458498376865116,-0.020274141187322427,-0.01802815357436999,7.750606394213919e-177,TRUE,below_baseline
react-native,comprehension_failure,4725,123628,128353,0,0.03681254041588432,-0.029223360237985156,-0.02715352906496183,0,TRUE,below_baseline
eclipse,comprehension_failure,7123,114981,122104,4.2665282129068086e-21,0.058335517263971695,-0.007983821903343048,-0.0053471137034291835,6.009194666065927e-21,TRUE,below_baseline
algorithm,comprehension_failure,16442,104210,120652,0,0.136276232470245,0.06933682513159373,0.07321366967418066,0,TRUE,above_baseline
powershell,comprehension_failure,6098,112081,118179,1.2636479223876059e-77,0.05159969199265521,-0.014666431336186607,-0.012136154813218593,3.044934752741219e-77,TRUE,below_baseline
macos,comprehension_failure,5707,109082,114789,1.3726962843118944e-97,0.049717307407504206,-0.016545002548515937,-0.014022352771191274,4.0976008486922224e-97,TRUE,below_baseline
numpy,comprehension_failure,8674,105416,114090,2.711315832378818e-51,0.07602769743185205,0.009485571818691963,0.012567852910296506,5.3163055536839567e-51,TRUE,above_baseline
visual-studio,comprehension_failure,7169,106311,113480,0.012755939498577515,0.06317412759957702,-0.003245760274556955,-4.0795466100461983e-4,0.013790204863327044,TRUE,below_baseline
forms,comprehension_failure,7980,103790,111770,5.1056434726636904e-18,0.07139661805493425,0.004882851516767824,0.007908414458385046,6.994032154333823e-18,TRUE,above_baseline
image,comprehension_failure,7693,103688,111381,3.934595874853634e-8,0.06906923083829379,0.0025757742818371607,0.005560717260034799,4.740476957654981e-8,TRUE,above_baseline
function,comprehension_failure,9911,100956,110867,1.3744727298752946e-236,0.08939540169752948,0.022712027088548584,0.02607680617179475,9.47912227500203e-236,TRUE,above_baseline
scala,comprehension_failure,6734,104012,110746,1.5985837249463203e-8,0.06080580788470916,-0.005606126859785545,-0.0027842275055117638,1.961452423247019e-8,TRUE,below_baseline
vue.js,comprehension_failure,5301,99778,105079,2.405559282504886e-81,0.05044775835323899,-0.015880280803378034,-0.01322617262485961,6.090023500012371e-81,TRUE,below_baseline
twitter-bootstrap,comprehension_failure,5951,95465,101416,3.620708803008964e-16,0.058679103888932715,-0.007771739249772657,-0.004872023107077534,4.860011816119415e-16,TRUE,below_baseline
performance,comprehension_failure,9456,91702,101158,1.0004700464339379e-293,0.09347753020028075,0.026679931750008566,0.03027315851583732,9.528286156513694e-293,TRUE,above_baseline
winforms,comprehension_failure,8136,90370,98506,1.5194894343276285e-110,0.08259395366779688,0.015871122130442606,0.019314815070435542,4.823775981992471e-110,TRUE,above_baseline
selenium,comprehension_failure,4945,93149,98094,1.8572962088100765e-76,0.05041083042795686,-0.015962915305315288,-0.013217393973486612,4.370108726611945e-76,TRUE,below_baseline
loops,comprehension_failure,8361,87829,96190,1.5621569374563157e-166,0.08692171743424472,0.020137634600282603,0.023703830133491213,7.810784687281579e-166,TRUE,above_baseline
kotlin,comprehension_failure,5007,89409,94416,3.5792587218697213e-50,0.053031265887137774,-0.013402578545074857,-0.010536859815365217,6.81763566070423e-50,TRUE,below_baseline
sqlite,comprehension_failure,5564,88221,93785,1.9872908238771857e-12,0.05932718451778003,-0.00718897063823162,-0.004158630460923938,2.564246224357659e-12,TRUE,below_baseline
matlab,comprehension_failure,8270,85119,93389,1.995200186571491e-186,0.08855432652667873,0.02172854723845653,0.02537813568018531,1.1401143923265664e-185,TRUE,above_baseline
python-2.7,comprehension_failure,6375,86707,93082,1.658354695509575e-5,0.06848799982810855,0.0018613623803425076,0.005112667141158966,1.906154822424799e-5,TRUE,above_baseline
hibernate,comprehension_failure,5203,87637,92840,2.114905169857263e-28,0.05604265402843602,-0.010441160310315629,-0.00747550176752795,3.2537002613188662e-28,TRUE,below_baseline
shell,comprehension_failure,6784,85660,92444,5.86873975662718e-25,0.07338496819696248,0.006700077709989942,0.010067888549219401,8.759313069592807e-25,TRUE,above_baseline
express,comprehension_failure,4659,87591,92250,3.917740011984987e-71,0.05050406504065041,-0.015913507104503538,-0.013080332948911267,8.51682611301084e-71,TRUE,below_baseline
dart,comprehension_failure,3957,87926,91883,8.509583297998109e-160,0.043065637822012774,-0.02325170847396972,-0.020618986016720353,3.867992408180959e-159,TRUE,below_baseline
entity-framework,comprehension_failure,6651,83840,90491,4.303791544302421e-25,0.07349902200218807,0.006794906669346664,0.010201167200313846,6.5208962792460925e-25,TRUE,above_baseline
csv,comprehension_failure,6018,83581,89599,0.008702112525873348,0.06716592819116285,5.22962153819385e-4,0.003806924093790691,0.009458817962905812,TRUE,above_baseline
rest,comprehension_failure,4772,84607,89379,6.902827145142939e-45,0.05339061748285391,-0.013087538723663335,-0.010133196445344465,1.2783013231746184e-44,TRUE,below_baseline
apache,comprehension_failure,4602,84681,89283,1.2455877850973771e-59,0.051543966936594875,-0.014910721761206874,-0.012003314500318999,2.516338959792681e-59,TRUE,below_baseline
maven,comprehension_failure,5030,82055,87085,4.978404240033989e-18,0.057759660102199004,-0.008793922264388293,-0.005688727665929321,6.8667644690123996e-18,TRUE,below_baseline
android-studio,comprehension_failure,3821,82941,86762,4.4846450505867764e-138,0.04404001751919043,-0.022329866888169507,-0.01959206820816526,1.6609796483654728e-137,TRUE,below_baseline
linq,comprehension_failure,7937,78520,86457,4.112855838891766e-223,0.09180286153810564,0.024874605070505394,0.02872914787099027,2.7419038925945105e-222,TRUE,above_baseline
dictionary,comprehension_failure,7522,78234,85756,1.4466068218966527e-159,0.0877139791967909,0.020817110300459574,0.024608877958406605,6.429363652874012e-159,TRUE,above_baseline
qt,comprehension_failure,5752,79010,84762,7.494526481540958e-4,0.06786059790944055,0.001163550949621865,0.004555674734543604,8.235743386308745e-4,TRUE,above_baseline
asp.net-core,comprehension_failure,5283,78687,83970,0.01439145425689853,0.06291532690246517,-0.0037309591172644345,-4.403572125208561e-4,0.015474681996665084,TRUE,below_baseline
unit-testing,comprehension_failure,4570,78808,83378,9.552949802343415e-33,0.05481062150687232,-0.011738497499662503,-0.008642229621308482,1.5533251711127504e-32,TRUE,below_baseline
facebook,comprehension_failure,3742,78102,81844,1.3364388281483362e-110,0.045721127999609014,-0.02071433175972988,-0.017845382375767715,4.3110929940268906e-110,TRUE,below_baseline
swing,comprehension_failure,6740,74360,81100,9.851257770449258e-97,0.08310727496917386,0.016203861496538692,0.020008718307093408,2.8554370349128285e-96,TRUE,above_baseline
file,comprehension_failure,6690,73876,80566,2.1835440821889432e-95,0.08303750961944245,0.0161285456714129,0.01994450343275638,6.150828400532234e-95,TRUE,above_baseline
class,comprehension_failure,8308,71164,79472,0,0.10453996376082142,0.03740947918034552,0.0416684782065817,0,TRUE,above_baseline
apache-spark,comprehension_failure,3599,75615,79214,2.821041891220233e-110,0.04543388794909991,-0.02102073028968605,-0.018113463946829753,8.815755910063229e-110,TRUE,below_baseline
tensorflow,comprehension_failure,3787,74054,77841,2.938157682440091e-76,0.04865045413085649,-0.017865109994938507,-0.014835951878064139,6.832924842883933e-76,TRUE,below_baseline
sorting,comprehension_failure,6962,69887,76849,2.510547324365695e-181,0.09059324129136358,0.023560485043054604,0.027624027404956928,1.3947485135364974e-180,TRUE,above_baseline
date,comprehension_failure,5265,71449,76714,4.6613266487324025e-5,0.0686315405271528,0.0018387093376756659,0.005422401581914309,5.267035761279551e-5,TRUE,above_baseline
unity-game-engine,comprehension_failure,5243,69644,74887,2.8050645548786665e-8,0.07001215164180699,0.0031809192848278158,0.0068414138640705445,3.420810432778861e-8,TRUE,above_baseline
t-sql,comprehension_failure,5607,67941,73548,5.72433924637177e-35,0.07623592755751346,0.009314488816043201,0.013155396164268099,9.384162698970116e-35,TRUE,above_baseline
go,comprehension_failure,4124,68644,72768,9.027906783642183e-20,0.05667326297273527,-0.010010608152352551,-0.006644836036892532,1.2626443054045012e-19,TRUE,below_baseline
authentication,comprehension_failure,3984,68678,72662,1.153273070950039e-28,0.05482920921527071,-0.011829968399022207,-0.008513583305151999,1.7880202650388203e-28,TRUE,below_baseline
symfony,comprehension_failure,3940,68706,72646,6.68904258112243e-32,0.05423560829226661,-0.012415298069326258,-0.009115455480856141,1.078877835664908e-31,TRUE,below_baseline
for-loop,comprehension_failure,6423,65349,71772,1.9703040416690292e-155,0.08949172379200802,0.02240002819336464,0.026581449255935787,8.38427251774055e-155,TRUE,above_baseline
.htaccess,comprehension_failure,4238,67458,71696,1.6720867343613296e-10,0.05911068957821915,-0.007619393444335565,-0.0041611975339417625,2.130046795364751e-10,TRUE,below_baseline
matplotlib,comprehension_failure,4375,67099,71474,4.058656444143198e-5,0.06121106975963287,-0.005550125573872715,-0.002029705041577166,4.612109595617271e-5,TRUE,below_baseline
datetime,comprehension_failure,4985,66135,71120,3.8136837044895867e-8,0.07009280089988751,0.003212864607545272,0.006970767057514123,4.622646914532832e-8,TRUE,above_baseline
opencv,comprehension_failure,4710,66196,70906,0.12433564853529723,0.06642597241418216,-4.1064513817354494e-4,0.003260619831822244,0.13087963003715497,FALSE,not_significant
google-chrome,comprehension_failure,3566,65650,69216,8.001365107318827e-47,0.05151987979657883,-0.015130914538481139,-0.011831296003076827,1.495582263050248e-46,TRUE,below_baseline
codeigniter,comprehension_failure,3815,64791,68606,2.106030221984986e-23,0.05560738127860537,-0.011111258408547499,-0.00767594916895738,3.0744966744306367e-23,TRUE,below_baseline
perl,comprehension_failure,6459,61574,68033,2.6459216940423278e-219,0.09493922067232079,0.027733327720169162,0.03214314348975679,1.7070462542208565e-218,TRUE,above_baseline
validation,comprehension_failure,4268,62207,66475,0.40555110074384487,0.06420458819104927,-0.0026623797728277023,0.0010695860202106138,0.4138276538202499,FALSE,not_significant
http,comprehension_failure,4005,62404,66409,9.624612826258996e-7,0.060308090770829256,-0.006506182099050463,-0.002879606494006646,1.1256857106735667e-6,TRUE,below_baseline
sockets,comprehension_failure,5346,59517,64863,3.7043938001934996e-72,0.08241986957125018,0.015300208107620318,0.019537560900164418,8.231986222652222e-72,TRUE,above_baseline
object,comprehension_failure,5891,58809,64700,1.5387984041512796e-158,0.09105100463678516,0.023831092686417067,0.028268946452437625,6.690427844135998e-158,TRUE,above_baseline
google-maps,comprehension_failure,3042,61482,64524,1.9179788421109885e-75,0.047145248279709874,-0.019494130060430926,-0.016217343514864948,4.3590428229795195e-75,TRUE,below_baseline
uitableview,comprehension_failure,4578,58945,63523,5.404416825137792e-13,0.07206838467956488,0.005053947552954524,0.009080851671459606,7.064597157042866e-13,TRUE,above_baseline
xaml,comprehension_failure,4011,58207,62218,0.5893986214201851,0.06446687453791507,-0.0024663532746709797,0.0013981322157854915,0.5923604235378744,FALSE,not_significant
if-statement,comprehension_failure,5516,56500,62016,8.533665929649744e-129,0.08894478844169247,0.021701189098914008,0.026186417649755312,2.942643424017153e-128,TRUE,above_baseline
oop,comprehension_failure,6754,55241,61995,0,0.10894426969916929,0.04148869026636533,0.04639787899725763,0,TRUE,above_baseline
ubuntu,comprehension_failure,2603,56326,58929,2.5171780621810637e-93,0.04417179996266694,-0.02249115015711992,-0.01916722005226183,6.896378252550859e-93,TRUE,below_baseline
cordova,comprehension_failure,2219,56010,58229,1.7512280768066223e-152,0.03810815916467739,-0.028451062303285823,-0.025334589502075015,7.296783653360927e-152,TRUE,below_baseline
visual-studio-code,comprehension_failure,2725,55475,58200,1.1214970451649219e-70,0.0468213058419244,-0.019898855946209527,-0.016460502504657297,2.4118216025052083e-70,TRUE,below_baseline
email,comprehension_failure,3097,54868,57965,1.4719445336697018e-29,0.05342879323729837,-0.01340563231867123,-0.00973875134144765,2.3180228876688218e-29,TRUE,below_baseline
android-layout,comprehension_failure,3293,54428,57721,9.94568028493524e-15,0.0570502936539561,-0.009845437696135424,-0.006055945130667999,1.31730864701129e-14,TRUE,below_baseline
ms-access,comprehension_failure,4532,53164,57696,1.1176166444889079e-39,0.07854963948973932,0.011351165180850002,0.015746143663913022,1.9269252491188065e-39,TRUE,above_baseline
web-services,comprehension_failure,3234,54437,57671,3.8169581226230346e-18,0.05607671099859548,-0.010804607431242595,-0.007043940706282069,5.301330725865326e-18,TRUE,below_baseline
spring-mvc,comprehension_failure,2982,54232,57214,8.964769165108175e-36,0.05212011046247422,-0.014704855187923737,-0.01105689402184344,1.4817800272906074e-35,TRUE,below_baseline
ggplot2,comprehension_failure,3226,53966,57192,8.191851279847614e-17,0.056406490418240314,-0.0104878625946199,-0.006701126703615093,1.107006929709137e-16,TRUE,below_baseline
parsing,comprehension_failure,4071,52935,57006,5.562758242950186e-10,0.0714135354173245,0.004296298093345898,0.00852880260658747,7.041466130316691e-10,TRUE,above_baseline
pointers,comprehension_failure,7260,49674,56934,0,0.1275160712403836,0.05977346016999587,0.06525671217605573,0,TRUE,above_baseline
github,comprehension_failure,3360,53294,56654,3.993846885725528e-8,0.05930737458961415,-0.007641102937238809,-0.003746118018248509,4.783050162545542e-8,TRUE,below_baseline
user-interface,comprehension_failure,3919,52603,56522,2.9784330535369726e-5,0.06933583383461307,0.0022383146628844807,0.006431382871626042,3.40392348975654e-5,TRUE,above_baseline
kubernetes,comprehension_failure,2571,53942,56513,8.403461701965487e-79,0.045493957142604353,-0.021227959593384096,-0.01778609625612282,2.07492881530012e-78,TRUE,below_baseline
c++11,comprehension_failure,6940,49569,56509,0,0.12281229538657559,0.05510331205307468,0.060519308585360886,0,TRUE,above_baseline
selenium-webdriver,comprehension_failure,2650,53496,56146,1.5894441446230762e-65,0.047198375663448866,-0.019559511656290385,-0.016045707151527505,3.311341967964742e-65,TRUE,below_baseline
google-sheets,comprehension_failure,3974,52035,56009,1.1538719122756875e-8,0.07095288257244371,0.003823289365908817,0.008080505644262985,1.433381257485326e-8,TRUE,above_baseline
elasticsearch,comprehension_failure,2499,53432,55931,1.6919764569473224e-84,0.04468005220718385,-0.022036001634668536,-0.018605864085679383,4.394744044019019e-84,TRUE,below_baseline
google-apps-script,comprehension_failure,4763,50472,55235,8.161668015386599e-91,0.08623155607857337,0.01888751799915579,0.02357362402327533,2.2058562203747564e-90,TRUE,above_baseline
templates,comprehension_failure,5300,49906,55206,2.989448978340299e-191,0.09600405752997862,0.028543628518045712,0.03346251640719591,1.811787259600181e-190,TRUE,above_baseline
ruby-on-rails-3,comprehension_failure,2772,52319,55091,2.4509931092492284e-44,0.050316748652229945,-0.016512313513060234,-0.012856159317195498,4.497235062842621e-44,TRUE,below_baseline
security,comprehension_failure,4233,50705,54938,2.619085418051025e-30,0.07705049328333759,0.009817385166527824,0.014281631265431728,4.19053666888164e-30,TRUE,above_baseline
variables,comprehension_failure,4877,48790,53667,3.4884529574360717e-130,0.09087521195520525,0.0234403963379691,0.02830805743772577,1.2240185815565163e-129,TRUE,above_baseline
machine-learning,comprehension_failure,3662,49859,53521,0.001344513453800814,0.06842174099886027,0.0012795432618938744,0.005561968601111038,0.0014694136107112723,TRUE,above_baseline
flask,comprehension_failure,2589,50840,53429,3.5418033707661946e-54,0.04845683056018267,-0.01836761200810382,-0.014720697006246461,7.013472021319197e-54,TRUE,below_baseline
sql-server-2008,comprehension_failure,3922,49466,53388,2.3694862243626963e-15,0.07346220124372518,0.006245948772469976,0.010676483580264769,3.159314965816928e-15,TRUE,above_baseline
exception,comprehension_failure,4011,49033,53044,3.9789397221024805e-23,0.07561646934620316,0.008363390658576851,0.012867577899113837,5.72509312532731e-23,TRUE,above_baseline
tkinter,comprehension_failure,4042,48278,52320,6.984543142340428e-30,0.07725535168195719,0.009964408158647268,0.01454432507055148,1.1086576416413376e-29,TRUE,above_baseline
delphi,comprehension_failure,4784,47382,52166,9.494422212558318e-135,0.09170724226507687,0.024227593898087117,0.029184920497351004,3.4525171682030245e-134,TRUE,above_baseline
nginx,comprehension_failure,2223,49827,52050,2.0389852347565477e-94,0.04270893371757925,-0.024031961759538596,-0.020552140940018525,5.663847874323744e-94,TRUE,below_baseline
listview,comprehension_failure,3317,48377,51694,0.4417763475693471,0.064166054087515,-0.0029496805828429936,0.0012798186231573624,0.44623873491853244,FALSE,not_significant
haskell,comprehension_failure,4765,46701,51466,1.0062866037992641e-141,0.09258539618388839,0.02507828524423971,0.03009053698882145,3.870333091535631e-141,TRUE,above_baseline
debugging,comprehension_failure,3286,47933,51219,0.4383438278086035,0.06415587965403463,-0.002969460323252852,0.0012792494966064921,0.44501911452650095,FALSE,not_significant
asynchronous,comprehension_failure,4338,46758,51096,3.6121993312814194e-74,0.08489901362141851,0.01747919262593054,0.022316864482190855,8.117301868048134e-74,TRUE,above_baseline
jpa,comprehension_failure,3254,47830,51084,0.23310420117487754,0.06369900555947068,-0.003422078608511265,8.181195927370053e-4,0.24281687622383077,FALSE,not_significant
jsp,comprehension_failure,3003,47773,50776,8.796610484106494e-8,0.0591421143847487,-0.00791304287794784,-0.0038046984872703807,1.041018992201952e-7,TRUE,below_baseline
web-scraping,comprehension_failure,2697,47950,50647,8.488242927227129e-27,0.05325093292791281,-0.013708044515269444,-0.009792059763620558,1.2959149507216992e-26,TRUE,below_baseline
gradle,comprehension_failure,1959,48396,50355,1.430206382535634e-124,0.038903783139708076,-0.02778902450414392,-0.02440537935115555,4.848157228934353e-124,TRUE,below_baseline
batch-file,comprehension_failure,3479,46695,50174,8.256329342649258e-5,0.06933870131940846,0.002112742167273948,0.006562690336827351,9.224948986200288e-5,TRUE,above_baseline
generics,comprehension_failure,5111,44843,49954,4.7775306983053214e-250,0.10231412899867878,0.034653670697000816,0.03997261716564113,3.9812755819211016e-249,TRUE,above_baseline
xamarin,comprehension_failure,2847,47044,49891,6.763480183356767e-13,0.05706440039285643,-0.009974454106564161,-0.005898715242438603,8.783740497865932e-13,TRUE,below_baseline
pdf,comprehension_failure,2832,46883,49715,3.8260877749537856e-13,0.05696469878306346,-0.01007607881347836,-0.005996493755110337,5.034326019676034e-13,TRUE,below_baseline
google-cloud-platform,comprehension_failure,2381,46946,49327,2.9101822087094447e-51,0.0482697103006467,-0.018625349645526437,-0.014837199887895778,5.650839240212514e-51,TRUE,below_baseline
wcf,comprehension_failure,2946,46309,49255,3.047529453130384e-6,0.05981118668155517,-0.007286366112403286,-0.0030932306592019983,3.5436388989888188e-6,TRUE,below_baseline
amazon-s3,comprehension_failure,2431,46692,49123,3.8561369849741655e-44,0.049488019868493376,-0.017433469373732732,-0.013592461023996139,7.011158154498482e-44,TRUE,below_baseline
ssl,comprehension_failure,2312,46694,49006,1.4485669933242848e-57,0.047177896584091744,-0.019702859327548283,-0.01594331763898385,2.8971339866485695e-57,TRUE,below_baseline
testing,comprehension_failure,2467,46306,48773,4.107859021282147e-38,0.05058126422405839,-0.016367083931503587,-0.012472357755095254,6.962472917427368e-38,TRUE,below_baseline
jenkins,comprehension_failure,2025,46506,48531,5.982388679859688e-96,0.041725907152129565,-0.025056886661419777,-0.021493269169036714,1.7092539085313393e-95,TRUE,below_baseline
npm,comprehension_failure,1732,45773,47505,2.4855418291229236e-140,0.03645932007157141,-0.03023004219042274,-0.02685328780115006,9.37940312876575e-140,TRUE,below_baseline
unix,comprehension_failure,3613,43748,47361,2.501185936059655e-23,0.07628639597981461,0.008892625053270608,0.013678196771642993,3.624907153709645e-23,TRUE,above_baseline
recursion,comprehension_failure,4830,42341,47171,2.8394485613118385e-237,0.10239341968582391,0.03465480174500547,0.04013006749192673,2.0281775437941704e-236,TRUE,above_baseline
ionic-framework,comprehension_failure,1789,44602,46391,6.736075774564558e-118,0.03856351447479037,-0.02819246399603199,-0.024682477189102898,2.2085494342834615e-117,TRUE,below_baseline
network-programming,comprehension_failure,3244,43046,46290,9.515808187637733e-6,0.0700799308705984,0.0027512869094080726,0.0074066046970731,1.1000934320968478e-5,TRUE,above_baseline
google-app-engine,comprehension_failure,2467,43630,46097,1.6382782146774314e-23,0.053517582489099075,-0.013540346587289049,-0.009426458569228423,2.4092326686432816e-23,TRUE,below_baseline
visual-studio-2010,comprehension_failure,2962,42705,45667,0.9034016018097005,0.06486084043182166,-0.0024011163559601208,0.002120827084887828,0.9034016018097005,FALSE,not_significant
mongoose,comprehension_failure,2007,43391,45398,4.158448318095243e-72,0.04420899599101282,-0.0226854833911021,-0.018898494761587878,9.139446852956578e-72,TRUE,below_baseline
assembly,comprehension_failure,4778,40240,45018,1.0369926814531173e-273,0.10613532364831844,0.03828735513452737,0.043981322027393896,9.017327664809714e-273,TRUE,above_baseline
.net-core,comprehension_failure,2606,42163,44769,5.759628330193675e-9,0.05820992204427171,-0.008962210100593095,-0.004619915945579109,7.199535412742094e-9,TRUE,below_baseline
android-fragments,comprehension_failure,2791,41505,44296,0.08913862331062358,0.06300794654144844,-0.004257937695788009,2.718606439692608e-4,0.09482832267087615,FALSE,not_significant
math,comprehension_failure,5560,38714,44274,0,0.12558160545692731,0.05749231118652466,0.06366892959261435,0,TRUE,above_baseline
join,comprehension_failure,3548,40069,43617,1.686777001995401e-43,0.08134442992411216,0.013776093812533153,0.018910795900975542,2.9854460212307982e-43,TRUE,above_baseline
winapi,comprehension_failure,3779,39658,43437,5.090241393726547e-77,0.08699956258489307,0.019346314906934944,0.02465084012813557,1.2119622366015588e-76,TRUE,above_baseline
svg,comprehension_failure,2744,40656,43400,0.13393405143590154,0.06322580645161291,-0.004066972443424745,5.16615211934942e-4,0.14024508003759323,FALSE,not_significant
rust,comprehension_failure,2696,40547,43243,0.02521442452000124,0.06234535069259765,-0.004936634018579515,-3.746347309408131e-4,0.026967298951872984,TRUE,below_baseline
animation,comprehension_failure,2504,40736,43240,2.275693752996167e-9,0.05790934320074006,-0.009295414762453972,-0.004887868970781533,2.862507865403983e-9,TRUE,below_baseline
session,comprehension_failure,3003,40159,43162,1.1765015991424008e-4,0.0695750891988323,0.0021717565478833307,0.006976451715065656,1.307223999047112e-4,TRUE,above_baseline
intellij-idea,comprehension_failure,2092,41002,43094,1.3214728594231452e-43,0.048545041073003205,-0.01848748310053906,-0.014424404888170156,2.3597729632556164e-43,TRUE,below_baseline
django-models,comprehension_failure,2524,40501,43025,9.940196345376162e-8,0.05866356769320163,-0.008560101580180078,-0.004114733168132288,1.1694348641619013e-7,TRUE,below_baseline
laravel-5,comprehension_failure,2147,40816,42963,1.5173102216853282e-36,0.04997323278169588,-0.017090474713951184,-0.012965029857372676,2.5288503694755472e-36,TRUE,below_baseline
curl,comprehension_failure,2128,40719,42847,6.849438414465115e-38,0.049665087404018954,-0.01739537383492841,-0.013276421491749303,1.1511661200781704e-37,TRUE,below_baseline
hadoop,comprehension_failure,1825,40928,42753,4.619709235045972e-78,0.04268706289617103,-0.02423268686644343,-0.02039515747593013,1.1267583500112126e-77,TRUE,below_baseline
javascript,intent_confusion,13955,2468428,2482383,1.504093418991897e-18,0.005621614392299658,3.258589345507149e-4,5.206790687473527e-4,5.186529031006541e-18,TRUE,above_baseline
python,intent_confusion,12117,2158496,2170613,6.103886297840033e-14,0.005582294033989477,2.80689741206688e-4,4.872075454710179e-4,1.5452876703392488e-13,TRUE,above_baseline
java,intent_confusion,11970,1874124,1886094,2.6445297502168095e-97,0.006346449328612466,0.001031133025860788,0.001265074850062896,4.4075495836946825e-96,TRUE,above_baseline
c#,intent_confusion,11946,1592147,1604093,5.55114692174e-313,0.007447199133716062,0.0021126925464830634,0.0023850149396478135,3.700764614493e-311,TRUE,above_baseline
php,intent_confusion,7805,1438656,1446461,0.0013527905349191547,0.005395928407333485,7.473665298021864e-5,3.204293803855036e-4,0.001828095317458317,TRUE,above_baseline
android,intent_confusion,5174,1364588,1369762,1.2226691661893402e-113,0.003777298537994192,-0.0015277780838272043,-0.0013143156214856597,2.223034847616982e-112,TRUE,below_baseline
html,intent_confusion,5459,1167935,1173394,8.3799145974139115e-16,0.004652316272283649,-6.725128868221816e-4,-4.195453499117685e-4,2.4289607528735976e-15,TRUE,below_baseline
jquery,intent_confusion,5393,1014476,1019869,0.21814961772264477,0.005287934038587309,-5.4114368826335864e-5,2.3329166469970592e-4,0.23841488275698883,FALSE,not_significant
c++,intent_confusion,7904,800281,808185,0,0.009779938999115301,0.00436509985507626,0.004798087361853095,0,TRUE,above_baseline
css,intent_confusion,3182,794634,797816,8.323881040800928e-50,0.003988388300059161,-0.00135125682019381,-0.001068657360989115,6.936567534000773e-49,TRUE,below_baseline
sql,intent_confusion,4502,667493,671995,2.1412604312266067e-63,0.00669945460903727,0.001303931386689757,0.0016982870500835351,2.1412604312266067e-62,TRUE,above_baseline
ios,intent_confusion,2861,665754,668615,4.934037412196295e-25,0.004278994638169949,-0.0010784657111875611,-7.602357937737893e-4,2.2949011219517655e-24,TRUE,below_baseline
mysql,intent_confusion,3753,649993,653746,1.879330237891695e-9,0.005740761702557262,3.5700401369281306e-4,7.278286101204631e-4,3.649184927945039e-9,TRUE,above_baseline
r,intent_confusion,1618,501412,503030,5.355383886846884e-84,0.003216507961751784,-0.0021409680257747903,-0.0018227068320228893,6.694229858558605e-83,TRUE,below_baseline
reactjs,intent_confusion,1889,456111,458000,1.1297789073767897e-23,0.004124454148471616,-0.0012617456436289061,-8.860368407291102e-4,4.912082205986042e-23,TRUE,below_baseline
node.js,intent_confusion,1866,453582,455448,1.0934242712772474e-24,0.004097064867998103,-0.0012890388784426424,-9.13522166862399e-4,4.970110323987489e-24,TRUE,below_baseline
arrays,intent_confusion,3480,412809,416289,3.609512461194051e-172,0.008359577120702205,0.0028831410470361914,0.003439322413066971,9.023781152985127e-171,TRUE,above_baseline
c,intent_confusion,4387,401751,406138,0,0.01080174718937898,0.005284179244307071,0.005922624353149641,0,TRUE,above_baseline
asp.net,intent_confusion,1866,366075,367941,0.28813295654967847,0.005071465262093651,-3.582195944540358e-4,1.0445933734009062e-4,0.309820383386751,FALSE,not_significant
json,intent_confusion,1660,354722,356382,8.335596628455524e-6,0.004657923239669792,-7.65838117375203e-4,-3.150061845864602e-4,1.234903204215633e-5,TRUE,below_baseline
.net,intent_confusion,2345,333521,335866,5.2165789691563106e-46,0.006981951135274187,0.0015005216913231375,0.0020666897979239886,4.0127530531971623e-45,TRUE,above_baseline
sql-server,intent_confusion,2576,332322,334898,8.965776903967252e-88,0.0076918942483980195,0.002196244773029104,0.0027908529424656874,1.195436920528967e-86,TRUE,above_baseline
python-3.x,intent_confusion,1965,332635,334600,7.38548907810392e-8,0.005872683801554095,4.1382909765937635e-4,9.348477241475656e-4,1.251777809848122e-7,TRUE,above_baseline
ruby-on-rails,intent_confusion,1137,331600,332737,6.66226571495032e-46,0.0034171132155426057,-0.001981617084223411,-0.0015808472659926255,4.935011640703941e-45,TRUE,below_baseline
swift,intent_confusion,1759,326465,328224,0.20336885405273467,0.005359144974163985,-9.06448749206139e-5,4.1224404194733675e-4,0.22348225720080733,FALSE,not_significant
django,intent_confusion,1283,303880,305163,3.0421862420076817e-14,0.004204310483249935,-0.0012254231390750137,-7.62646675726364e-4,7.901782446773199e-14,TRUE,below_baseline
angular,intent_confusion,1266,296951,298217,5.980895911972795e-13,0.0042452308218512026,-0.0011882543163589637,-7.179748212398789e-4,1.424022836183999e-12,TRUE,below_baseline
objective-c,intent_confusion,1463,286004,287467,0.4188702495399138,0.00508927981298723,-3.707922175231801e-4,1.526610621963923e-4,0.4432489413120781,FALSE,not_significant
excel,intent_confusion,1482,285570,287052,0.7925167631442412,0.005162827640984908,-2.992843422461349e-4,2.2824884291470398e-4,0.8045855463393312,FALSE,not_significant
pandas,intent_confusion,1149,285764,286913,8.771154225400659e-19,0.004004698288331306,-0.0014265465481968663,-9.607476564417696e-4,3.0775979738247924e-18,TRUE,below_baseline
regex,intent_confusion,1643,259071,260714,7.0188612861110865e-15,0.006301924714438043,7.984432499422221e-4,0.0014087153976326161,1.8716963429629564e-14,TRUE,above_baseline
angularjs,intent_confusion,1152,254992,256144,9.119335001027901e-7,0.004497470173027672,-9.616138428650421e-4,-4.401365923808617e-4,1.402974615542754e-6,TRUE,below_baseline
typescript,intent_confusion,1176,226095,227271,0.8746690116160709,0.005174439325738875,-3.202958175353404e-4,2.7248368771184343e-4,0.8790643332824832,FALSE,not_significant
ruby,intent_confusion,1138,225673,226811,0.23291533772471124,0.0050173933363020316,-4.7316875040574405e-4,1.1126464170855942e-4,0.253168845352947,FALSE,not_significant
linux,intent_confusion,1243,222539,223782,0.01974076498201767,0.005554512874136436,4.6881507847313546e-5,6.654534591243109e-4,0.024074103636606912,TRUE,above_baseline
ajax,intent_confusion,1146,216508,217654,0.6657681133313629,0.005265237487020684,-2.3852097991554003e-4,3.723051726556604e-4,0.6878184021799477,FALSE,not_significant
iphone,intent_confusion,855,215993,216848,5.411210853557102e-16,0.003942853980668487,-0.0015208410635222727,-9.90141756442001e-4,1.615286821957344e-15,TRUE,below_baseline
vba,intent_confusion,1311,213965,215276,1.0544755320058704e-8,0.006089856742042773,5.615932482446058e-4,0.0012214294545396923,1.866328375231629e-8,TRUE,above_baseline
xml,intent_confusion,802,210932,211734,2.3280910693251064e-19,0.003787771449082339,-0.0016738208291033414,-0.001147327054033228,8.46578570663675e-19,TRUE,below_baseline
laravel,intent_confusion,815,208462,209277,1.3627158801933645e-16,0.0038943601064617707,-0.001572395747686101,-0.0010355748206916052,4.258487125604264e-16,TRUE,below_baseline
spring,intent_confusion,905,205735,206640,2.5143744327672235e-7,0.004379597367402246,-0.0011049277452362916,-5.325683012604649e-4,4.0884137118166236e-7,TRUE,below_baseline
asp.net-mvc,intent_confusion,1329,196791,198120,1.4779019292685127e-20,0.006708055723803755,0.0011491108697180158,0.0018703097965882462,5.68423818949428e-20,TRUE,above_baseline
database,intent_confusion,1016,190639,191655,0.5329272217616389,0.005301192246484569,-2.2354250516155389e-4,4.292362168294433e-4,0.5609760229069882,FALSE,not_significant
wordpress,intent_confusion,476,184560,185036,2.1774319100316736e-55,0.0025724723837523508,-0.0028584819780872405,-0.0023932640357093057,1.979483554574249e-54,TRUE,below_baseline
string,intent_confusion,1522,183032,184554,3.147321081750226e-73,0.00824690876383064,0.002634944538231405,0.0034621822081286275,3.497023424166918e-72,TRUE,above_baseline
postgresql,intent_confusion,758,175628,176386,1.5572990390873202e-7,0.004297393217148753,-0.0012075915475856132,-5.943127994181284e-4,2.552949244405443e-7,TRUE,below_baseline
flutter,intent_confusion,468,170877,171345,1.3353398301696179e-45,0.0027313315241180077,-0.0027158228519078616,-0.0022182048811573707,9.5381416440687e-45,TRUE,below_baseline
mongodb,intent_confusion,634,170476,171110,1.0643899862319837e-17,0.0037052188650575652,-0.0017824585952888907,-0.0012037944558972267,3.489803233547488e-17,TRUE,below_baseline
wpf,intent_confusion,941,166726,167667,0.018863145585387934,0.005612314886053904,5.521933964149051e-5,7.727196511650698e-4,0.023144963908451454,TRUE,above_baseline
windows,intent_confusion,840,163570,164410,0.6163268094996865,0.005109178273827626,-4.3500649126842556e-4,2.5667225762243017e-4,0.6453683869106666,FALSE,not_significant
bash,intent_confusion,1206,155015,156221,2.864322258510138e-43,0.00771983280096786,0.0020865130354124416,0.0029564617852220307,1.7902014115688363e-42,TRUE,above_baseline
xcode,intent_confusion,536,154448,154984,2.010788779666003e-21,0.003458421514478914,-0.00203362914660093,-0.0014462186057424896,8.043155118664012e-21,TRUE,below_baseline
amazon-web-services,intent_confusion,455,153415,153870,2.9889883244553783e-34,0.002957041658542926,-0.002514148555846894,-0.0019684589083685017,1.615669364570475e-33,TRUE,below_baseline
oracle-database,intent_confusion,1018,150510,151528,2.536580209874439e-16,0.006718230294071063,0.0011075608999717716,0.0019322089068691066,7.804862184229043e-16,TRUE,above_baseline
git,intent_confusion,724,150774,151498,0.02361061595916334,0.0047789409761184965,-7.678816077062621e-4,-7.092722135799252e-5,0.028364306651237597,TRUE,below_baseline
dataframe,intent_confusion,545,147198,147743,8.240078955032526e-16,0.003688838049856846,-0.0018199871944201045,-0.0011990274871674514,2.423552633833096e-15,TRUE,below_baseline
spring-boot,intent_confusion,592,144960,145552,2.147233139137829e-9,0.004067274925799714,-0.0014593181925725536,-8.028227371292664e-4,4.129294498341979e-9,TRUE,below_baseline
azure,intent_confusion,413,142096,142509,1.8224980858021872e-33,0.0028980625785038137,-0.0025808745816003537,-0.0020196910426932666,9.592095188432565e-33,TRUE,below_baseline
list,intent_confusion,1115,140322,141437,2.0944557862959545e-44,0.00788336856692379,0.002223217740516352,0.0031468286120299787,1.351261797610293e-43,TRUE,above_baseline
multithreading,intent_confusion,1522,137814,139336,1.0191218721802942e-191,0.010923235918929781,0.005178356362254946,0.0062714246943033685,3.397072907267647e-190,TRUE,above_baseline
firebase,intent_confusion,411,138528,138939,4.501831532371883e-31,0.0029581327057197765,-0.0025272393696895348,-0.00195318600017216,2.3086315550625043e-30,TRUE,below_baseline
vb.net,intent_confusion,902,137942,138844,2.055387302636584e-11,0.0064964996686929215,8.745836189042896e-4,0.0017217249371803056,4.567527339192409e-11,TRUE,above_baseline
docker,intent_confusion,492,133816,134308,5.821639650936675e-15,0.0036632218482890075,-0.001859514345319003,-0.0012107327394042296,1.573416121874777e-14,TRUE,below_baseline
react-native,intent_confusion,290,128063,128353,1.960488843728129e-48,0.0022593940149431644,-0.003200306583725113,-0.002677596167689806,1.5683910749825032e-47,TRUE,below_baseline
eclipse,intent_confusion,389,121715,122104,1.6092812433807205e-22,0.0031858088187119177,-0.002329942039584739,-0.0016951311042926734,6.705338514086336e-22,TRUE,below_baseline
algorithm,intent_confusion,873,119779,120652,1.0592194766886093e-22,0.007235686105493485,0.0015582274761904457,0.002516453953495277,4.507316922079188e-22,TRUE,above_baseline
powershell,intent_confusion,527,117652,118179,4.2307034704859147e-4,0.004459337107269481,-0.0011199866364756388,-3.5802993028664627e-4,5.835453062739193e-4,TRUE,below_baseline
macos,intent_confusion,386,114403,114789,5.876255464353504e-18,0.003362691547099461,-0.0021717990732252794,-0.0014995086138770467,1.958751821451168e-17,TRUE,below_baseline
numpy,intent_confusion,722,113368,114090,1.2089930650806675e-7,0.006328337277587869,6.68941323434162e-4,0.0015910424504403287,2.0319211177826344e-7,TRUE,above_baseline
visual-studio,intent_confusion,451,113029,113480,1.0426204303377474e-8,0.003974268593584773,-0.0015912799972744853,-8.568735968572166e-4,1.8618221970316918e-8,TRUE,below_baseline
forms,intent_confusion,538,111232,111770,0.07418622132075137,0.004813456204706093,-7.916780022243309e-4,2.1899630335269252e-5,0.08626304804738531,FALSE,not_significant
image,intent_confusion,473,110908,111381,1.0427022276652247e-5,0.004246684802614449,-0.0013346510174640368,-5.68670158608312e-4,1.5221930330879192e-5,TRUE,below_baseline
function,intent_confusion,1072,109795,110867,2.1458864114126151e-94,0.009669243327590716,0.0038941563983191335,0.005047639475561051,3.3013637098655617e-93,TRUE,above_baseline
scala,intent_confusion,614,110132,110746,0.11035127687560559,0.0055442183013381975,-9.240204295278624e-5,7.841478643279335e-4,0.12684054813287998,FALSE,not_significant
vue.js,intent_confusion,379,104700,105079,7.883612976304474e-13,0.003606810114294959,-0.001955155631046382,-0.0012279149216649478,1.8123248221389594e-12,TRUE,below_baseline
twitter-bootstrap,intent_confusion,315,101101,101416,2.164201404321724e-20,0.003106018774157924,-0.002436017348505062,-0.001748635884480338,8.16679775215745e-20,TRUE,below_baseline
performance,intent_confusion,884,100274,101158,6.939456861617029e-55,0.008738804642242828,0.0029661832432946937,0.0041147352598897135,6.0343103144495906e-54,TRUE,above_baseline
winforms,intent_confusion,637,97869,98506,3.3697097724318455e-8,0.006466611170893144,7.66880434088403e-4,0.0017696511263966372,5.809844435227319e-8,TRUE,above_baseline
selenium,intent_confusion,570,97524,98094,0.007788876356335866,0.005810752951250841,1.358880379712942e-4,0.0010889270832291397,0.009797328750108008,TRUE,above_baseline
loops,intent_confusion,957,95233,96190,1.3577727991020705e-92,0.009949059153758186,0.004122850412432434,0.0053785771137826914,1.9396754272886724e-91,TRUE,above_baseline
kotlin,intent_confusion,459,93957,94416,0.15077986581266153,0.004861464158617184,-7.814852592064735e-4,1.0772279513959347e-4,0.16846912381302964,FALSE,not_significant
sqlite,intent_confusion,356,93429,93785,2.465222344166573e-9,0.0037959161912885855,-0.0017970553454406618,-0.0010078030532834148,4.607892232087052e-9,TRUE,below_baseline
matlab,intent_confusion,476,92913,93389,0.6671838501145494,0.005096960027412222,-5.590181227761056e-4,3.5624739629930177e-4,0.6878184021799477,FALSE,not_significant
python-2.7,intent_confusion,481,92601,93082,0.8960394623616937,0.00516748673212866,-4.923740322505561e-4,4.3065671520662924e-4,0.8960394623616937,FALSE,not_significant
hibernate,intent_confusion,424,92416,92840,0.007574302289893086,0.004566996984058595,-0.0010660261564136278,-1.966706567704294e-4,0.009587724417586185,TRUE,below_baseline
shell,intent_confusion,656,91788,92444,1.2152744741793868e-15,0.007096187962442127,0.0013559718656854674,0.0024397132778975392,3.375762428276074e-15,TRUE,above_baseline
express,intent_confusion,349,91901,92250,2.3937580720785664e-9,0.00378319783197832,-0.001812364780981636,-0.001017930336362972,4.516524664299182e-9,TRUE,below_baseline
dart,intent_confusion,326,91557,91883,3.722234687929837e-12,0.0035479903790690335,-0.002035902528852329,-0.0012648074943108515,8.459624290749631e-12,TRUE,below_baseline
entity-framework,intent_confusion,601,89890,90491,1.7180602838647232e-9,0.006641544462985269,9.131917338797607e-4,0.00197320641078953,3.368745654636712e-9,TRUE,above_baseline
csv,intent_confusion,422,89177,89599,0.04237986960900515,0.004709873994129398,-9.377128180539764e-4,-3.922997498847456e-5,0.049858670128241356,TRUE,below_baseline
rest,intent_confusion,356,89023,89379,4.531323477327637e-7,0.003983038521352891,-0.0016292454302912667,-8.013683083041993e-4,7.080192933324432e-7,TRUE,below_baseline
apache,intent_confusion,277,89006,89283,3.3569463835409813e-18,0.003102494315827201,-0.0024617894921671883,-0.0017299126574796572,1.1379479266240614e-17,TRUE,below_baseline
maven,intent_confusion,486,86599,87085,0.11730420707892848,0.005580754435321812,-1.1321219271387124e-4,8.780302820562472e-4,0.13406195094734683,FALSE,not_significant
android-studio,intent_confusion,272,86490,86762,3.115771027406188e-17,0.00313501302413499,-0.002436438736616939,-0.0016902259964143294,9.891336594940279e-17,TRUE,below_baseline
linq,intent_confusion,711,85746,86457,5.879047042017323e-35,0.008223741281793262,0.002422709642239511,0.0036280821400457653,3.2661372455651794e-34,TRUE,above_baseline
dictionary,intent_confusion,733,85023,85756,4.1031117700687255e-42,0.008547506879985074,0.002732352803928954,0.0039659701747399466,2.486734406102258e-41,TRUE,above_baseline
qt,intent_confusion,412,84350,84762,0.17230939610215515,0.0048606686958778695,-8.067775156765196e-4,1.314241261310108e-4,0.19039712276481233,FALSE,not_significant
asp.net-core,intent_confusion,443,83527,83970,0.7557067983981881,0.005275693700130999,-4.134849926962993e-4,5.681816116570493e-4,0.7711293861206001,FALSE,not_significant
unit-testing,intent_confusion,500,82878,83378,0.00137643836137861,0.005996785722852551,2.7358780774337733e-4,0.0013232928566604776,0.001847568270306859,TRUE,above_baseline
facebook,intent_confusion,216,81628,81844,2.641387514620774e-24,0.0026391671961292214,-0.002911859641451599,-0.002206496747591206,1.1739500064981217e-23,TRUE,below_baseline
swing,intent_confusion,503,80597,81100,7.266427503219169e-5,0.006202219482120838,4.627675299644712e-4,0.0015449806529759574,1.0234404934111505e-4,TRUE,above_baseline
file,intent_confusion,518,80048,80566,1.2388143051450267e-6,0.006429511208201971,6.785067758313588e-4,0.0017838248592713353,1.8913195498397354e-6,TRUE,above_baseline
class,intent_confusion,910,78562,79472,1.0460055778178387e-131,0.011450573786994161,0.0055119650325653425,0.006992491760121732,2.0920111556356776e-130,TRUE,above_baseline
apache-spark,intent_confusion,324,78890,79214,1.4814466042471425e-5,0.004090186078218497,-0.001553557195130991,-6.627614297332633e-4,2.131577847837615e-5,TRUE,below_baseline
tensorflow,intent_confusion,258,77583,77841,2.848348313406868e-13,0.003314448683855552,-0.0022886983615505872,-0.0014790950520395568,6.947191008309434e-13,TRUE,below_baseline
sorting,intent_confusion,468,76381,76849,6.030169693618696e-4,0.006089864539551588,3.4070240977296764e-4,0.0014423358880289601,8.260506429614652e-4,TRUE,above_baseline
date,intent_confusion,324,76390,76714,1.769617870832139e-4,0.004223479417055557,-0.0014346877182608304,-5.150442289293029e-4,2.4749900291358586e-4,TRUE,below_baseline
unity-game-engine,intent_confusion,268,74619,74887,7.431235664884133e-10,0.003578725279420994,-0.002048290386126523,-0.0011909498363327363,1.501259730279623e-9,TRUE,below_baseline
t-sql,intent_confusion,639,72909,73548,2.3007374780583587e-39,0.008688203622124326,0.0028185267032228853,0.0041611897597245194,1.3533749870931522e-38,TRUE,above_baseline
go,intent_confusion,385,72383,72768,0.7291725898071388,0.005290787159190853,-4.35444381672456e-4,6.203279187529145e-4,0.7478693228791167,FALSE,not_significant
authentication,intent_confusion,351,72311,72662,0.1686443204168258,0.004830585450441772,-8.727209436270298e-4,1.3720106320932535e-4,0.18738257824091759,FALSE,not_significant
symfony,intent_confusion,258,72388,72646,6.999383830223851e-10,0.003551468766346392,-0.002080431621750866,-0.0012133216268575978,1.4284456796375205e-9,TRUE,below_baseline
for-loop,intent_confusion,746,71026,71772,5.586310276144194e-83,0.01039402552527448,0.004453133070881661,0.00593822719836605,6.572129736640228e-82,TRUE,above_baseline
.htaccess,intent_confusion,271,71425,71696,1.3210195137905713e-7,0.003779848248158893,-0.0018686041582172803,-9.683901267661816e-4,2.2016991896509522e-7,TRUE,below_baseline
matplotlib,intent_confusion,220,71254,71474,3.3917611762693915e-15,0.0030780423650558246,-0.0025274421158749377,-0.001713163935314661,9.292496373340798e-15,TRUE,below_baseline
datetime,intent_confusion,332,70788,71120,0.049587133689131514,0.004668166479190101,-0.0010319820845383766,-2.8375738382668456e-5,0.0579966475896275,FALSE,not_significant
opencv,intent_confusion,270,70636,70906,2.701330030782782e-7,0.00380785829125885,-0.00184474495043049,-9.362292483530582e-4,4.3221280492524515e-7,TRUE,below_baseline
google-chrome,intent_confusion,251,68965,69216,9.173107372455064e-9,0.0036263291724456773,-0.002020756843862137,-0.001123275592547756,1.6678377040827388e-8,TRUE,below_baseline
codeigniter,intent_confusion,297,68309,68606,0.0015647961911332575,0.004329067428504796,-0.0013614024919156296,-3.7715343237602666e-4,0.002072577736600341,TRUE,below_baseline
perl,intent_confusion,472,67561,68033,3.03134779943303e-10,0.0069378095924036865,0.001115075431290682,0.002363852972215443,6.449676169006447e-10,TRUE,above_baseline
validation,intent_confusion,349,66126,66475,0.8530146395627414,0.005250094020308386,-4.983767712980726e-4,6.018740306135976e-4,0.8616309490532742,FALSE,not_significant
http,intent_confusion,288,66121,66409,0.002042949165038539,0.004336761583520306,-0.0013621956941284544,-3.60971920132182e-4,0.002670521784364103,TRUE,below_baseline
sockets,intent_confusion,391,64472,64863,0.003346648932641486,0.0060280899742534266,2.3334293617615384e-4,0.0014261462310294515,0.004318256687279336,TRUE,above_baseline
object,intent_confusion,527,64173,64700,2.4396540340807976e-25,0.008145285935085008,0.002253750545853635,0.0036401305430151334,1.1617400162289513e-24,TRUE,above_baseline
google-maps,intent_confusion,157,64367,64524,1.6533923535929197e-22,0.0024332031492157956,-0.0031463867330688688,-0.0023838977498007877,6.748540218746611e-22,TRUE,below_baseline
uitableview,intent_confusion,303,63220,63523,0.13369580895369196,0.00476992585362782,-9.649980495244193e-4,1.0815897547881124e-4,0.1510687106821378,FALSE,not_significant
xaml,intent_confusion,284,61934,62218,0.028112785350800567,0.0045645954546915685,-0.001164201354661115,-1.0329851725699563e-4,0.033467601608095914,TRUE,below_baseline
if-statement,intent_confusion,576,61440,62016,2.5078809021674495e-45,0.009287925696594427,0.0033340560286648814,0.004845104583222725,1.7295730359775512e-44,TRUE,above_baseline
oop,intent_confusion,828,61167,61995,2.3529139316239476e-174,0.013355915799661264,0.007253484585005453,0.009061656233015828,6.72261123321128e-173,TRUE,above_baseline
ubuntu,intent_confusion,150,58779,58929,3.556531832078577e-19,0.002545436033192486,-0.0030607666239585887,-0.002245052090957687,1.2701899400280633e-18,TRUE,below_baseline
cordova,intent_confusion,121,58108,58229,1.2453308124261327e-25,0.002078002369953116,-0.0034913449882057563,-0.002749341053189259,6.074784450859184e-25,TRUE,below_baseline
visual-studio-code,intent_confusion,178,58022,58200,7.298351199307379e-13,0.003058419243986254,-0.0025894704861540697,-0.00169038180717467,1.6972909765831115e-12,TRUE,below_baseline
email,intent_confusion,189,57776,57965,9.01704245691238e-11,0.003260588286034676,-0.00240275120615244,-0.0014727630030794557,1.9391489154650276e-10,TRUE,below_baseline
android-layout,intent_confusion,228,57493,57721,3.091173348243485e-5,0.003950035515670206,-0.0017608363117238238,-7.357834382370111e-4,4.415961926062122e-5,TRUE,below_baseline
ms-access,intent_confusion,284,57412,57696,0.35714840712632734,0.004922351636161952,-8.477981199991077e-4,2.958106110217645e-4,0.379945113964178,FALSE,not_significant
web-services,intent_confusion,181,57490,57671,6.253223536081521e-12,0.003138492483223804,-0.0025172769531723355,-0.0016024288616813044,1.405218772153151e-11,TRUE,below_baseline
spring-mvc,intent_confusion,212,57002,57214,6.99057528298036e-7,0.0037053867934421646,-0.0019916601516556005,-9.942570427613178e-4,1.0838101213923038e-6,TRUE,below_baseline
ggplot2,intent_confusion,134,57058,57192,2.2987597439540133e-21,0.00234298503287173,-0.0032526544407947043,-0.002458066274763083,9.014744093937307e-21,TRUE,below_baseline
parsing,intent_confusion,276,56730,57006,0.23675269193072054,0.004841595621513525,-9.27292357067863e-4,2.1379281879366587e-4,0.2559488561413195,FALSE,not_significant
pointers,intent_confusion,832,56102,56934,8.043481167140934e-213,0.014613412020936523,0.008428949179157031,0.010401184081414768,3.2173924668563732e-211,TRUE,above_baseline
github,intent_confusion,192,56462,56654,2.175946473391561e-9,0.003388992833692237,-0.0022887815829003067,-0.0013299235310164667,4.144659949317259e-9,TRUE,below_baseline
user-interface,intent_confusion,250,56272,56522,0.010451083318877959,0.004423056508969959,-0.0013231182899503778,-2.274594734109522e-4,0.013063854148597448,TRUE,below_baseline
kubernetes,intent_confusion,232,56281,56513,3.0604919884602994e-4,0.004105250119441545,-0.001621059415777571,-5.651311266405872e-4,4.250683317305971e-4,TRUE,below_baseline
c++11,intent_confusion,722,55787,56509,1.042475996103871e-137,0.012776725831283512,0.006651936942688262,0.008504823938577514,2.3166133246752687e-136,TRUE,above_baseline
selenium-webdriver,intent_confusion,300,55846,56146,0.6335330124977684,0.005343212339258362,-4.588404851352528e-4,7.485743823507287e-4,0.6599302213518421,FALSE,not_significant
google-sheets,intent_confusion,194,55815,56009,1.1694295316038725e-8,0.003463729043546573,-0.002222038425454966,-0.0012471942687531357,2.051630757199776e-8,TRUE,below_baseline
elasticsearch,intent_confusion,160,55771,55931,1.5548604181013528e-14,0.002860667608303088,-0.002781246110512857,-0.001894109454182215,4.091737942371981e-14,TRUE,below_baseline
google-apps-script,intent_confusion,238,54997,55235,0.0036820807598524677,0.004308862134516158,-0.0014364912993803736,-3.424752128885585e-4,0.0047206163587852155,TRUE,below_baseline
templates,intent_confusion,526,54680,55206,3.018655844253256e-45,0.009527949860522408,0.0035187315357440487,0.005140477403999519,2.0124372295021706e-44,TRUE,above_baseline
ruby-on-rails-3,intent_confusion,184,54907,55091,1.351211543739121e-9,0.0033399284819662016,-0.0023410672968336675,-0.0013757665205351769,2.6756664232457842e-9,TRUE,below_baseline
security,intent_confusion,383,54555,54938,7.907137577583975e-9,0.006971495139975973,0.001076793965254818,0.00246950553339588,1.4508509316667843e-8,TRUE,above_baseline
variables,intent_confusion,468,53199,53667,9.884414089671177e-30,0.008720442730169378,0.002734950517816947,0.0043092441612205615,4.9422070448355887e-29,TRUE,above_baseline
machine-learning,intent_confusion,249,53272,53521,0.07932083099211731,0.004652379439846041,-0.00112320791543452,3.1276013825355144e-5,0.09170038264984662,FALSE,not_significant
flask,intent_confusion,192,53237,53429,2.546182434961059e-7,0.003593554062400569,-0.002113004381731265,-0.0010965782747688444,4.106745862840417e-7,TRUE,below_baseline
sql-server-2008,intent_confusion,381,53007,53388,5.046992972098685e-10,0.007136435153967184,0.0012234808193940594,0.00265269870723906,1.0514568691872261e-9,TRUE,above_baseline
exception,intent_confusion,411,52633,53044,3.54582262974629e-16,0.007748284443103839,0.0018031974705337434,0.003296680634372686,1.0744917059837243e-15,TRUE,above_baseline
tkinter,intent_confusion,296,52024,52320,0.14464964344525635,0.005657492354740061,-1.8418400770955467e-4,0.0011024779358884294,0.162527689264333,FALSE,not_significant
delphi,intent_confusion,324,51842,52166,0.0013186859327034947,0.006210941992868918,3.377885441873551e-4,0.0016874046602492337,0.0017941305206850267,TRUE,above_baseline
nginx,intent_confusion,147,51903,52050,5.1689170958195556e-14,0.002824207492795389,-0.002830958705575265,-0.0019173170901352046,1.3253633579024503e-13,TRUE,below_baseline
listview,intent_confusion,191,51503,51694,2.034228641461103e-6,0.003694819514837312,-0.0020273496587114447,-9.797020929151793e-4,3.058990438287373e-6,TRUE,below_baseline
haskell,intent_confusion,346,51120,51466,1.5650267645670826e-6,0.006722885011463879,8.17952323508961e-4,0.002231126918117549,2.371252673586489e-6,TRUE,above_baseline
debugging,intent_confusion,195,51024,51219,1.215949049882876e-5,0.003807180928952147,-0.001925291993195308,-8.57036930201646e-4,1.7622449998302552e-5,TRUE,below_baseline
asynchronous,intent_confusion,472,50624,51096,8.418773499797547e-37,0.009237513699702521,0.003209162097231059,0.004869174520872735,4.810727714170027e-36,TRUE,above_baseline
jpa,intent_confusion,306,50778,51084,0.012937222024779517,0.005990133897110641,1.2201895667623465e-4,0.0014615580562437995,0.015971879042937676,TRUE,above_baseline
jsp,intent_confusion,219,50557,50776,0.005578760112976613,0.004313061288797857,-0.0014560165859740645,-3.14551617731469e-4,0.007106700780861927,TRUE,below_baseline
web-scraping,intent_confusion,176,50471,50647,7.074790190246555e-8,0.0034750330720477026,-0.002236630550808156,-0.0012099940863976866,1.2093658444865905e-7,TRUE,below_baseline
gradle,intent_confusion,162,50193,50355,6.484961725646961e-10,0.0032171581769436996,-0.002476644301136428,-0.0014857301262774206,1.3371055104426723e-9,TRUE,below_baseline
batch-file,intent_confusion,390,49784,50174,1.1764391150514692e-15,0.007772950133535297,0.001805624403173308,0.003343585082596039,3.3139130001449837e-15,TRUE,above_baseline
generics,intent_confusion,776,49178,49954,5.051068561281551e-225,0.015534291548224366,0.009251111127319283,0.011420781187828199,2.5255342806407756e-223,TRUE,above_baseline
xamarin,intent_confusion,144,49747,49891,7.116777986244949e-13,0.002886292116814656,-0.0027836810143318813,-0.0018404255333400545,1.6745359967635175e-12,TRUE,below_baseline
pdf,intent_confusion,165,49550,49715,5.766057719295232e-9,0.00331891783164035,-0.0023858252273860287,-0.0013730298906345188,1.0677884665361542e-8,TRUE,below_baseline
google-cloud-platform,intent_confusion,166,49161,49327,1.5362065319651735e-8,0.0033652968962231637,-0.0023449438524520503,-0.0013211531364028702,2.6716635338524757e-8,TRUE,below_baseline
wcf,intent_confusion,190,49065,49255,3.549556438337761e-5,0.0038574763983351946,-0.0018890725257553844,-7.926654588754743e-4,5.0348318274294486e-5,TRUE,below_baseline
amazon-s3,intent_confusion,109,49014,49123,4.363612776881472e-20,0.0022189198542434297,-0.0033965281164643557,-0.0025623229563500327,1.616152880326471e-19,TRUE,below_baseline
ssl,intent_confusion,174,48832,49006,4.002009795576579e-7,0.0035505856425743785,-0.002175179545168449,-0.0011203399509840417,6.302377630829259e-7,TRUE,below_baseline
testing,intent_confusion,214,48559,48773,0.012865750194398947,0.00438767350788346,-0.001397957047378113,-2.2338671815621473e-4,0.015971879042937676,TRUE,below_baseline
jenkins,intent_confusion,135,48396,48531,1.3712718892642208e-13,0.0027817271434753045,-0.0028860994922235957,-0.0019471370021270432,3.428179723160552e-13,TRUE,below_baseline
npm,intent_confusion,151,47354,47505,9.487123305881947e-10,0.0031786127776023574,-0.0025267410329520325,-0.0015127241931445004,1.8974246611763893e-9,TRUE,below_baseline
unix,intent_confusion,317,47044,47361,6.234821935464001e-6,0.006693270834652984,7.60012618554376e-4,0.0022298382694503445,9.305704381289554e-6,TRUE,above_baseline
recursion,intent_confusion,495,46676,47171,2.3801164831762386e-57,0.010493735557863941,0.00437536431637767,0.006215416018048965,2.2667776030249893e-56,TRUE,above_baseline
ionic-framework,intent_confusion,110,46281,46391,2.583046310809353e-17,0.002371149576426462,-0.0032707252717617034,-0.0023836663566866203,8.332407454223719e-17,TRUE,below_baseline
network-programming,intent_confusion,207,46083,46290,0.02986473343736952,0.004471808165910564,-0.0013350434165781615,-1.1803103290195871e-4,0.0353428798075379,TRUE,below_baseline
google-app-engine,intent_confusion,126,45971,46097,1.8988886924615493e-13,0.0027333665965247195,-0.0029424708647990384,-0.0019874867234527705,4.688614055460615e-13,TRUE,below_baseline
visual-studio-2010,intent_confusion,190,45477,45667,0.0020589461667212755,0.00416055357260166,-0.0016288615341745428,-4.4672210192338573e-4,0.002673956060676981,TRUE,below_baseline
mongoose,intent_confusion,136,45262,45398,6.912930330233776e-11,0.0029957266839948896,-0.0027061753887755047,-0.0016990620245359639,1.5028109413551687e-10,TRUE,below_baseline
assembly,intent_confusion,494,44524,45018,7.519070676111865e-65,0.010973388422408815,0.004812265791947628,0.006737820271568755,7.91481123801249e-64,TRUE,above_baseline
.net-core,intent_confusion,281,44488,44769,0.0015289253584034272,0.006276664656347026,3.4617538176466946e-4,0.001810463149628134,0.0020385671445379027,TRUE,above_baseline
android-fragments,intent_confusion,196,44100,44296,0.023684196053783396,0.004424778761061947,-0.001392329996839153,-1.548032623382011e-4,0.028364306651237597,TRUE,below_baseline
math,intent_confusion,308,43966,44274,2.7699335617516153e-7,0.006956678863441298,9.835822914590396e-4,0.002533084654122308,4.396719939288278e-7,TRUE,above_baseline
join,intent_confusion,306,43311,43617,1.355477070686235e-7,0.0070156131783478915,0.0010334399346571314,0.002601095640737404,2.2404579680764215e-7,TRUE,above_baseline
winapi,intent_confusion,334,43103,43437,5.614169127354045e-13,0.007689297142988696,0.0016689837397029378,0.0033129197649732064,1.3528118379166373e-12,TRUE,above_baseline
svg,intent_confusion,132,43268,43400,4.237096086035355e-10,0.00304147465437788,-0.0026757436663576097,-0.0016379978061878777,8.92020228639022e-10,TRUE,below_baseline
rust,intent_confusion,259,42984,43243,0.022304685070801925,0.005989408690423884,6.324736869495098e-5,0.0015188792308515687,0.027035981904002332,TRUE,above_baseline
animation,intent_confusion,127,43113,43240,6.347921452596422e-11,0.002937095282146161,-0.002772136175258188,-0.001750364041750738,1.3951475719992138e-10,TRUE,below_baseline
session,intent_confusion,240,42922,43162,0.295977061711113,0.005560446689217367,-3.400179756904864e-4,0.0010642205728239734,0.31655300717766094,FALSE,not_significant
intellij-idea,intent_confusion,104,42990,43094,9.266370653665745e-16,0.0024133290017171764,-0.0032491785995394148,-0.00232085417832748,2.6475344724759274e-15,TRUE,below_baseline
django-models,intent_confusion,201,42824,43025,0.12905857284337746,0.004671702498547356,-0.001171623135087853,1.1833735088131721e-4,0.14665746914020167,FALSE,not_significant
laravel-5,intent_confusion,177,42786,42963,0.0018935438272990924,0.004119824034634453,-0.001684893552421062,-4.721491596112804e-4,0.0024915050359198584,TRUE,below_baseline
curl,intent_confusion,157,42690,42847,1.0187776755108355e-5,0.003664200527458165,-0.0021069880709241313,-9.613016554607863e-4,1.4982024639865228e-5,TRUE,below_baseline
hadoop,intent_confusion,137,42616,42753,1.0052957676760762e-8,0.0032044534886440717,-0.0025304022613140253,-0.001457381542699079,1.8113437255424795e-8,TRUE,below_baseline
javascript,terminology,13091,2469292,2482383,0.0040597203404822155,0.005273561734833021,4.261887897095748e-5,2.317858760989092e-4,0.0070764103720380445,TRUE,above_baseline
python,terminology,11600,2159013,2170613,4.288574435540839e-5,0.005344112469611119,1.0658227055092611e-4,3.0892395407513596e-4,1.0090763377743151e-4,TRUE,above_baseline
java,terminology,12933,1873161,1886094,7.41061652052736e-217,0.006857028334748957,0.0015994318948117764,0.001841906060089962,3.70530826026368e-215,TRUE,above_baseline
c#,terminology,9542,1594551,1604093,1.1496744313036766e-43,0.005948532909251521,6.897438967426126e-4,9.346032071642531e-4,2.0903171478248668e-42,TRUE,above_baseline
php,terminology,8051,1438410,1446461,2.54551024582859e-12,0.005565998668474297,3.050279126802891e-4,5.542507096721285e-4,1.2727551229142949e-11,TRUE,above_baseline
android,terminology,7582,1362180,1369762,2.345763168001043e-10,0.005535268170674906,2.7137107184927e-4,5.264465549043661e-4,1.0425614080004636e-9,TRUE,above_baseline
html,terminology,6425,1166969,1173394,5.450417791016039e-7,0.005475569160912703,2.0262257880625874e-4,4.7579702842297125e-4,1.4730858894637945e-6,TRUE,above_baseline
jquery,terminology,5338,1014531,1019869,0.1769506492383776,0.005234005543849259,-4.532102099977933e-5,2.4061339410212144e-4,0.22118831154797203,FALSE,not_significant
c++,terminology,6679,801506,808185,5.835e-321,0.00826419693510768,0.002928375830018551,0.003327299325600634,5.8349e-319,TRUE,above_baseline
css,terminology,3835,793981,797816,5.043401670602003e-5,0.004806872762642012,-4.839598438786788e-4,-1.7501334543347242e-4,1.1594026828970121e-4,TRUE,below_baseline
sql,terminology,3971,668024,671995,2.723280519513635e-18,0.005909270158260106,5.874141175015702e-4,9.584074844224658e-4,1.945200371081168e-17,TRUE,above_baseline
ios,terminology,3565,665050,668615,0.027461672229929193,0.005331917471190446,1.864303395142822e-5,3.724731938332886e-4,0.04098757049243163,TRUE,above_baseline
mysql,terminology,3820,649926,653746,3.4622833120864433e-15,0.00584324798928024,5.199046291158072e-4,8.938726348484979e-4,2.0983535224766323e-14,TRUE,above_baseline
r,terminology,2087,500943,503030,2.610235113404726e-22,0.0041488579209987475,-0.0011674463783646525,-8.075564942340282e-4,2.7476159088470798e-21,TRUE,below_baseline
reactjs,terminology,1914,456086,458000,2.4129699133151295e-19,0.004179039301310044,-0.0011463527564214168,-7.682873555546716e-4,1.9303759306521036e-18,TRUE,below_baseline
node.js,terminology,1858,453590,455448,4.070562917108618e-23,0.004079499745305721,-0.001244199718303024,-8.695195056817096e-4,4.522847685676242e-22,TRUE,below_baseline
arrays,terminology,2982,413307,416289,5.0105148268378714e-73,0.007163292808601717,0.0017691414944438996,0.002284725408163358,2.0042059307351486e-71,TRUE,above_baseline
c,terminology,3703,402435,406138,7.271821359410431e-268,0.009117590572662494,0.0036874952850237267,0.004274967145705085,4.8478809062736216e-266,TRUE,above_baseline
asp.net,terminology,1856,366085,367941,0.43810663007147393,0.0050442869916644244,-3.2278240555594855e-4,1.3863767428862168e-4,0.5006932915102559,FALSE,not_significant
json,terminology,1785,354597,356382,0.2897730451231964,0.005008670471572638,-3.61240997331497e-4,1.0586322588059798e-4,0.3491241507508391,FALSE,not_significant
.net,terminology,1765,334101,335866,0.33930925601016465,0.005255071963223428,-1.2749299117661452e-4,3.6491820302729505e-4,0.3968529310060405,FALSE,not_significant
sql-server,terminology,2022,332876,334898,4.596850309088051e-13,0.006037659227585712,6.37357956101069e-4,0.0011652417844741799,2.4847839508584056e-12,TRUE,above_baseline
python-3.x,terminology,1775,332825,334600,0.17588966335185538,0.005304841601912732,-7.932569219573952e-5,4.1629018142502717e-4,0.22118831154797203,FALSE,not_significant
ruby-on-rails,terminology,1184,331553,332737,8.470775047201122e-37,0.003558365916624842,-0.0017823547858733003,-0.0013736320954731915,1.411795841200187e-35,TRUE,below_baseline
swift,terminology,1866,326358,328224,1.271822606493737e-5,0.005685141854343375,2.899628170661749e-4,8.076021770243994e-4,3.1020063573017975e-5,TRUE,above_baseline
django,terminology,1367,303796,305163,4.482474195091008e-7,0.004479573211693423,-8.954607093893196e-4,-4.1811158182001034e-4,1.2626687873495796e-6,TRUE,below_baseline
angular,terminology,1426,296791,298217,0.007076354929710598,0.004781752884644403,-6.038644451924196e-4,-1.0534850011495e-4,0.011600581851984587,TRUE,below_baseline
objective-c,terminology,1634,285833,287467,4.480038074332052e-5,0.005684130700219504,2.714484860002382e-4,8.240941998425937e-4,1.0418693196121052e-4,TRUE,above_baseline
excel,terminology,1503,285549,287052,0.45801070399296845,0.0052359851176790265,-1.6595232063260052e-4,3.6520384139447783e-4,0.5146187685314253,FALSE,not_significant
pandas,terminology,1273,285640,286913,1.847464562194553e-7,0.004436885048777852,-9.443617932103755e-4,-4.5458682383009587e-4,5.514819588640457e-7,TRUE,below_baseline
regex,terminology,1393,259321,260714,0.14216564861203182,0.005343019553994032,-7.464699822600461e-5,4.8796739161789313e-4,0.18583744916605466,FALSE,not_significant
angularjs,terminology,1207,254937,256144,0.002805281070797984,0.004712193141357986,-6.909344415425481e-4,-1.5739799033765562e-4,0.005009430483567829,TRUE,below_baseline
typescript,terminology,846,226425,227271,5.620271873519907e-21,0.0037224282904550075,-0.0016659481487343243,-0.0011619139849518363,5.352639879542768e-20,TRUE,below_baseline
ruby,terminology,984,225827,226811,1.191764879138723e-7,0.004338413921723373,-0.0010699536815459364,-5.25937189603493e-4,3.7242652473085094e-7,TRUE,below_baseline
linux,terminology,1224,222558,223782,0.028212167331308446,0.005469608815722444,2.6318735340122507e-5,6.401801815085905e-4,0.04179580345379029,TRUE,above_baseline
ajax,terminology,1286,216368,217654,5.368559168581338e-7,0.005908460216674171,4.4884733885099267e-4,0.001095354379901173,1.4708381283784486e-6,TRUE,above_baseline
iphone,terminology,1052,215796,216848,0.06448226226934851,0.004851324430015494,-5.788928942880231e-4,8.823039722835949e-6,0.09018498219489303,FALSE,not_significant
vba,terminology,1203,214073,215276,0.0035205770825649644,0.005588175179769226,0.00013560643474028802,7.680252102019889e-4,0.006231109880645955,TRUE,above_baseline
xml,terminology,861,210873,211734,6.74502648903345e-12,0.00406642296466321,-0.0013425254723188414,-7.973473129509152e-4,3.211917375730214e-11,TRUE,below_baseline
laravel,terminology,996,208281,209277,0.01623582280612324,0.004759242535013404,-6.733810797590142e-4,-8.085256481035416e-5,0.02517181830406704,TRUE,below_baseline
spring,terminology,1007,205633,206640,0.09560918702029063,0.004873209446380178,-5.647792898535397e-4,3.847946801772067e-5,0.12920160408147383,FALSE,not_significant
asp.net-mvc,terminology,986,197134,198120,0.32235316219507365,0.004976781748435292,-4.707779297622389e-4,1.5162271203664635e-4,0.37923901434714546,FALSE,not_significant
database,terminology,1265,190390,191655,4.66550156405097e-19,0.006600401763585609,0.0011003791039432271,0.0018277057086318158,3.588847356962284e-18,TRUE,above_baseline
wordpress,terminology,614,184422,185036,1.0008913498893626e-27,0.0033182732008906375,-0.0020816939254647876,-0.001554478387350113,1.5398328459836347e-26,TRUE,below_baseline
string,terminology,1256,183298,184554,1.858896106517097e-23,0.006805596194067861,0.001293043380959031,0.002045430292580516,2.1869365959024673e-22,TRUE,above_baseline
postgresql,terminology,672,175714,176386,7.714432528846133e-15,0.003809826176680689,-0.0016154713573068057,-0.0010375950039279924,4.537901487556549e-14,TRUE,below_baseline
flutter,terminology,638,170707,171345,3.3485705807402753e-16,0.0037234818640754035,-0.0017026978589482623,-0.0011230571274971064,2.1603681166066292e-15,TRUE,below_baseline
mongodb,terminology,731,170379,171110,6.158468729046064e-7,0.004272105663023786,-0.0011746217279968462,-5.538856605517574e-4,1.642258327745617e-6,TRUE,below_baseline
wpf,terminology,839,166828,167667,0.4497887114956261,0.005003966194898221,-4.7136466239383715e-4,2.0657833759410367e-4,0.5108999960833938,FALSE,not_significant
windows,terminology,747,163663,164410,8.009857322865721e-4,0.004543519250653853,-9.191923960942646e-4,-2.6648781719420536e-4,0.0015861103609635093,TRUE,below_baseline
bash,terminology,721,155500,156221,0.0040689359639218756,0.0046152565916234055,-8.58435271160382e-4,-1.837702601889827e-4,0.0070764103720380445,TRUE,below_baseline
xcode,terminology,809,154175,154984,0.6465771751016206,0.005219893666442987,-2.7637412795340055e-4,4.434427462431995e-4,0.6915263904830167,FALSE,not_significant
amazon-web-services,terminology,727,153143,153870,0.024331416859879336,0.004724767661012543,-7.554342479949282e-4,-6.774914457616189e-5,0.0368657831210293,TRUE,below_baseline
oracle-database,terminology,872,150656,151528,7.92951897375971e-4,0.005754712000422364,2.3641128822569002e-4,0.001000293998022862,0.001585903794751942,TRUE,above_baseline
git,terminology,819,150679,151498,0.14337658443599188,0.005406011960553935,-1.007050493882413e-4,6.400102558999348e-4,0.18620335641037908,FALSE,not_significant
dataframe,terminology,632,147111,147743,4.122479753442322e-6,0.004277698435797297,-0.001192691985871213,-5.246298571303695e-4,1.0436657603651449e-5,TRUE,below_baseline
spring-boot,terminology,632,144920,145552,2.3571218275603316e-5,0.00434209079916456,-0.0011332798696381823,-4.552572466288738e-4,5.6798116326754985e-5,TRUE,below_baseline
azure,terminology,544,141965,142509,3.644464533902665e-12,0.0038173027668427957,-0.001640513192875457,-9.975999880351273e-4,1.777787577513495e-11,TRUE,below_baseline
list,terminology,941,140496,141437,1.8769673866878802e-15,0.006653138853341064,0.0010921305465442655,0.0019414284455416865,1.1731046166799251e-14,TRUE,above_baseline
multithreading,terminology,1169,138167,139336,3.9270217347864954e-64,0.008389791582936212,0.0027736487667132472,0.003733215684563001,1.309007244928832e-62,TRUE,above_baseline
firebase,terminology,573,138366,138939,1.3954496887151224e-7,0.004124112020383046,-0.0013504538876931951,-6.740407861368884e-4,4.2936913498926843e-7,TRUE,below_baseline
vb.net,terminology,685,138159,138844,0.2918970640468564,0.0049335945377546025,-5.724333498176061e-4,1.6690371073063524e-4,0.34957732221180404,FALSE,not_significant
docker,terminology,567,133741,134308,2.887909230699822e-6,0.004221639812967209,-0.00126266394681319,-5.667751418485672e-4,7.404895463332878e-6,TRUE,below_baseline
react-native,terminology,479,127874,128353,2.139852472872475e-12,0.003731895631578537,-0.0017392813718515206,-0.001069646079587581,1.0973602424987052e-11,TRUE,below_baseline
eclipse,terminology,646,121458,122104,0.45214649653380345,0.005290571971434187,-2.536991532390401e-4,5.621243815112392e-4,0.5108999960833938,FALSE,not_significant
algorithm,terminology,1641,119011,120652,0,0.01360110068627126,0.007810534901274736,0.00911894775667161,0,TRUE,above_baseline
powershell,terminology,343,117836,118179,7.504098243460517e-27,0.0029023769028338367,-0.0025420367999950027,-0.0019259281089334997,1.0005464324614023e-25,TRUE,below_baseline
macos,terminology,387,114402,114789,6.719360568153348e-17,0.0033714031832318427,-0.002101517084964152,-0.0014283952631683385,4.479573712102232e-16,TRUE,below_baseline
numpy,terminology,720,113370,114090,3.1461656697348776e-8,0.006310807257428346,7.140405855847905e-4,0.0016348552146757255,1.0148921515273798e-7,TRUE,above_baseline
visual-studio,terminology,543,112937,113480,0.09850012432908316,0.0047849841381741275,-7.539068685653535e-4,5.1156430317432684e-5,0.1313334991054442,FALSE,not_significant
forms,terminology,578,111192,111770,0.870373531744881,0.005171333989442605,-3.865041930407789e-4,4.564534573298137e-4,0.8836279510100313,FALSE,not_significant
image,terminology,668,110713,111381,6.094681790061073e-5,0.005997432237096093,4.0672134980430306e-4,0.0013154244097917077,1.3695914134968706e-4,TRUE,above_baseline
function,terminology,727,110140,110867,4.126498073301052e-11,0.0065574066223493014,9.450770538040579e-4,0.0018970174762983692,1.8756809424095694e-10,TRUE,above_baseline
scala,terminology,541,110205,110746,0.2430745170648807,0.0048850522817979886,-6.629487727656484e-4,1.6033462176544966e-4,0.29643233788400086,FALSE,not_significant
vue.js,terminology,403,104676,105079,3.848835682347264e-9,0.003835209699369046,-0.0016759795786281128,-9.263197372299705e-4,1.3995766117626415e-8,TRUE,below_baseline
twitter-bootstrap,terminology,389,101027,101416,7.242978931700678e-9,0.0038356866766585153,-0.0016821960054713074,-9.191493558078378e-4,2.5413961163862027e-8,TRUE,below_baseline
performance,terminology,730,100428,101158,2.7762619427443966e-20,0.007216433697779711,0.001557682152079872,0.0026024665288833745,2.414140819777736e-19,TRUE,above_baseline
winforms,terminology,644,97862,98506,8.442025737731763e-10,0.00653767283211175,8.972177593941173e-4,0.0019054091902332064,3.3768102950927052e-09,TRUE,above_baseline
selenium,terminology,511,97583,98094,0.7498290699527299,0.005209289049279263,-3.784753932809796e-4,5.243347772433293e-4,0.7726086221306052,FALSE,not_significant
loops,terminology,606,95584,96190,4.7470055189158256e-7,0.006300031188273209,6.62830295062901e-4,0.001664513366887341,1.3186126441432848e-6,TRUE,above_baseline
kotlin,terminology,444,93972,94416,0.0627247880302835,0.004702592780884596,-8.711001956191922e-4,3.5670427922083092e-6,0.08834477187363873,FALSE,not_significant
sqlite,terminology,491,93294,93785,0.672037045744642,0.005235378791917684,-3.6374198823548796e-4,5.6178085747468e-4,0.7091063266390588,FALSE,not_significant
matlab,terminology,671,92718,93389,2.4586034700130485e-18,0.007185000374776472,0.0015061907759139038,0.0025910912590428655,1.821187755565221e-17,TRUE,above_baseline
python-2.7,terminology,481,92601,93082,0.894517941185645,0.00516748673212866,-4.303772258320538e-4,4.926319754931989e-4,0.903553475945096,FALSE,not_significant
hibernate,terminology,454,92386,92840,0.29483678143160763,0.004890133563119345,-6.958688096711423e-4,2.0341722131365664e-4,0.34977356960864453,FALSE,not_significant
shell,terminology,414,92030,92444,0.005208808934594216,0.004478386915321708,-0.001089355976543707,-2.2658890740905247e-4,0.008885046462725772,TRUE,below_baseline
express,terminology,415,91835,92250,0.006831330099978622,0.004498644986449865,-0.001070516138068044,-2.0491260362840179e-4,0.011291454710708465,TRUE,below_baseline
dart,terminology,342,91541,91883,2.1176646831031185e-9,0.003722124876201256,-0.001809030958262955,-0.001019438003930709,7.84320253001155e-9,TRUE,below_baseline
entity-framework,terminology,472,90019,90491,0.7380441860332363,0.005215988330331193,-3.905823947671658e-4,5.498403408333767e-4,0.7687960271179545,FALSE,not_significant
csv,terminology,493,89106,89599,0.12621188633398048,0.005502293552383397,-1.1928233474334411e-4,8.511507249139623e-4,0.1660682714920796,FALSE,not_significant
rest,terminology,382,88997,89379,3.1674014249665215e-4,0.004273934593137091,-0.0012910673936306091,-4.337821346913852e-4,6.811615967669938e-4,TRUE,below_baseline
apache,terminology,349,88934,89283,3.0017992924295206e-7,0.003908918831132467,-0.0016377509492853629,-8.171301030458796e-4,8.828821448322121e-7,TRUE,below_baseline
maven,terminology,490,86595,87085,0.043371394372617535,0.00562668657059195,-7.301061019584381e-6,9.879554876073087e-4,0.0628570932936486,FALSE,not_significant
android-studio,terminology,431,86331,86762,0.48761831450095244,0.004967612549272723,-6.374480169015544e-4,2.9995440085082536e-4,0.5448249324032988,FALSE,not_significant
linq,terminology,562,85895,86457,2.173690729010085e-8,0.006500341210081312,8.275360354018668e-4,0.0019004276701645821,7.126854849213394e-8,TRUE,above_baseline
dictionary,terminology,568,85188,85756,1.2182009843940457e-9,0.006623443257614627,9.434280113354901e-4,0.0020307397892975884,4.68538840151556e-9,TRUE,above_baseline
qt,terminology,503,84259,84762,0.0011827888936094928,0.0059342629952101175,2.8004626076400235e-4,0.0013157610150600569,0.0022745940261721014,TRUE,above_baseline
asp.net-core,terminology,408,83562,83970,0.26145994794287253,0.004858878170775277,-7.486840774468947e-4,1.9372170440127347e-4,0.3169211490216637,FALSE,not_significant
unit-testing,terminology,300,83078,83378,5.431844270949276e-10,0.0035980714337115307,-0.0019457251574585134,-0.001130850689714601,2.263268446228865e-9,TRUE,below_baseline
facebook,terminology,293,81551,81844,4.932938299283792e-10,0.0035799814280826937,-0.001966570591203555,-0.0011461852672272335,2.0991226805462945e-9,TRUE,below_baseline
swing,terminology,541,80559,81100,1.0650894051280488e-9,0.006670776818742293,9.734408225313849e-4,0.002095394100357026,4.1768211965805834e-9,TRUE,above_baseline
file,terminology,565,80001,80566,1.05444999875487e-13,0.007012883846784003,0.0012995809125601436,0.0024534680664116872,6.025428564313543e-13,TRUE,above_baseline
class,terminology,692,78780,79472,8.454937058884414e-45,0.008707469297362594,0.002924535439651734,0.004217684440477277,1.6909874117768828e-43,TRUE,above_baseline
apache-spark,terminology,396,78818,79214,0.5895547572458556,0.004999116317822607,-6.292257470301826e-4,3.5473966807922136e-4,0.6408203883107125,FALSE,not_significant
tensorflow,terminology,413,77428,77841,0.5094060801288328,0.005305687234233887,-3.41822900111025e-4,6.80478653982624e-4,0.5628796465511965,FALSE,not_significant
sorting,terminology,579,76270,76849,1.7418818385777673e-20,0.007534255488034978,0.001785845168476529,0.003009947092997251,1.5835289441616069e-19,TRUE,above_baseline
date,terminology,400,76314,76714,0.7634145809435637,0.005214172119821676,-4.3264478298430547e-4,5.882703080314809e-4,0.7789944703505752,FALSE,not_significant
unity-game-engine,terminology,438,74449,74887,0.006478693425626081,0.0058488122103969985,1.655538706318029e-4,0.0012593518355660184,0.01079782237604347,TRUE,above_baseline
t-sql,terminology,386,73162,73548,0.6716322903614864,0.005248273236525806,-4.110682317277959e-4,6.348959901832326e-4,0.7091063266390588,FALSE,not_significant
go,terminology,356,72412,72768,0.3576783126246675,0.00489226033421284,-7.518683115899306e-4,2.636702654194356e-4,0.4159050146798459,FALSE,not_significant
authentication,terminology,320,72342,72662,0.005812037180054024,0.004403952547411301,-0.0012147230321350726,-2.5009058763850064e-4,0.00976812971437651,TRUE,below_baseline
symfony,terminology,306,72340,72646,5.011913784552845e-4,0.004212207141480605,-0.0013959869530306473,-4.523174786043185e-4,0.0010333842854748133,TRUE,below_baseline
for-loop,terminology,435,71337,71772,5.429805088066994e-4,0.006060859388062197,3.559421441769986e-4,0.0014930579173512196,0.0011081234873606112,TRUE,above_baseline
.htaccess,terminology,300,71396,71696,3.685293006022993e-4,0.0041843338540504356,-0.0014254027800483136,-4.786482264469911e-4,7.841048948985092e-4,TRUE,below_baseline
matplotlib,terminology,319,71155,71474,0.011922688117709728,0.004463161429330945,-0.0011627240595169295,-1.8367179641735583e-4,0.01877588679954288,TRUE,below_baseline
datetime,terminology,363,70757,71120,0.9041995736109003,0.0051040494938132735,-5.568192424631468e-4,4.921995154935181e-4,0.9087432900612062,FALSE,not_significant
opencv,terminology,504,70402,70906,2.313054628149174e-13,0.007108002143683186,0.001352627631339579,0.002590657941430618,1.2850303489717634e-12,TRUE,above_baseline
google-chrome,terminology,239,68977,69216,6.036271992319502e-10,0.0034529588534442904,-0.002121355230404571,-0.001245445777303024,2.4637844866610212e-9,TRUE,below_baseline
codeigniter,terminology,372,68234,68606,0.2955586663193046,0.005422266274086814,-2.643577892722992e-4,8.361716228497519e-4,0.34977356960864453,FALSE,not_significant
perl,terminology,337,67696,68033,0.5051719051883807,0.00495347845898314,-7.11217159332545e-4,3.454553627026501e-4,0.5613021168759786,FALSE,not_significant
validation,terminology,349,66126,66475,0.6820779669758681,0.005250094020308386,-4.363817001545741e-4,6.63851026175171e-4,0.7142177664668776,FALSE,not_significant
http,terminology,341,66068,66409,0.9956536557631206,0.005134846180487584,-5.458757601542125e-4,5.428494065332053e-4,0.9956536557631206,FALSE,not_significant
sockets,terminology,464,64399,64863,7.330258182873705e-13,0.007153538997579514,0.0013679799903253012,0.002666379290237551,3.858030622565108e-12,TRUE,above_baseline
object,terminology,485,64215,64700,5.286291505367677e-17,0.007496136012364761,0.0016945225311886499,0.003025030778944696,3.6457182795639148e-16,TRUE,above_baseline
google-maps,terminology,280,64244,64524,0.0046773081573340146,0.00433947058458868,-0.0013048839319621409,-2.888936134566745e-4,0.008064324409196577,TRUE,below_baseline
uitableview,terminology,431,63092,63523,6.540848337993324e-9,0.00678494403601845,0.0010095590464502193,0.0022876103109905044,2.3360172635690442e-8,TRUE,above_baseline
xaml,terminology,280,61938,62218,0.026630926550694357,0.004500305377864926,-0.0011627753034523305,-1.0933265541399225e-4,0.04004650609126971,TRUE,below_baseline
if-statement,terminology,384,61632,62016,2.410413673686135e-4,0.006191950464396285,4.375283687707151e-4,0.0016736538454256795,5.240029725404642e-4,TRUE,above_baseline
oop,terminology,584,61411,61995,4.108437961487726e-50,0.009420114525364948,0.003522809850713164,0.005044700485420556,9.12986213663939e-49,TRUE,above_baseline
ubuntu,terminology,226,58703,58929,1.0111999756841445e-5,0.0038351236233433454,-0.0018011089461297967,-8.013625217796882e-4,2.4967900634176405e-5,TRUE,below_baseline
cordova,terminology,191,58038,58229,3.824668959136557e-10,0.0032801525013309517,-0.002321518912701937,-0.0013908947992323354,1.6628995474506769e-9,TRUE,below_baseline
visual-studio-code,terminology,195,58005,58200,1.7218314107244643e-9,0.0033505154639175256,-0.0022562014774496243,-0.0013154863093115003,6.497477021601752e-9,TRUE,below_baseline
email,terminology,243,57722,57965,0.0014890128903773656,0.00419218493918744,-0.0014709459590728103,-4.174028771484848e-4,0.0027817462601543025,TRUE,below_baseline
android-layout,terminology,302,57419,57721,0.7480142432018262,0.005232064586545624,-4.935415867606526e-4,6.849520452557256e-4,0.7726086221306052,FALSE,not_significant
ms-access,terminology,287,57409,57696,0.586615869686977,0.004974348308374931,-7.367962419326059e-4,4.1277414408629127e-4,0.6408203883107125,FALSE,not_significant
web-services,terminology,272,57399,57671,0.1587663504823461,0.004716408593573893,-9.798668650365739e-4,1.3996533758818444e-4,0.20354660318249504,FALSE,not_significant
spring-mvc,terminology,280,56934,57214,0.41774306575136244,0.00489390708567833,-8.149962718344114e-4,3.30091728594896e-4,0.4801644433923706,FALSE,not_significant
ggplot2,terminology,202,56990,57192,8.184388671696762e-8,0.003531962512239474,-0.0020914537469887704,-0.0011173399431284577,2.59821862593548e-7,TRUE,below_baseline
parsing,terminology,300,56706,57006,0.673651010307106,0.005262603936427745,-4.683920277418291e-4,7.208811860011426e-4,0.7091063266390588,FALSE,not_significant
pointers,terminology,568,56366,56934,1.8935771048631978e-58,0.009976463975831665,0.004023253235071113,0.005656956001996042,5.410220299609137e-57,TRUE,above_baseline
github,terminology,269,56385,56654,0.19660122965301918,0.004748120168037561,-9.5502734427612e-4,1.7854896575506636e-4,0.2442251300037505,FALSE,not_significant
user-interface,terminology,312,56210,56522,0.20259069287452955,0.005519974523194508,-2.2787215579546654e-4,9.951024875883068e-4,0.25011196651176487,FALSE,not_significant
kubernetes,terminology,262,56251,56513,0.0965430679875239,0.00463610142799002,-0.001061065622309622,6.0549763693486724e-5,0.1295880107215086,FALSE,not_significant
c++11,terminology,469,56040,56509,8.74088704811135e-26,0.008299562901484718,0.002414640529953228,0.003911766558420033,1.0926108810139187e-24,TRUE,above_baseline
selenium-webdriver,terminology,280,55866,56146,0.6209351320360698,0.004986998183307805,-7.327415267654752e-4,4.340191787849094e-4,0.6712812238227781,FALSE,not_significant
google-sheets,terminology,218,55791,56009,3.8677587313923e-5,0.0038922316056348087,-0.001760600038508405,-7.276554648181533e-4,9.208949360457858e-5,TRUE,below_baseline
elasticsearch,terminology,248,55683,55931,0.020276112658061562,0.004434034792869786,-0.0012537017556176705,-1.5094737323893283e-4,0.031194019473940866,TRUE,below_baseline
google-apps-script,terminology,249,54986,55235,0.039042830235128265,0.004508011224766905,-0.001187755023751765,-6.894124131060094e-5,0.05699683246004126,FALSE,not_significant
templates,terminology,327,54879,55206,0.009794180623776747,0.0059232692098684925,1.4616639166974154e-4,0.0014276533134710678,0.015797065522220557,TRUE,above_baseline
ruby-on-rails-3,terminology,188,54903,55091,1.5519646291610216e-8,0.00341253562287851,-0.002211645540425502,-0.0012360019284136537,5.260897048003463e-8,TRUE,below_baseline
security,terminology,341,54597,54938,4.555770766225141e-4,0.006206996978412028,4.1325683346847336e-4,0.0017280184087594065,9.491189096302378e-4,TRUE,above_baseline
variables,terminology,360,53307,53667,3.6592712036432277e-7,0.00670803286936106,8.804678643634353e-4,0.0022628791597625085,1.0606583198965877e-6,TRUE,above_baseline
machine-learning,terminology,454,53067,53521,3.1000689893197184e-27,0.008482651669438164,0.002568793563663371,0.004123791060616781,4.428669984742455e-26,TRUE,above_baseline
flask,terminology,199,53230,53429,5.0824659449813615e-6,0.003724569054258923,-0.0019291116686428766,-8.944689374354534e-4,1.2706164862453404e-5,TRUE,below_baseline
sql-server-2008,terminology,305,53083,53388,0.06271485120882997,0.005712894283359557,-6.342073687086664e-5,0.0012164905889938044,0.08834477187363873,FALSE,not_significant
exception,terminology,316,52728,53044,0.008251465325918698,0.005957318452605384,1.654527877864761e-4,0.0014764654028281165,0.013417016790111704,TRUE,above_baseline
tkinter,terminology,288,52032,52320,0.23924795239352822,0.005504587155963303,-2.664086682318934e-4,0.0010028642655623239,0.29355576980801007,FALSE,not_significant
delphi,terminology,245,51921,52166,0.160367832254356,0.004696545642755818,-0.0010272262893044025,1.4759886021986288e-4,0.20429023217115413,FALSE,not_significant
nginx,terminology,190,51860,52050,2.147713041261333e-6,0.003650336215177714,-0.0020049176656472714,-9.671286185934765e-4,5.578475431847618e-6,TRUE,below_baseline
listview,terminology,288,51406,51694,0.1671028004153067,0.005571246179440554,-2.0739772223217262e-4,0.0010771713665171045,0.2115225321712743,FALSE,not_significant
haskell,terminology,421,51045,51466,5.255691939199271e-22,0.008180157774064431,0.002265077344851048,0.003822519488681638,5.255691939199271e-21,TRUE,above_baseline
debugging,terminology,294,50925,51219,0.0562641575473846,0.005740057400574006,-5.1180001261480566e-5,0.001258576087813317,0.08037736792483514,FALSE,not_significant
asynchronous,terminology,290,50806,51096,0.08854732750955116,0.005675591044308752,-1.1276854882296501e-4,0.0011912319228442928,0.12213424484076023,FALSE,not_significant
jpa,terminology,276,50808,51084,0.3999648072403647,0.005402865867982147,-3.698287415244346e-4,9.028417628925526e-4,0.46238706039348526,FALSE,not_significant
jsp,terminology,312,50464,50776,0.0015021429804833234,0.006144635260753112,3.2794931014532686e-4,0.0016886024967647207,0.0027817462601543025,TRUE,above_baseline
web-scraping,terminology,234,50413,50647,0.10450693045805086,0.00462021442533615,-0.0011074501792111607,7.516031528728511e-5,0.13841977544112696,FALSE,not_significant
gradle,terminology,168,50187,50355,1.635485853708703e-8,0.0033363121834971703,-0.002304525296562771,-0.0012955690510390644,5.4516195123623435e-8,TRUE,below_baseline
batch-file,terminology,166,50008,50174,1.0421059167541727e-8,0.0033084864670945113,-0.002331159110837742,-0.001324586669569411,3.5934686784626646e-8,TRUE,below_baseline
generics,terminology,308,49646,49954,0.0013080189528872665,0.006165672418625135,3.422580043665227e-4,0.0017163681182875718,0.0024914646721662216,TRUE,above_baseline
xamarin,terminology,216,49675,49891,0.011765139625903583,0.004329438175221984,-0.0013837564660905998,-2.300858980616076e-4,0.01867482480302156,TRUE,below_baseline
pdf,terminology,202,49513,49715,8.237863563872932e-4,0.004063160012068792,-0.001633120265352689,-5.132784251059031e-4,0.0016152673654652807,TRUE,below_baseline
google-cloud-platform,terminology,209,49118,49327,0.0052421774130082055,0.004237030429582176,-0.0014732619821264047,-3.2539587330541824e-4,0.008885046462725772,TRUE,below_baseline
wcf,terminology,248,49007,49255,0.7532934065773401,0.005035021825195412,-7.270680923414423e-4,5.243930281360901e-4,0.7726086221306052,FALSE,not_significant
amazon-s3,terminology,222,48901,49123,0.0559334593558204,0.004519267960018728,-0.0012109277360944901,-2.3255058464229463e-5,0.08037736792483514,FALSE,not_significant
ssl,terminology,188,48818,49006,5.745176187404378e-5,0.003836264947149329,-0.0018481728461799002,-7.520159741176179e-4,1.3057218607737226e-4,TRUE,below_baseline
testing,terminology,200,48573,48773,0.001387686138942184,0.004100629446620056,-0.0016036010779423302,-4.6785874341373414e-4,0.0026182757338531776,TRUE,below_baseline
jenkins,terminology,174,48357,48531,1.7839704041732265e-6,0.003585337207145948,-0.0020835700235667816,-0.001018474276737498,4.694658958350596e-6,TRUE,below_baseline
npm,terminology,162,47343,47505,1.4430244629439355e-7,0.0034101673508051783,-0.002251214598554695,-0.0012011694144311242,4.3728014028604105e-7,TRUE,below_baseline
unix,terminology,272,47089,47361,0.06501344968879982,0.005743121977998775,-7.439713514358244e-5,0.001287922376544957,0.09029645790111086,FALSE,not_significant
recursion,terminology,348,46823,47171,1.051586222187014e-11,0.007377414089164953,0.0014682743337122715,0.0030138351300214583,4.8910987078465775e-11,TRUE,above_baseline
ionic-framework,terminology,160,46231,46391,3.755914989451909e-7,0.0034489448384384903,-0.002221677609666115,-0.0011531514280530802,1.0731185684148312e-6,TRUE,below_baseline
network-programming,terminology,277,46013,46290,0.010823259757018559,0.00598401382588032,1.4448250389901998e-4,0.0015508264332654436,0.017317215611229696,TRUE,above_baseline
google-app-engine,terminology,184,45913,46097,5.909593757537902e-4,0.003991582966353558,-0.001721088910913413,-5.684638709756459e-4,0.0011938573247551318,TRUE,below_baseline
visual-studio-2010,terminology,209,45458,45667,0.09454165370803458,0.004576608929861826,-0.0011794647240808101,5.9963869208285977e-5,0.12920160408147383,FALSE,not_significant
mongoose,terminology,179,45219,45398,3.785028502978444e-4,0.0039429049737873915,-0.001770646723461004,-6.162620435603886e-4,7.968481058901987e-4,TRUE,below_baseline
assembly,terminology,368,44650,45018,2.175201886594934e-19,0.008174507974587943,0.002205880499738415,0.0038704167348412944,1.8126682388291114e-18,TRUE,above_baseline
.net-core,terminology,195,44574,44769,0.020951521035719258,0.004355692555116263,-0.0013913597753261227,-1.6997382903752647e-4,0.031987055016365284,TRUE,below_baseline
android-fragments,terminology,285,44011,44296,1.3559363232928606e-4,0.006433989525013545,5.525061364926852e-4,0.002042754198938229,2.980079831412881e-4,TRUE,above_baseline
math,terminology,469,43805,44274,7.731343302460006e-58,0.01059312463296743,0.004502715773210627,0.006410814778128059,1.9328358256150017e-56,TRUE,above_baseline
join,terminology,231,43386,43617,0.6410336712832914,0.005296100144439095,-5.220207789765692e-4,8.415023532585835e-4,0.6892835175089154,FALSE,not_significant
winapi,terminology,248,43189,43437,0.09510091963527642,0.005709418237907774,-1.3607582004041333e-4,0.001282193581259786,0.12920160408147383,FALSE,not_significant
svg,terminology,178,43222,43400,0.0025779793503572825,0.004101382488479263,-0.001636944105401397,-4.33009632236253e-4,0.00464500783848159,TRUE,below_baseline
rust,terminology,176,43067,43243,0.001936753873096222,0.004070022893878778,-0.0016670977489732961,-4.65575177865324e-4,0.0035213706783567673,TRUE,below_baseline
animation,terminology,163,43077,43240,7.098017692840784e-5,0.003769657724329325,-0.0019450300363870582,-7.883732295504677e-4,1.5773372650757298e-4,TRUE,below_baseline
session,terminology,270,42892,43162,0.001158219537399943,0.006255502525369538,3.747701323733052e-4,0.0018635162037695956,0.00224896997553387,TRUE,above_baseline
intellij-idea,terminology,185,42909,43094,0.01438755112301269,0.004292941012669978,-0.0014613699504587361,-2.2546673879748425e-4,0.022480548629707327,TRUE,below_baseline
django-models,terminology,200,42825,43025,0.1571946999711188,0.004648460197559558,-0.001131275983603785,1.5547766412672562e-4,0.20283187093047586,FALSE,not_significant
laravel-5,terminology,190,42773,42963,0.03858821926809051,0.0044224099806810515,-0.0013420428087126534,-8.585594452141933e-5,0.05674738127660369,FALSE,not_significant
curl,terminology,174,42673,42847,0.0018596043483931287,0.004060961094125609,-0.0016782550212648278,-4.7254150508012935e-4,0.003412118070446108,TRUE,below_baseline
hadoop,terminology,211,42542,42753,0.5612501243526218,0.00493532617594087,-8.659320683049688e-4,4.6386570559053266e-4,0.6167583784094746,FALSE,not_significant
javascript,referential,18393,2463990,2482383,1.2921567600597258e-27,0.007409412649055363,-7.595467580718398e-4,-5.343677530751445e-4,5.168627040238903e-27,TRUE,below_baseline
python,referential,16947,2153666,2170613,8.451242144586155e-5,0.007807471898491348,-3.7139219590507814e-4,-1.264038163699362e-4,1.408540357431026e-4,TRUE,below_baseline
java,referential,19392,1866702,1886094,9.670760406520387e-233,0.010281566030113027,0.002076802011102557,0.0023735902398657875,3.2235868021734627e-231,TRUE,above_baseline
c#,referential,15906,1588187,1604093,2.273982373603605e-141,0.009915883929423044,0.0017020137971390649,0.002017014252449313,5.684955934009013e-140,TRUE,above_baseline
php,referential,13020,1433441,1446461,9.018403928486411e-35,0.009001279675013706,7.868418502267954e-4,0.0011029776905429054,4.746528383413901e-34,TRUE,above_baseline
android,referential,10414,1359348,1369762,7.349005223363962e-9,0.007602780629043585,-6.034393704650123e-4,-3.037391807055273e-4,1.547158994392413e-8,TRUE,below_baseline
html,referential,8682,1164712,1173394,6.714839882845813e-15,0.00739904925370336,-8.165034459562139e-4,-4.981378558947766e-4,1.9185256808130894e-14,TRUE,below_baseline
jquery,referential,7973,1011896,1019869,0.008243095968108578,0.007817670700844912,-4.133742316370896e-4,-6.40241759307965e-5,0.011215096555249765,TRUE,below_baseline
c++,referential,11650,796535,808185,0,0.014415016363827589,0.006096301189986218,0.006620991728411249,0,TRUE,above_baseline
css,referential,5299,792517,797816,3.587233968428382e-44,0.006641882338784883,-0.0015963210485983198,-0.0012326540830896247,2.5623099774488443e-43,TRUE,below_baseline
sql,referential,8093,663902,671995,7.55010980435173e-281,0.012043244369377749,0.003723603789250732,0.004250145140247056,3.0200439217406918e-279,TRUE,above_baseline
ios,referential,5099,663516,668615,1.0314053171358942e-4,0.007626212394277724,-6.417629102863566e-4,-2.1855211041590662e-4,1.6908283887473677e-4,TRUE,below_baseline
mysql,referential,7250,646496,653746,9.25834953214133e-160,0.011089934011068519,0.002777169978147253,0.0032899582347320736,2.6452427234689515e-158,TRUE,above_baseline
r,referential,2726,500304,503030,7.308275400834956e-96,0.005419159891060175,-0.0028432567945760163,-0.002431163232561344,1.0440393429764223e-94,TRUE,below_baseline
reactjs,referential,2440,455560,458000,1.228147356887054e-93,0.0053275109170305675,-0.0029427319073919898,-0.0025149860678045856,1.6375298091827386e-92,TRUE,below_baseline
node.js,referential,2741,452707,455448,1.0918116511310076e-52,0.006018250162477385,-0.002265607288353428,-0.0018106321959495122,9.09843042609173e-52,TRUE,below_baseline
arrays,referential,4154,412135,416289,7.127877404598184e-43,0.009978644643504873,0.0016182054842416287,0.0022263439935104063,4.5986305836117314e-42,TRUE,above_baseline
c,referential,5832,400306,406138,0,0.01435965115305635,0.005935632118375842,0.006670930378479148,0,TRUE,above_baseline
asp.net,referential,2852,365089,367941,0.039867917602463485,0.007751242726415376,-5.907743875817743e-4,-1.947996884518418e-5,0.05111271487495319,FALSE,not_significant
json,referential,2637,353745,356382,1.3158017868410397e-5,0.007399363604222435,-9.406668571856142e-4,-3.7334574362722606e-4,2.2883509336365908e-5,TRUE,below_baseline
.net,referential,3359,332507,335866,7.688828988696996e-36,0.010001012308480167,0.0016062081903325872,0.0022830766173700364,4.27157166038722e-35,TRUE,above_baseline
sql-server,referential,3845,331053,334898,8.500464227955891e-107,0.01148110768054751,0.0030621390889079246,0.0037873364629293846,1.4167440379926486e-105,TRUE,above_baseline
python-3.x,referential,2444,332156,334600,1.3255351541554198e-6,0.007304243873281531,-0.0010428854622685567,-4.6136660042609236e-4,2.4542469790628613e-6,TRUE,below_baseline
ruby-on-rails,referential,1824,330913,332737,2.100735993693063e-61,0.00548180695263827,-0.0028280113103818743,-0.002321114593599296,2.0007009463743458e-60,TRUE,below_baseline
swift,referential,2649,325575,328224,0.9272884789463843,0.008070707809300965,-2.9386779734749907e-4,3.2254360669171803e-4,0.938145999663662,FALSE,not_significant
django,referential,1688,303475,305163,2.0478192851922875e-54,0.00553147006681675,-0.0027904964639418315,-0.0022593032116823785,1.780712421906337e-53,TRUE,below_baseline
angular,referential,1741,296476,298217,1.7971629892404697e-41,0.005838030695768518,-0.0024941262155161814,-0.0019425522022044938,1.1232268682752935e-40,TRUE,below_baseline
objective-c,referential,2353,285114,287467,0.4422015487829146,0.008185287354722456,-2.0241488149394716e-4,4.6024978168114817e-4,0.4754855363257146,FALSE,not_significant
excel,referential,2295,284757,287052,0.7149483567250325,0.007995067095857197,-3.8907335522864666e-4,2.6646773768533024e-4,0.74087912613993,FALSE,not_significant
pandas,referential,1501,285412,286913,8.934291365206396e-64,0.0052315510276634385,-0.0030912279854779204,-0.002558409768452913,8.934291365206396e-63,TRUE,below_baseline
regex,referential,2423,258291,260714,2.1716637659013935e-12,0.009293708815023359,8.672581825043723e-4,0.0016074196382846353,5.429159414753484e-12,TRUE,above_baseline
angularjs,referential,1491,254653,256144,1.9442691654069664e-36,0.005820944468736336,-0.0025322173608528444,-0.001938633510932194,1.1110109516611237e-35,TRUE,below_baseline
typescript,referential,1465,225806,227271,1.1810936717412268e-17,0.006446048989972324,-0.0019413008130109157,-0.0012793410163021467,3.9369789058040896e-17,TRUE,below_baseline
ruby,referential,1592,225219,226811,3.727753911366215e-8,0.007019059922137815,-0.0013827684467755674,-6.918515182065127e-4,7.60766104360452e-8,TRUE,below_baseline
linux,referential,2152,221630,223782,2.2164585711644668e-16,0.009616501774047957,0.0011541940617731958,0.001966069677065008,7.036376416395132e-16,TRUE,above_baseline
ajax,referential,1732,215922,217654,0.6077973358829694,0.007957584055427422,-4.737847920777386e-4,2.762130936748713e-4,0.6364370009245752,FALSE,not_significant
iphone,referential,1574,215274,216848,3.4889977054718894e-5,0.007258540544528886,-0.0011569212174957109,-4.3873750270422685e-4,5.9640986418322897e-05,TRUE,below_baseline
vba,referential,1921,213355,215276,7.543005857676834e-6,0.008923428528958175,4.6817619617772044e-4,0.0012659410524809187,1.3350452845445725e-5,TRUE,above_baseline
xml,referential,1666,210068,211734,0.3352778188345265,0.00786836313487678,-5.660632242264114e-4,1.900496847222603e-4,0.36843716355442474,FALSE,not_significant
laravel,referential,1365,207912,209277,5.213300759923674e-15,0.00652245588382861,-0.0018806700463540706,-0.0011871579952464197,1.533323752918728e-14,TRUE,below_baseline
spring,referential,1706,204934,206640,0.3124301934305006,0.008255903987611305,-1.9226481292066908e-4,5.913329788855696e-4,0.3452267330723764,FALSE,not_significant
asp.net-mvc,referential,1698,196422,198120,0.010805793879804942,0.008570563294972744,1.067003996091839e-4,9.216863810785936e-4,0.014312309774576083,TRUE,above_baseline
database,referential,2092,189563,191655,4.433043125733584e-44,0.010915447027210352,0.002392502110502842,0.0033256521346601516,3.057271121195575e-43,TRUE,above_baseline
wordpress,referential,1207,183829,185036,1.9110706380687888e-13,0.0065230549730863185,-0.0019018723275654066,-0.0011647575355196668,5.02913325807576e-13,TRUE,below_baseline
string,referential,1941,182613,184554,5.810509648817466e-32,0.010517246984622386,0.0019940713107555698,0.0029276828492314924,2.702562627356961e-31,TRUE,above_baseline
postgresql,referential,1449,174937,176386,0.45799581254294697,0.008214937693467735,-2.6420442417459945e-4,5.813400018523588e-4,0.4858160082027113,FALSE,not_significant
flutter,referential,901,170444,171345,3.2419284817193983e-38,0.0052583968017741985,-0.0031423069031964743,-0.002453639302512839,1.9070167539525873e-37,TRUE,below_baseline
mongodb,referential,1093,170017,171110,1.3680373455073525e-14,0.0063877038162585475,-0.0020478556973617125,-0.0012894764793789028,3.800103737520423e-14,TRUE,below_baseline
wpf,referential,1159,166508,167667,1.7550998369192997e-7,0.006912511108327817,-0.0015420733209290014,-7.456442716730754e-4,3.441372229253529e-7,TRUE,below_baseline
windows,referential,1429,162981,164410,0.004092700689552182,0.008691685420594855,1.851905458672247e-4,0.0010854404860647753,0.00572405690846459,TRUE,above_baseline
bash,referential,1340,154881,156221,0.021648841364975326,0.0085775920010754,6.25192505851964e-5,9.799249423078941e-4,0.02848531758549385,TRUE,above_baseline
xcode,referential,1235,153749,154984,0.6999150595996153,0.007968564496980333,-5.319131033962206e-4,3.563022880991758e-4,0.7290781870829327,FALSE,not_significant
amazon-web-services,referential,830,153040,153870,2.1316857030854747e-31,0.0053941639045947875,-0.003029952590100281,-0.0022944594099678544,9.474158680379889e-31,TRUE,below_baseline
oracle-database,referential,1829,149699,151528,8.864068239832688e-68,0.01207037643207856,0.003463004075628471,0.0045650089792709375,9.848964710925209e-67,TRUE,above_baseline
git,referential,1702,149796,151498,3.5352931959694596e-43,0.011234471742201216,0.0026461601957750124,0.0037100434793697103,2.3568621306463064e-42,TRUE,above_baseline
dataframe,referential,802,146941,147743,1.7236520719749247e-29,0.005428345166945303,-0.003004417288619785,-0.002251632186747319,7.334689667978403e-29,TRUE,below_baseline
spring-boot,referential,1068,144484,145552,0.002220571428510681,0.007337583818841377,-0.001158707055490795,-2.788651160841621e-4,0.0032655462183980607,TRUE,below_baseline
azure,referential,750,141759,142509,5.340877429288808e-32,0.005262825505757531,-0.003170920843631038,-0.0024161679541116103,2.605306063067711e-31,TRUE,below_baseline
list,referential,1375,140062,141437,2.937562153746422e-12,0.009721642851587633,0.0011526616647855497,0.0021778842291320056,7.2532398857936345e-12,TRUE,above_baseline
multithreading,referential,1821,137515,139336,2.19916784350653e-96,0.013069127863581559,0.0044153477134306835,0.005610168204474723,3.3833351438562e-95,TRUE,above_baseline
firebase,referential,1019,137920,138939,0.002670050699597196,0.007334153837295504,-0.001172312412974363,-2.7211972169233916e-4,0.0038143581422817084,TRUE,below_baseline
vb.net,referential,1394,137450,138844,1.7450489085100474e-16,0.010040044942525424,0.0014580432065354405,0.0025093068692576964,5.629190027451766e-16,TRUE,above_baseline
docker,referential,695,133613,134308,4.283971499333506e-32,0.0051746731393513415,-0.003267098864473297,-0.00249629466608173,2.1419857496667533e-31,TRUE,below_baseline
react-native,referential,635,127718,128353,1.598672127057371e-35,0.0049472937913410675,-0.0034946013390570016,-0.0027235508875185738,8.64147095706687e-35,TRUE,below_baseline
eclipse,referential,1088,121016,122104,8.716559720698988e-4,0.008910437004520736,3.257444993944211e-4,0.0013823897003893415,0.0013009790627908939,TRUE,above_baseline
algorithm,referential,2378,118274,120652,0,0.019709577959752013,0.010868056236025846,0.01243835987422047,0,TRUE,above_baseline
powershell,referential,671,117508,118179,6.806635428613446e-20,0.005677827702045202,-0.002808434844284637,-0.001948649560882669,2.4309412245048024e-19,TRUE,below_baseline
macos,referential,837,113952,114789,0.0038282740585767485,0.007291639442803753,-0.0012582217510984993,-2.712391725517056e-4,0.00541301700718044,TRUE,below_baseline
numpy,referential,942,113148,114090,0.450342719932276,0.00825663949513542,-3.2604262872823724e-4,7.265818097413672e-4,0.4816499678420064,FALSE,not_significant
visual-studio,referential,1036,112444,113480,5.519829678072904e-5,0.009129362002114911,5.184509726321327e-4,0.001627533222339979,9.277024669030091e-5,TRUE,above_baseline
forms,referential,946,110824,111770,0.12851418636531947,0.00846380960901852,-1.308247886048936e-4,9.457041973842244e-4,0.15030898990095845,FALSE,not_significant
image,referential,900,110481,111381,0.9287645396670253,0.008080372774530664,-5.02998384226756e-4,5.51004124030374e-4,0.938145999663662,FALSE,not_significant
function,referential,1138,109729,110867,2.396089529866796e-16,0.010264551219028206,0.0016137877308080386,0.0028025748979906622,7.487779780833738e-16,TRUE,above_baseline
scala,referential,929,109817,110746,0.2173352891336345,0.008388564824011702,-2.0616331651885993e-4,8.705531552845536e-4,0.24419695408273542,FALSE,not_significant
vue.js,referential,563,104516,105079,1.5044477884206596e-22,0.0053578735998629605,-0.0031413485092543695,-0.00225564410027742,5.899795248708469e-22,TRUE,below_baseline
twitter-bootstrap,referential,593,100823,101416,3.913890189924973e-15,0.005847203597065552,-0.0026797851134887393,-0.001738547501637867,1.1860273302802948e-14,TRUE,below_baseline
performance,referential,2140,99018,101158,0,0.02115502481266929,0.012211153373993637,0.013986156442087234,0,TRUE,above_baseline
winforms,referential,1012,97494,98506,8.25813689746428e-15,0.01027348587903275,0.0015863888692079662,0.0028478430795998233,2.3262357457645855e-14,TRUE,above_baseline
selenium,referential,698,97396,98094,0.0010021084193887508,0.007115623789426468,-0.0014679723372940262,-4.1351989311074735e-4,0.0014846050657611122,TRUE,below_baseline
loops,referential,899,95291,96190,8.043299441199218e-6,0.009346085871712236,6.805741796499791e-4,0.0018988577545167823,1.4111051651226698e-5,TRUE,above_baseline
kotlin,referential,707,93709,94416,0.05123082709896871,0.007488137603795967,-0.0011193042355861788,-1.716036607959774e-5,0.06364077900493006,FALSE,not_significant
sqlite,referential,719,93066,93785,0.18247276703339468,0.007666471184091273,-9.492811147101597e-4,1.69483673634995e-4,0.20618391755185841,FALSE,not_significant
matlab,referential,911,92478,93389,6.929835592476523e-9,0.009754896186917088,0.0010671479506784757,0.002329904613897991,1.4744331047822389e-8,TRUE,above_baseline
python-2.7,referential,754,92328,93082,0.880827178539854,0.008100384607120604,-5.32949087105906e-4,6.209784920894041e-4,0.9034124908101067,FALSE,not_significant
hibernate,referential,690,92150,92840,0.03368665432266858,0.007432141318397242,-0.0011778809998973295,-7.057617256589618e-5,0.04374890171775141,TRUE,below_baseline
shell,referential,804,91640,92444,0.029641808653010384,0.008697157197871144,4.1156002635947e-5,0.0012404185838486297,0.03874746229151684,TRUE,above_baseline
express,referential,537,91713,92250,3.35854978314988e-14,0.005821138211382114,-0.002727458429494148,-0.001743004956999334,9.20150625520515e-14,TRUE,below_baseline
dart,referential,491,91392,91883,4.072003092830066e-20,0.005343752380745078,-0.0031853901395424798,-0.0022398449082250745,1.480728397392751e-19,TRUE,below_baseline
entity-framework,referential,820,89671,90491,7.364145626475316e-4,0.009061674641677073,3.868476068816279e-4,0.0016237618672148078,0.001107390319770724,TRUE,above_baseline
csv,referential,673,88926,89599,0.06844106376239503,0.007511244545140012,-0.0011116170604691315,2.1366341491445783e-5,0.08397676535263195,FALSE,not_significant
rest,referential,680,88699,89379,0.13448536862900287,0.007608051108202151,-0.0010191054004496892,1.2246780759628002e-4,0.15637833561511963,FALSE,not_significant
apache,referential,625,88658,89283,4.2439121771054304e-4,0.007000212806469316,-0.0016042224875135818,-5.08091708805496e-4,6.631112776727235e-4,TRUE,below_baseline
maven,referential,699,86386,87085,0.9219639970515142,0.00802664063845668,-6.234643666739539e-4,5.640058343296029e-4,0.938145999663662,FALSE,not_significant
android-studio,referential,631,86131,86762,0.009946553649024498,0.0072727691846660985,-0.001350135196937083,-2.1706624298843018e-4,0.013262071532032663,TRUE,below_baseline
linq,referential,1012,85445,86457,5.092379181788028e-33,0.011705240755520084,0.0029310302906531437,0.004366711411129314,2.61147650348104e-32,TRUE,above_baseline
dictionary,referential,828,84928,85756,1.727548048327416e-7,0.009655301086804421,9.434689985160892e-4,0.0022543933658350427,3.4208872244107243e-7,TRUE,above_baseline
qt,referential,727,84035,84762,0.09060490664731473,0.008576956655104882,-1.0124412007899732e-4,0.001142417621031051,0.1098241292694724,FALSE,not_significant
asp.net-core,referential,681,83289,83970,0.8621318323465642,0.00811003929974991,-5.540348160037603e-4,6.613736062458702e-4,0.8887957034500661,FALSE,not_significant
unit-testing,referential,575,82803,83378,1.8295191047410541e-4,0.006896303581280434,-0.0017229484474818423,-5.971841992150004e-4,2.9748278125870796e-4,TRUE,below_baseline
facebook,referential,426,81418,81844,7.886378904907134e-20,0.005205024192365964,-0.00334564178661202,-0.0023570496379137617,2.7671504929498715e-19,TRUE,below_baseline
swing,referential,881,80219,81100,4.628089132569747e-19,0.010863131935881627,0.0020924378551119395,0.0035210862073936046,1.5688437737524567e-18,TRUE,above_baseline
file,referential,768,79798,80566,2.90092778466378e-6,0.009532557158106397,8.042620613609153e-4,0.0021481124455941672,5.274414153934145e-6,TRUE,above_baseline
class,referential,922,78550,79472,6.924272225705935e-29,0.011601570364405074,0.002799829755929048,0.00429057116362339,2.8262335615126266e-28,TRUE,above_baseline
apache-spark,referential,496,78718,79214,1.665919495113231e-8,0.006261519428383872,-0.002345345288139347,-0.0012443556643506194,3.4348855569344963e-8,TRUE,below_baseline
tensorflow,referential,502,77339,77841,5.447572780250774e-7,0.0064490435631608025,-0.0021708009619910026,-0.0010438517209451028,1.0476101500482257e-6,TRUE,below_baseline
sorting,referential,1081,75768,76849,4.220215753933739e-77,0.014066546083878775,0.005176779265503821,0.006843573092996018,4.9649597105102815e-76,TRUE,above_baseline
date,referential,683,76031,76714,0.008817310052603588,0.00890319889459551,1.8113058174851573e-4,0.0015125273981847936,0.011835315506850455,TRUE,above_baseline
unity-game-engine,referential,800,74087,74887,1.0309026685773457e-15,0.010682762028122371,0.0018892136093399312,0.0033635706376471002,3.172008211007218e-15,TRUE,above_baseline
t-sql,referential,868,72680,73548,8.616516334469557e-30,0.011801816500788601,0.00296414196813202,0.004526751224187472,3.746311449769372e-29,TRUE,above_baseline
go,referential,554,72214,72768,0.1817951661484421,0.007613236587510994,-0.0010757011784861598,1.8943454425043665e-4,0.20618391755185841,FALSE,not_significant
authentication,referential,483,72179,72662,2.1981932366974925e-5,0.006647215876248933,-0.0020010840331636205,-8.172240235962231e-4,3.789988339133607e-5,TRUE,below_baseline
symfony,referential,413,72233,72646,9.217613262995695e-13,0.0056851031027172864,-0.002919180776853181,-0.0018233528269699564,2.3335729779735938e-12,TRUE,below_baseline
for-loop,referential,663,71109,71772,4.096354600150307e-4,0.009237585688012038,4.803932902349309e-4,0.0018820382765314338,6.502150158968741e-4,TRUE,above_baseline
.htaccess,referential,442,71254,71696,1.52415028697432e-8,0.0061649185449676415,-0.002465536924513772,-0.0013173657948086553,3.175313097863167e-8,TRUE,below_baseline
matplotlib,referential,437,71037,71474,6.556812865413706e-9,0.006114111425133615,-0.00251488114454731,-0.0013696358144431701,1.410067282884668e-8,TRUE,below_baseline
datetime,referential,641,70479,71120,0.004387679844053606,0.009012935883014623,2.6105878657477525e-4,0.0016520731701967603,0.006093999783407786,TRUE,above_baseline
opencv,referential,713,70193,70906,2.7822154088327596e-9,0.010055566524694666,0.0012639445936872772,0.002734448646444345,6.048294367027738e-9,TRUE,above_baseline
google-chrome,referential,449,68767,69216,3.96135728206825e-6,0.006486939435968562,-0.0021685818125009343,-9.702791248196518e-4,7.137580688411262e-6,TRUE,below_baseline
codeigniter,referential,506,68100,68606,0.0463204819777646,0.007375448211526688,-0.001322188647210112,-3.9654738994221905e-5,0.05797750567038065,FALSE,not_significant
perl,referential,886,67147,68033,2.2254262836936183e-47,0.01302309173489336,0.0041140418797992444,0.005819401780729766,1.6484639138471246e-46,TRUE,above_baseline
validation,referential,457,66018,66475,6.644703361879783e-4,0.006874764949229033,-0.0018107657029451329,-5.52444207854511e-4,0.001006773236648452,TRUE,below_baseline
http,referential,445,65964,66409,9.505860875528488e-5,0.006700898974536584,-0.001977012998708165,-7.33928861476378e-4,1.5712166736410726e-4,TRUE,below_baseline
sockets,referential,633,64230,64863,1.2802811720229994e-6,0.009759030572128949,9.452798866845839e-4,0.002460041448315603,2.3930489196691576e-6,TRUE,above_baseline
object,referential,675,64025,64700,1.4801651736467004e-11,0.010432766615146832,0.0015926481437506623,0.003160145277285292,3.5242027943969054e-11,TRUE,above_baseline
google-maps,referential,342,64182,64524,5.109636561936842e-15,0.00530035335689046,-0.0033174265451573356,-0.0021946065503194554,1.5252646453542812e-14,TRUE,below_baseline
uitableview,referential,548,62975,63523,0.1082864478030023,0.008626796593359885,-1.4963408086610922e-4,0.001290487458328168,0.12891243786071702,FALSE,not_significant
xaml,referential,389,61829,62218,4.931867223692758e-7,0.0062522099713909155,-0.002424567319384952,-0.0011837525470909274,9.576441211053898e-7,TRUE,below_baseline
if-statement,referential,667,61349,62016,6.124970786539396e-14,0.010755288957688338,0.0018863027843610135,0.003511535321757953,1.633325543077172e-13,TRUE,above_baseline
oop,referential,1002,60993,61995,2.6956980402349255e-112,0.016162593757561093,0.007112942585895152,0.009099505119969323,4.901269164063501e-111,TRUE,above_baseline
ubuntu,referential,396,58533,58929,2.8863257884424466e-4,0.006719951127628162,-0.0019970330791952533,-6.758044748061324e-4,4.6181212615079145e-4,TRUE,below_baseline
cordova,referential,312,57917,58229,3.40282298073038e-13,0.005358154871284068,-0.003292258175037963,-0.0021041718916516117,8.725187130077898e-13,TRUE,below_baseline
visual-studio-code,referential,439,57761,58200,0.16637659303605992,0.007542955326460481,-0.0012172672385526778,1.9043808221592875e-4,0.19219509197907678,FALSE,not_significant
email,referential,427,57538,57965,0.06347518592900726,0.00736651427585612,-0.001386915896140746,7.204638595276398e-6,0.07836442707284846,FALSE,not_significant
android-layout,referential,465,57256,57721,0.9991938112835791,0.008055993485906342,-7.305272179915011e-4,7.297743805464748e-4,0.9991938112835791,FALSE,not_significant
ms-access,referential,488,57208,57696,0.2809799563952154,0.00845812534664448,-3.463640865442076e-4,0.001149874970575459,0.31219995155023933,FALSE,not_significant
web-services,referential,421,57250,57671,0.04240020331622339,0.00730002947755371,-0.001452041400813368,-6.063945333692293e-5,0.05367114343825746,FALSE,not_significant
spring-mvc,referential,444,56770,57214,0.42884312873291763,0.007760338378718495,-0.0010159593340682616,4.2389628224754163e-4,0.4636141932247759,FALSE,not_significant
ggplot2,referential,209,56983,57192,5.591498954390995e-32,0.003654357252762624,-0.004897848715040828,-0.003906176588691634,2.6626185497099975e-31,TRUE,below_baseline
parsing,referential,537,56469,57006,2.757366200426714e-4,0.009420061046205663,5.69899902041578e-4,0.0021574823811120374,4.4473648393979253e-4,TRUE,above_baseline
pointers,referential,806,56128,56934,2.2830944518215325e-59,0.014156742895282256,0.005129312337304814,0.007071433644001988,2.075540410746848e-58,TRUE,above_baseline
github,referential,456,56198,56654,0.9840615354559694,0.008048857980019064,-7.441667567539856e-4,7.291429075344027e-4,0.9890065682974566,FALSE,not_significant
user-interface,referential,500,56022,56522,0.03594424152129589,0.008846113017939918,1.6959966720286597e-5,0.0015625262599018386,0.04637966647909147,TRUE,above_baseline
kubernetes,referential,349,56164,56513,5.824076283672542e-7,0.0061755702227805995,-0.002527704627406258,-0.0012338947362902533,1.1093478635566745e-6,TRUE,below_baseline
c++11,referential,952,55557,56509,2.9389506766609582e-120,0.016846873949282415,0.0077287859881271575,0.009852222101179961,5.877901353321917e-119,TRUE,above_baseline
selenium-webdriver,referential,418,55728,56146,0.10543411137642145,0.007444875859366651,-0.001323445499624222,1.0045740909981325e-4,0.12626839685798974,FALSE,not_significant
google-sheets,referential,291,55718,56009,3.7971058097062784e-14,0.00519559356531986,-0.0034572587669004363,-0.002264293911717555,1.0262448134341293e-13,TRUE,below_baseline
elasticsearch,referential,276,55655,55931,1.549673009632109e-16,0.004934651624322826,-0.0037035646265068324,-0.002539871934105226,5.080895113547898e-16,TRUE,below_baseline
google-apps-script,referential,308,54927,55235,7.258672471105e-11,0.005576174527020911,-0.0031022421173886932,-0.0018581486378271951,1.7079229343776472e-10,TRUE,below_baseline
templates,referential,721,54485,55206,2.3071542149801394e-39,0.013060174618700866,0.004056066985232513,0.005951542442911508,1.3982752818061452e-38,TRUE,above_baseline
ruby-on-rails-3,referential,280,54811,55091,6.073057391594726e-15,0.005082499863861611,-0.003568759505984595,-0.0023789805755498944,1.760306490317312e-14,TRUE,below_baseline
security,referential,414,54524,54938,0.17272145630493055,0.007535767592558884,-0.0012446548178528785,2.0345019371293695e-4,0.19739595006277777,FALSE,not_significant
variables,referential,461,53206,53667,0.16720973002179682,0.008590008757709579,-2.4795084929795405e-4,0.0013152285554594012,0.19219509197907678,FALSE,not_significant
machine-learning,referential,622,52899,53521,3.214465282742668e-20,0.011621606472225855,0.002656534322779402,0.004473938812414598,1.1905426973120994e-19,TRUE,above_baseline
flask,referential,288,53141,53429,5.645596952746015e-12,0.005390331093600854,-0.003287941068424439,-0.0020441365536315644,1.3769748665234182e-11,TRUE,below_baseline
sql-server-2008,referential,615,52773,53388,4.0123195638918414e-19,0.011519442571364351,0.002557195923738943,0.004368949409732049,1.3835584703075314e-18,TRUE,above_baseline
exception,referential,668,52376,53044,1.8479039241432488e-31,0.012593318754241762,0.003587306179863661,0.005486591519362153,8.399563291560222e-31,TRUE,above_baseline
tkinter,referential,456,51864,52320,0.09203522177698537,0.00871559633027523,-1.3804259952167005e-4,0.0014564954508144194,0.11088580936986189,FALSE,not_significant
delphi,referential,774,51392,52166,5.609116323576326e-67,0.014837250316297972,0.005742763676879302,0.007818997146458931,5.904332972185607e-66,TRUE,above_baseline
nginx,referential,293,51757,52050,6.031632761424942e-10,0.005629202689721421,-0.0030709141506718132,-0.0017834202791430546,1.370825627596578e-9,TRUE,below_baseline
listview,referential,457,51237,51694,0.04638200453630452,0.008840484388903934,-2.3621424621467256e-5,0.0015918503931716254,0.05797750567038065,FALSE,not_significant
haskell,referential,711,50755,51466,3.412040231731049e-48,0.01381494578945323,0.004749513269239224,0.006767638500409527,2.624646332100807e-47,TRUE,above_baseline
debugging,referential,523,50696,51219,5.1097755583924413e-8,0.010211054491497297,0.0012832999356696437,0.0030260692380672393,1.0322778905843317e-7,TRUE,above_baseline
asynchronous,referential,483,50613,51096,4.210143156681978e-4,0.009452794739314232,5.566331791453226e-4,0.0022362164902254306,6.630146703436186e-4,TRUE,above_baseline
jpa,referential,473,50611,51084,0.002385387689021684,0.009259259259259259,3.7154461930488994e-4,0.002034234089955917,0.003457083607277803,TRUE,above_baseline
jsp,referential,424,50352,50776,0.4590961277515622,0.008350401764613203,-4.982873576775369e-4,0.0010863510776462325,0.4858160082027113,FALSE,not_significant
web-scraping,referential,396,50251,50647,0.550244746940868,0.007818824412107331,-0.0010054637181334805,5.303727330904323e-4,0.579204996779861,FALSE,not_significant
gradle,referential,375,49980,50355,0.1265562185277088,0.0074471254095918975,-0.0013610339137068255,1.4254492363291005e-4,0.148889668856128,FALSE,not_significant
batch-file,referential,373,49801,50174,0.11932424789831357,0.007434129230278631,-0.0013747307566631872,1.3024940796273806e-4,0.1412121276903119,FALSE,not_significant
generics,referential,626,49328,49954,5.687534599765605e-29,0.012531529006686151,0.003498996871275615,0.005451321332838977,2.3698060832356687e-28,TRUE,above_baseline
xamarin,referential,320,49571,49891,4.127245088601866e-5,0.006413982481810346,-0.002343804117465898,-9.409707281711198e-4,6.99533065864723e-5,TRUE,below_baseline
pdf,referential,360,49355,49715,0.04224588184689248,0.007241275269033491,-0.0015612676697336744,-6.892160145705408e-5,0.05367114343825746,FALSE,not_significant
google-cloud-platform,referential,308,49019,49327,6.8279117606907865e-6,0.006244044843594786,-0.002508406304722324,-0.0011162438173458146,1.219269957266212e-5,TRUE,below_baseline
wcf,referential,342,48913,49255,0.00577173757682241,0.00694345751700335,-0.0018471222980539037,-3.787024771971069e-4,0.007961017347341256,TRUE,below_baseline
amazon-s3,referential,250,48873,49123,1.9598013803194576e-13,0.005089265720741812,-0.0035973856040091403,-0.002336822763764947,5.090393195634955e-13,TRUE,below_baseline
ssl,referential,359,48647,49006,0.07062889223690637,0.007325633595886218,-0.0014865980458720802,2.5125428386805386e-5,0.08613279541086143,FALSE,not_significant
testing,referential,341,48432,48773,0.008584282529183853,0.0069915732064871955,-0.0018051449813021444,-3.2444841498117493e-4,0.011600381796194397,TRUE,below_baseline
jenkins,referential,203,48328,48531,1.4233438433362187e-21,0.004182893408336939,-0.00444880795328751,-0.003298145039296323,5.371108842778184e-21,TRUE,below_baseline
npm,referential,264,47241,47505,1.1375690556506405e-9,0.005557309756867698,-0.003168527082418777,-0.0018295932131035379,2.5279312347792013e-9,TRUE,below_baseline
unix,referential,441,46920,47361,0.0022739259697265395,0.00931145879521125,3.8934246513283165e-4,0.0021208353160319564,0.003319599955805167,TRUE,above_baseline
recursion,referential,474,46697,47171,1.3375646035892594e-6,0.01004854677662123,0.0010914023893101885,0.00289295135467456,2.4542469790628613e-6,TRUE,above_baseline
ionic-framework,referential,256,46135,46391,9.900081446502373e-10,0.005518311741501585,-0.0032131313272371984,-0.0018629849990173426,2.2247374037083987e-9,TRUE,below_baseline
network-programming,referential,439,45851,46290,6.007849167140153e-4,0.009483689781810327,5.436612637007162e-4,0.0023109784906622266,9.172288804794128e-4,TRUE,above_baseline
google-app-engine,referential,276,45821,46097,6.850358470948372e-7,0.0059873744495303385,-0.0027741630223234535,-0.00136382788787358,1.292520466216674e-6,TRUE,below_baseline
visual-studio-2010,referential,420,45247,45667,0.006455274112954761,0.00919701316048788,2.6438815392959374e-4,0.0020168983577884565,0.00884284125062296,TRUE,above_baseline
mongoose,referential,243,45155,45398,1.1944701440148848e-10,0.005352658707432046,-0.0033758710312934087,-0.00203155136310021,2.745908377045712e-10,TRUE,below_baseline
assembly,referential,810,44208,45018,1.8320084061151002e-122,0.01799280287884846,0.008708009174737477,0.011164856773701735,4.071129791366889e-121,TRUE,above_baseline
.net-core,referential,338,44431,44769,0.23100695486819278,0.007549867095534857,-0.0013091421794392,2.961365612512035e-4,0.2581083294616679,FALSE,not_significant
android-fragments,referential,341,43955,44296,0.39952330695006544,0.007698212028174101,-0.0011728750030180275,4.5655925010852e-4,0.43426446407615804,FALSE,not_significant
math,referential,710,43564,44274,1.9882539677934088e-78,0.01603649997741338,0.006809490085009831,0.009150770060559216,2.485317459741761e-77,TRUE,above_baseline
join,referential,628,42989,43617,1.6648677974935701e-49,0.01439805580392966,0.005223155367304231,0.00746021643129738,1.3318942379948561e-48,TRUE,above_baseline
winapi,referential,528,42909,43437,1.3790213169117325e-21,0.01215553560328752,0.003068033772614244,0.005130297624703084,5.303928141968202e-21,TRUE,above_baseline
svg,referential,252,43148,43400,1.607887030975584e-7,0.005806451612903226,-0.0029656395386138297,-0.001534197044837428,3.215774061951168e-7,TRUE,below_baseline
rust,referential,365,42878,43243,0.3717999451822868,0.008440672478782694,-4.7870789126958633e-4,0.0012473130395772637,0.40633873790413866,FALSE,not_significant
animation,referential,222,43018,43240,1.0947283029283558e-11,0.00513413506012951,-0.0035968252396965162,-0.002247644449302175,2.6378995251285685e-11,TRUE,below_baseline
session,referential,294,42868,43162,0.003843242075098113,0.006811547194291274,-0.0020216110484512586,-4.6803437222390305e-4,0.00541301700718044,TRUE,below_baseline
intellij-idea,referential,291,42803,43094,0.0024855961714429077,0.006752680187497099,-0.002077752959095309,-5.296264751682036e-4,0.003576397368982601,TRUE,below_baseline
django-models,referential,226,42799,43025,7.957638741004417e-11,0.005252760023242301,-0.0034875843747838933,-0.0021196353879892153,1.8506136606987017e-10,TRUE,below_baseline
laravel-5,referential,282,42681,42963,5.437774520793101e-4,0.006563787445010823,-0.0022569987867592867,-7.281661324767775e-4,8.36580695506631e-4,TRUE,below_baseline
curl,referential,280,42567,42847,4.308269227509308e-4,0.006534879921581441,-0.0022852654853723724,-7.577144807224564e-4,6.679487174433037e-4,TRUE,below_baseline
hadoop,referential,234,42519,42753,2.3595922398128315e-9,0.005473300119289874,-0.003283350234775516,-0.001882789335902446,5.1859170105776524e-09,TRUE,below_baseline
javascript,missing_info,45493,2436890,2482383,6.202533518237169e-35,0.018326342067279705,8.992865357051219e-4,0.0012490767841257348,2.10255373499565e-34,TRUE,above_baseline
python,missing_info,38120,2132493,2170613,8.0380318194438e-4,0.017561859253584125,1.272635381785445e-4,4.92134154261152e-4,0.001148290259920543,TRUE,above_baseline
java,missing_info,38624,1847470,1886094,4.125343870062951e-232,0.020478300657337332,0.0030173273631285036,0.0034349531368176064,1.178669677160843e-230,TRUE,above_baseline
c#,missing_info,32941,1571152,1604093,2.4831822132542397e-207,0.020535592387723154,0.003057784757235309,0.0035090792034824453,4.1386370220904e-206,TRUE,above_baseline
php,missing_info,29276,1417185,1446461,1.3903935447897819e-156,0.020239743760806547,0.0027521852055766454,0.0032229815013078956,1.7379919309872274e-155,TRUE,above_baseline
android,missing_info,28614,1341148,1369762,2.538933174028186e-219,0.0208897604109327,0.003392428316387789,0.00388277169074906,5.077866348056372e-218,TRUE,above_baseline
html,missing_info,21753,1151641,1173394,1.8468938282062865e-25,0.0185385301100909,0.001036740841391212,0.0015359985640620328,5.3533154440761925e-25,TRUE,above_baseline
jquery,missing_info,21796,998073,1019869,8.968347845011812e-213,0.02137137220564602,0.003833684706239218,0.00440473889032427,1.6306086990930568e-211,TRUE,above_baseline
c++,missing_info,12541,795644,808185,4.0635201282775205e-32,0.015517486714056805,-0.0020091938244885944,-0.001460153562126348,1.3323016814024657e-31,TRUE,below_baseline
css,missing_info,13648,784168,797816,0.3263150950589702,0.01710670129453408,-4.3478144524511803e-4,1.4386321958472376e-4,0.35469032071627193,FALSE,not_significant
sql,missing_info,13819,658176,671995,1.8144655257228605e-93,0.020564141102240346,0.002968635804711465,0.003655325585040673,1.2513555349812831e-92,TRUE,above_baseline
ios,missing_info,11112,657503,668615,8.837876748681076e-5,0.016619429716653082,-9.436109754172757e-4,-3.218504060051135e-4,1.3290040223580565e-4,TRUE,below_baseline
mysql,missing_info,14060,639686,653746,8.716806095828052e-149,0.021506823751120466,0.0038991272006854683,0.004610199486826909,9.685340106475613e-148,TRUE,above_baseline
r,missing_info,6504,496526,503030,1.1315671934809328e-120,0.012929646343160447,-0.004639074679329036,-0.004005953449078623,1.0286974486190299e-119,TRUE,below_baseline
reactjs,missing_info,10208,447792,458000,2.13275113857546e-147,0.022288209606986898,0.004605325143524207,0.005466773255721036,2.2450011985004844e-146,TRUE,above_baseline
node.js,missing_info,9005,446443,455448,3.5774521560486223e-38,0.019771741230612497,0.0021118860613088992,0.002927275585187541,1.30089169310859e-37,TRUE,above_baseline
arrays,missing_info,8040,408249,416289,4.7190846665056004e-24,0.019313505761622333,0.0016400039670970022,0.00248268674141911,1.2584225777348267e-23,TRUE,above_baseline
c,missing_info,7141,398997,406138,0.10875800242247036,0.017582693567211146,-7.705749798029915e-5,7.381238176740377e-4,0.12795059108525925,FALSE,not_significant
asp.net,missing_info,8125,359816,367941,5.528532629581116e-110,0.02208234472374647,0.004352475052153532,0.005307893580610853,4.807419677896623e-109,TRUE,above_baseline
json,missing_info,8839,347543,356382,4.669925089857602e-257,0.024802038262314034,0.0070365943373828605,0.008063161372516652,1.5566416966192007e-255,TRUE,above_baseline
.net,missing_info,5431,330435,335866,1.716899963986287e-6,0.01617013928173736,-0.0015117922222318463,-6.522500290219889e-4,2.8378511801426233e-6,TRUE,below_baseline
sql-server,missing_info,7231,327667,334898,1.7642972460539354e-81,0.02159164880053031,0.0038444445398023498,0.0048345322465297175,1.1382562877767325e-80,TRUE,above_baseline
python-3.x,missing_info,5528,329072,334600,0.0012579547319156884,0.01652121936640765,-0.0011660163666463398,-2.9586571526691197e-4,0.0017593772474345291,TRUE,below_baseline
ruby-on-rails,missing_info,8367,324370,332737,1.286737492712021e-262,0.0251459861692568,0.007359261217942304,0.008428390305842746,5.146949970848084e-261,TRUE,above_baseline
swift,missing_info,6104,322120,328224,4.259929621772955e-9,0.018597055669299017,8.797542330868844e-4,0.0018100362907825956,7.344706244436129e-9,TRUE,above_baseline
django,missing_info,9103,296060,305163,0,0.02982995972644128,0.011971950341597856,0.013183648296556147,0,TRUE,above_baseline
angular,missing_info,6666,291551,298217,6.183329493394005e-100,0.022352850441121733,0.004567540413411171,0.005633839654103742,4.756407302610773e-99,TRUE,above_baseline
objective-c,missing_info,4748,282719,287467,0.0026036886053138497,0.01651667843613354,-0.0012043287276608543,-2.6663521480062145e-4,0.003566696719608013,TRUE,below_baseline
excel,missing_info,4788,282264,287052,0.019233127451327374,0.016679904686258934,-0.0010436822349653217,-1.0082920724536381e-4,0.023892083790468786,TRUE,below_baseline
pandas,missing_info,4852,282061,286913,0.16302474199745534,0.01691104969102132,-8.158107522863096e-4,1.33589319600398e-4,0.185255388633472,FALSE,not_significant
regex,missing_info,3471,257243,260714,2.2378820762882297e-53,0.013313439247604655,-0.004381780813495606,-0.0034956615060236372,1.0656581315658236e-52,TRUE,below_baseline
angularjs,missing_info,5378,250766,256144,2.2538634580403247e-47,0.020996002248735088,0.0031861506022603024,0.004301533080481319,9.590908332086488e-47,TRUE,above_baseline
typescript,missing_info,4019,223252,227271,0.11585928205711694,0.017683734396381413,-1.1281807582382811e-4,9.759660538581013e-4,0.13472009541525226,FALSE,not_significant
ruby,missing_info,4696,222115,226811,3.7198545383276914e-36,0.020704463187411544,0.002863952740909989,0.004040652819184545,1.3052121187114706e-35,TRUE,above_baseline
linux,missing_info,2742,221040,223782,3.1226132996539726e-73,0.012252996219535083,-0.00545797444767422,-0.004540353927984167,1.951633312283733e-72,TRUE,below_baseline
ajax,missing_info,5690,211964,217654,1.2101950890406452e-219,0.026142409512345283,0.00821787748561151,0.009562620724350502,2.6893224200903224e-218,TRUE,above_baseline
iphone,missing_info,2829,214019,216848,8.478352456980234e-51,0.013046004574632923,-0.00468661700307771,-0.0037256946623849983,3.8537965713546523e-50,TRUE,below_baseline
vba,missing_info,3915,211361,215276,9.275973985965383e-4,0.01818595663241606,3.669073085580914e-4,0.0015006851415454753,0.001306475209290899,TRUE,above_baseline
xml,missing_info,4348,207386,211734,8.210553512653073e-31,0.02053519982619702,0.0026766858876203043,0.003889392950045184,2.6485656492429265e-30,TRUE,above_baseline
laravel,missing_info,5830,203447,209277,1.1460371057462341e-299,0.027857815240088495,0.009898649091733866,0.011312660573714571,5.73018552873117e-298,TRUE,above_baseline
spring,missing_info,5277,201363,206640,1.2042547246742772e-181,0.025537166085946573,0.007602830262874174,0.008967181094290417,1.852699576421965e-180,TRUE,above_baseline
asp.net-mvc,missing_info,5302,192818,198120,7.139810867254154e-229,0.02676155865132243,0.008796827867826254,0.010221968620090055,1.7849527168135384e-227,TRUE,above_baseline
database,missing_info,3549,188106,191655,2.2709255959959295e-5,0.018517648900367847,6.596536824384924e-4,0.0018713233035686488,3.520814877513069e-5,TRUE,above_baseline
wordpress,missing_info,2684,182352,185036,1.4994779349214913e-19,0.014505285457964937,-0.003294157873498624,-0.0021995920253000565,3.613199843184317e-19,TRUE,below_baseline
string,missing_info,2998,181556,184554,9.256760288187384e-4,0.016244567985521853,-0.001586715292960571,-4.284695507242765e-4,0.001306475209290899,TRUE,below_baseline
postgresql,missing_info,3090,173296,176386,0.3922714346548342,0.017518397151701382,-3.4824880871044833e-4,8.807222973846591e-4,0.4240772266538749,FALSE,not_significant
flutter,missing_info,3704,167641,171345,2.0885678169321536e-43,0.021617205054130555,0.0036744527507789272,0.005055636542753628,8.354271267728614e-43,TRUE,above_baseline
mongodb,missing_info,3172,167938,171110,4.732086096702163e-5,0.01853778271287476,6.443651739278934e-4,0.00192687943709307,7.169827419245702e-5,TRUE,above_baseline
wpf,missing_info,2803,164864,167667,0.09391206155441097,0.016717660601072364,-0.0011504278264725973,8.14282138887724e-5,0.11180007327906068,FALSE,not_significant
windows,missing_info,1994,162416,164410,4.8291389590064015e-57,0.012128216045252722,-0.00565562900274524,-0.004592259721477868,2.414569479503201e-56,TRUE,below_baseline
bash,missing_info,1962,154259,156221,7.796272268873355e-46,0.012559130974708906,-0.005247734223659789,-0.004138324641650953,3.182151946478921e-45,TRUE,below_baseline
xcode,missing_info,2292,152692,154984,1.1067448204656614e-13,0.01478862334176431,-0.003066762279243578,-0.0018603118519563548,2.2134896409313228e-13,TRUE,below_baseline
amazon-web-services,missing_info,2749,151121,153870,0.0654412149693145,0.017865730811724184,-5.036371704567478e-5,0.0012775045257654898,0.07884483731242711,FALSE,not_significant
oracle-database,missing_info,3194,148334,151528,4.426683779455059e-30,0.021078612533657146,0.0031012912041667924,0.004551613048418947,1.383338681079706e-29,TRUE,above_baseline
git,missing_info,1556,149942,151498,2.3634766700647806e-96,0.010270762650332018,-0.007491793674442802,-0.006471001839621715,1.6881976214748432e-95,TRUE,below_baseline
dataframe,missing_info,2254,145489,147743,4.210040744456923e-9,0.015256221952985928,-0.0026231328142190345,-0.0013687440945376623,7.321809990359866e-9,TRUE,below_baseline
spring-boot,missing_info,3829,141723,145552,1.1312797901416882e-153,0.02630674947784984,0.008230707774738753,0.009878470366232375,1.3309174001666922e-152,TRUE,above_baseline
azure,missing_info,2795,139714,142509,9.057667458915125e-12,0.019612796384789733,0.001638791138614488,0.0030824808162364247,1.661957331911032e-11,TRUE,above_baseline
list,missing_info,2560,138877,141437,0.014647744075617294,0.01809993141822861,1.51029804230935e-4,0.0015445122174977339,0.018541448196983917,TRUE,above_baseline
multithreading,missing_info,2240,137096,139336,7.742693078351611e-4,0.01607624734454843,-0.0018383638806724562,-5.134622449592377e-4,0.001114056558036203,TRUE,below_baseline
firebase,missing_info,3104,135835,138939,1.0157406453180913e-47,0.022340739461202398,0.0043097098900634,0.005867448217612842,4.514402868080406e-47,TRUE,above_baseline
vb.net,missing_info,2495,136349,138844,0.04061464582253389,0.0179698078418945,1.693871421766242e-5,0.0014183561548427829,0.049530055881138894,TRUE,above_baseline
docker,missing_info,2957,131351,134308,1.0140934283946446e-40,0.022016558954045924,0.003977888115940292,0.005550908977423003,3.900359339979402e-40,TRUE,above_baseline
react-native,missing_info,2472,125881,128353,3.667170040368164e-8,0.01925938622392932,0.0012535293552134812,0.002760922277916604,6.268666735672075e-8,TRUE,above_baseline
eclipse,missing_info,1928,120176,122104,9.034990095636131e-5,0.015789818515363954,-0.0021635272413283646,-7.611565426722821e-4,1.3485059844233033e-4,TRUE,below_baseline
algorithm,missing_info,1737,118915,120652,2.940771403965303e-14,0.014396777508868482,-0.003529571582090294,-0.0021811942149012964,6.001574293806741e-14,TRUE,below_baseline
powershell,missing_info,1543,116636,118179,2.04416992408395e-28,0.013056465192631516,-0.004845012521620906,-0.003546377907844614,6.19445431540591e-28,TRUE,below_baseline
macos,missing_info,1243,113546,114789,1.5867848593758834e-62,0.010828563712550855,-0.007024601087810779,-0.005822592301816066,9.33402858456402e-62,TRUE,below_baseline
numpy,missing_info,1609,112481,114090,3.5413830174496154e-16,0.0141029012183364,-0.003835482289918209,-0.0024630360881375437,7.455543194630769e-16,TRUE,below_baseline
visual-studio,missing_info,1556,111924,113480,6.117847457563072e-20,0.0137116672541417,-0.004219126488848585,-0.00286185981759657,1.529461864390768e-19,TRUE,below_baseline
forms,missing_info,2596,109174,111770,8.832489452853203e-53,0.02322626822939966,0.005089529726506586,0.006858685917564181,4.108134629234049e-52,TRUE,above_baseline
image,missing_info,1945,109436,111381,0.5905400056671288,0.017462583384957937,-5.606180208224586e-4,9.814639760097796e-4,0.6249100589070146,FALSE,not_significant
function,missing_info,1749,109118,110867,1.648305344272183e-4,0.015775659123093436,-0.0022118514338163157,-7.411511347253666e-4,2.4239784474590928e-4,TRUE,below_baseline
scala,missing_info,1467,109279,110746,1.6293244491398755e-24,0.013246528091308038,-0.004681017734226551,-0.0033302468978859264,4.46390260038322e-24,TRUE,below_baseline
vue.js,missing_info,1829,103250,105079,0.7024518962723385,0.017405951712521055,-6.386706870625468e-4,9.462532973761041e-4,0.7279294261889517,FALSE,not_significant
twitter-bootstrap,missing_info,2150,99266,101416,5.988878307014982e-22,0.021199810680760434,0.003059542226752512,0.004835758320039802,1.5555528070168786e-21,TRUE,above_baseline
performance,missing_info,1790,99368,101158,0.28034051417450556,0.017695090847980387,-3.7121078284681284e-4,0.0012570716640790342,0.30806649909286327,FALSE,not_significant
winforms,missing_info,1718,96788,98506,0.6504251315079627,0.01744056199622358,-6.307562266112227e-4,0.0010075594043298284,0.6846580331662765,FALSE,not_significant
selenium,missing_info,3346,94748,98094,0,0.03411013925418476,0.015720889841228793,0.017995067852412176,0,TRUE,above_baseline
loops,missing_info,1706,94484,96190,0.250382971303381,0.01773573136500676,-3.5218199663282794e-4,0.0013193239119177916,0.2782033014482011,FALSE,not_significant
kotlin,missing_info,1749,92667,94416,0.0027365663653308218,0.018524402643619726,4.1056941032139866e-4,0.0021339150621894993,0.0037232195446677847,TRUE,above_baseline
sqlite,missing_info,1722,92063,93785,0.009247072765855522,0.018361145172468944,2.48161510592174e-4,0.001969808019617161,0.01209436707001543,TRUE,above_baseline
matlab,missing_info,1201,92188,93389,7.6113190198648275e-25,0.012860186959920333,-0.005116497882913806,-0.003667449011974081,2.1142552832957853e-24,TRUE,below_baseline
python-2.7,missing_info,1600,91482,93082,0.8828455600462617,0.017189145054897832,-8.996418700299876e-4,7.736111650970985e-4,0.8917631919659209,FALSE,not_significant
hibernate,missing_info,2618,90222,92840,8.020601562985836e-144,0.02819905213270142,0.009880756960913223,0.012013026489761066,8.020601562985836e-143,TRUE,above_baseline
shell,missing_info,1184,91260,92444,3.6594923747719294e-25,0.012807753883432131,-0.005171146345087531,-0.0037176667027767605,1.030842922470966e-24,TRUE,below_baseline
express,missing_info,2114,90136,92250,1.1812736915330915e-39,0.022915989159891598,0.004696800281815427,0.006630857223239215,4.3750877464188576e-39,TRUE,above_baseline
dart,missing_info,1878,90005,91883,1.3417460771667474e-13,0.020439036600894616,0.0022704695496720047,0.004103282837388674,2.656922925082668e-13,TRUE,above_baseline
entity-framework,missing_info,2358,88133,90491,1.7340331929232926e-91,0.02605784000618846,0.0077663952192401475,0.009844963978408222,1.1560221286155285e-90,TRUE,above_baseline
csv,missing_info,1889,87710,89599,1.5514969486421084e-18,0.021082824585095816,0.002888541903419334,0.004772786452043744,3.65058105562849e-18,TRUE,above_baseline
rest,missing_info,1718,87661,89379,6.4151870948645445e-6,0.01922151735866367,0.0010676925468835314,0.0028710213557152525,1.0264299351783273e-5,TRUE,above_baseline
apache,missing_info,1375,87908,89283,2.2144845144252792e-5,0.015400468174232497,-0.002661111009570031,-0.0010422734566935287,3.460132053789499e-5,TRUE,below_baseline
maven,missing_info,2198,84887,87085,7.276616301953416e-73,0.025239708330941035,0.006944470165115645,0.009030625682037871,4.4100704860323735e-72,TRUE,above_baseline
android-studio,missing_info,1898,84864,86762,1.705601994500211e-25,0.021875936469883128,0.003649027476741049,0.005598524648296653,5.016476454412385e-25,TRUE,above_baseline
linq,missing_info,2039,84418,86457,3.721672157797013e-46,0.023583978162554795,0.005318941322877867,0.007344694187503169,1.5506967324154223e-45,TRUE,above_baseline
dictionary,missing_info,1511,84245,85756,0.4092552208291364,0.017619758384252997,-5.14514394025665e-4,0.001249710347803105,0.4400593772356305,FALSE,not_significant
qt,missing_info,950,83812,84762,1.5891109593951725e-41,0.011207852575446544,-0.006754942111379827,-0.005333673552455639,6.231807683902637e-41,TRUE,below_baseline
asp.net-core,missing_info,2051,81919,83970,4.316441600125232e-57,0.024425390020245324,0.006127826568364635,0.00821863265739746,2.2135597949360166e-56,TRUE,above_baseline
unit-testing,missing_info,1358,82020,83378,0.032663830950409936,0.01628727002326753,-0.0018256613018149486,-1.0411946637854544e-4,0.04007832018455207,TRUE,below_baseline
facebook,missing_info,950,80894,81844,3.0536255197824834e-35,0.011607448316309076,-0.006380399286662277,-0.004909024895448125,1.0529743171663735e-34,TRUE,below_baseline
swing,missing_info,979,80121,81100,1.0821094565997557e-29,0.012071516646115906,-0.00593406041569737,-0.00442722710679937,3.3295675587684796e-29,TRUE,below_baseline
file,missing_info,1375,79191,80566,0.6865885606801109,0.017066752724474343,-0.0010812972059179716,7.104818401381033e-4,0.7151964173751155,FALSE,not_significant
class,missing_info,1457,78015,79472,0.019440173076220296,0.018333501107308234,1.4716058980464178e-4,0.0020155208100832724,0.024000213674346044,TRUE,above_baseline
apache-spark,missing_info,1425,77789,79214,0.11173330513167451,0.01798924432549802,-1.8997468490255533e-4,0.0016641425211700396,0.1306822282241807,FALSE,not_significant
tensorflow,missing_info,1252,76589,77841,0.012452959103785993,0.016084068806926942,-0.0020533776741330787,-2.828055267415908e-4,0.015965332184341017,TRUE,below_baseline
sorting,missing_info,1378,75471,76849,0.14890976052588276,0.0179312678109019,-2.605776399482665e-4,0.0016187924470235098,0.1701825834581517,FALSE,not_significant
date,missing_info,1218,75496,76714,0.003495072196490116,0.015877154104857003,-0.0022611071390924854,-4.88905465922063e-4,0.004691372075825659,TRUE,below_baseline
unity-game-engine,missing_info,1048,73839,74887,8.03957616103165e-12,0.013994418256840306,-0.0041006953501247665,-0.002414788950923175,1.4888104001910465e-11,TRUE,below_baseline
t-sql,missing_info,1480,72068,73548,2.396354845182669e-9,0.0201229129276119,0.001854568019335722,0.0038869370211595247,4.204131307338016e-9,TRUE,above_baseline
go,missing_info,939,71829,72768,2.3058161720151827e-19,0.012904023746701847,-0.005169822551022291,-0.0035264507703025687,5.490038504798054e-19,TRUE,below_baseline
authentication,missing_info,1167,71495,72662,0.013773781828872648,0.016060664446340592,-0.0021070278417163794,-2.7596408033099074e-4,0.017546218890283627,TRUE,below_baseline
symfony,missing_info,1506,71140,72646,6.613293541799924e-13,0.020730666519835916,0.002441084832313937,0.004515927392629341,1.2717872195769086e-12,TRUE,above_baseline
for-loop,missing_info,1241,70531,71772,0.9366235971336726,0.017290865518586634,-9.163900037361572e-4,9.938002261808726e-4,0.9366235971336726,FALSE,not_significant
.htaccess,missing_info,1152,70544,71696,0.015016214761130856,0.016067841999553672,-0.0021061792040484254,-2.624576115727845e-4,0.01888832045425265,TRUE,below_baseline
matplotlib,missing_info,936,70538,71474,1.5373989877534463e-17,0.0130956711531466,-0.004991578490913789,-0.0033214000175215658,3.49408860853056e-17,TRUE,below_baseline
datetime,missing_info,1169,69951,71120,0.0954870477863887,0.01643700787401575,-0.0017510904056567797,1.2078533895972345e-4,0.11300242341584461,FALSE,not_significant
opencv,missing_info,1380,69526,70906,6.410558142649636e-6,0.019462386821989676,0.0011920730004165965,0.0032283798288342018,1.0264299351783273e-5,TRUE,above_baseline
google-chrome,missing_info,1028,68188,69216,1.2768489908409706e-6,0.014852057327785483,-0.0033027596355441257,-0.001497446523613462,2.1280816514016177e-6,TRUE,below_baseline
codeigniter,missing_info,1623,66983,68606,7.741222612434981e-38,0.023656823018394894,0.005266229679692098,0.007543095542369136,2.764722361583922e-37,TRUE,above_baseline
perl,missing_info,1154,66879,68033,0.562111783813491,0.016962356503461555,-0.0012615422880315375,6.819344802260942e-4,0.5979912593760542,FALSE,not_significant
validation,missing_info,1262,65213,66475,6.146048573883751e-4,0.018984580669424597,6.936700578675202e-4,0.0027711704662531193,8.907316773744566e-4,TRUE,above_baseline
http,missing_info,1119,65290,66409,0.42685486441925935,0.016850125735969522,-0.0013823547993563228,5.782854565668132e-4,0.4565292667585662,FALSE,not_significant
sockets,missing_info,1039,63824,64863,0.015946292432812,0.01601837719501102,-0.002201371685538687,-2.661947391678235e-4,0.019932865541014998,TRUE,below_baseline
object,missing_info,1213,63487,64700,0.0035238723294585455,0.01874806800618238,4.494776820148957e-4,0.002542337515621312,0.00469849643927806,TRUE,above_baseline
google-maps,missing_info,1028,63496,64524,0.010109735273651452,0.015932056289132725,-0.0022876561190945687,-3.5255211736853547e-4,0.013044819707937357,TRUE,below_baseline
uitableview,missing_info,1621,61902,63523,2.1084342672748442e-57,0.02551831620043134,0.0070387394039944035,0.009493572182139724,1.1097022459341287e-56,TRUE,above_baseline
xaml,missing_info,1030,61188,62218,0.18206751815792646,0.016554694782860264,-0.001701430775537648,3.064995265296235e-4,0.205726009217996,FALSE,not_significant
if-statement,missing_info,1013,61003,62016,0.0796200424292224,0.016334494324045407,-0.001916680047346398,8.134788070865775e-5,0.09535334422661364,FALSE,not_significant
oop,missing_info,801,61194,61995,1.2835734174977902e-16,0.012920396806194048,-0.005222271193156162,-0.003441256009184296,2.790376994560413e-16,TRUE,below_baseline
ubuntu,missing_info,812,58117,58929,9.923896857749718e-11,0.013779293726348656,-0.004415530217924123,-0.0025302031441071177,1.788089523918868e-10,TRUE,below_baseline
cordova,missing_info,860,57369,58229,4.296685850402911e-6,0.014769273042641983,-0.0034640652080209023,-0.001501709521423685,7.043747295742477e-6,TRUE,below_baseline
visual-studio-code,missing_info,661,57539,58200,1.0024727684223235e-27,0.011357388316151202,-0.006757252490691525,-0.005032291691734625,2.9924560251412645e-27,TRUE,below_baseline
email,missing_info,960,57005,57965,0.202259794533463,0.01656171827827137,-0.0017307061846571008,3.4982192647128895e-4,0.2272581961050146,FALSE,not_significant
android-layout,missing_info,1374,56347,57721,1.5390083179415756e-33,0.023804161397065194,0.005307309765090871,0.007796692214310963,5.130027726471919e-33,TRUE,above_baseline
ms-access,missing_info,1002,56694,57696,0.8325890321612067,0.017366888519134774,-9.524982231080708e-4,0.001181954446649065,0.8495806450624559,FALSE,not_significant
web-services,missing_info,1034,56637,57671,0.2123003799196231,0.017929288550571344,-4.071244813824732e-4,0.0017613807677966068,0.23720712840181352,FALSE,not_significant
spring-mvc,missing_info,1640,55574,57214,3.3441728484425133e-97,0.02866431293040165,0.010043883889257487,0.012780421156817257,2.47716507292038e-96,TRUE,above_baseline
ggplot2,missing_info,702,56490,57192,6.57728966381087e-20,0.012274443978178767,-0.005881638757824472,-0.004073794100546548,1.6240221392125606e-19,TRUE,below_baseline
parsing,missing_info,993,56013,57006,0.7596377447605122,0.017419219029575835,-9.081755908807671e-4,0.0012422928353038826,0.7791156356518073,FALSE,not_significant
pointers,missing_info,1016,55918,56934,0.2777267229910181,0.017845224294797485,-4.956587895025226e-4,0.0016817865643689387,0.3068803568961526,FALSE,not_significant
github,missing_info,567,56087,56654,5.6805180609116015e-40,0.010008119461997388,-0.00806535895136206,-0.006422722939371717,2.1435917210987177e-39,TRUE,below_baseline
user-interface,missing_info,721,55801,56522,2.366481147482213e-16,0.01275609497186936,-0.005422695878602082,-0.0035694349923877516,5.035066271238751e-16,TRUE,below_baseline
kubernetes,missing_info,1298,55215,56513,2.0242453941045795e-25,0.02296816661653071,0.004479824527926298,0.006952187890406569,5.783558268870227e-25,TRUE,above_baseline
c++11,missing_info,720,55789,56509,1.905611281179295e-16,0.012741333238953087,-0.005437036091105797,-0.003584618245716583,4.0980887767296663e-16,TRUE,below_baseline
selenium-webdriver,missing_info,1817,54329,56146,1.0166750285126436e-165,0.032362056068108144,0.013645219759184942,0.01657457156230279,1.3555667046835249e-164,TRUE,above_baseline
google-sheets,missing_info,1820,54189,56009,3.3640077570027577e-168,0.03249477762502455,0.013773253848663819,0.016711980586656724,4.805725367146797e-167,TRUE,above_baseline
elasticsearch,missing_info,1695,54236,55931,9.449074504814426e-124,0.030305197475460836,0.011631384858647075,0.014474689277546044,8.999118576013739e-123,TRUE,above_baseline
google-apps-script,missing_info,2395,52840,55235,0,0.0433601882864126,0.024408737951245887,0.027807317806850765,0,TRUE,above_baseline
templates,missing_info,726,54480,55206,1.4215977202898243e-13,0.013150744484295184,-0.0050531494461404525,-0.003149682399997732,2.7874465103722046e-13,TRUE,below_baseline
ruby-on-rails-3,missing_info,1169,53922,55091,9.251004296149838e-13,0.021219436931622225,0.002762714850258018,0.005171838198257879,1.7620960564094929e-12,TRUE,above_baseline
security,missing_info,478,54460,54938,2.089385935527096e-53,0.008700717172084895,-0.009329800285257183,-0.00777308618530158,1.0192126514766321e-52,TRUE,below_baseline
variables,missing_info,868,52799,53667,0.0553015632602495,0.016173812585015,-0.0021468690176217105,-9.826627076841296e-6,0.06703219789121152,FALSE,not_significant
machine-learning,missing_info,794,52727,53521,1.787414405790539e-5,0.014835298294127539,-0.0034424117709046806,-0.001391312455568796,2.814825835890613e-5,TRUE,below_baseline
flask,missing_info,1104,52325,53429,1.4788637186011506e-09,0.020662935858803272,0.0022034302470192967,0.004618120655858694,2.6174579090285853e-9,TRUE,above_baseline
sql-server-2008,missing_info,1142,52246,53388,2.24272936516782e-13,0.021390574660972505,0.0029100192656902014,0.005366809241526255,4.354814301296738e-13,TRUE,above_baseline
exception,missing_info,1198,51846,53044,4.5556499245115734e-21,0.022585023753864716,0.004067390882065318,0.006598335810935561,1.1533290948130566e-20,TRUE,above_baseline
tkinter,missing_info,620,51700,52320,2.48692125155238e-21,0.011850152905198776,-0.006330718556013649,-0.004473296448317352,6.376721157826615e-21,TRUE,below_baseline
delphi,missing_info,912,51254,52166,0.6863220803202901,0.017482651535482882,-8.954077039469857e-4,0.0013563899601841964,0.7151964173751155,FALSE,not_significant
nginx,missing_info,988,51062,52050,0.00247139047125913,0.018981748318924112,5.561012186417365e-4,0.002903074604477935,0.0034088144431160417,TRUE,above_baseline
listview,missing_info,1366,50328,51694,1.500343672654891e-57,0.026424730142763184,0.007788907776186509,0.010556231694611305,8.109965798134546e-57,TRUE,above_baseline
haskell,missing_info,549,50917,51466,1.977853201873018e-30,0.010667236622236039,-0.007474004769279237,-0.005695842800977239,6.278899053565136e-30,TRUE,below_baseline
debugging,missing_info,675,50544,51219,1.503410126971107e-12,0.013178703215603585,-0.005062463610796552,-0.003084450772724831,2.8366228810775602e-12,TRUE,below_baseline
asynchronous,missing_info,749,50347,51096,6.854484675369079e-6,0.014658681697197432,-0.0036368630458549697,-0.0015500943744787207,1.0880134405347745e-5,TRUE,below_baseline
jpa,missing_info,1366,49718,51084,9.541081076419546e-61,0.02674027092631744,0.008088176268664449,0.010888044769241876,5.300600598010859e-60,TRUE,above_baseline
jsp,missing_info,1120,49656,50776,9.991505473326025e-17,0.022057665038600915,0.0035269461129118305,0.0060840631495614455,2.2203345496280057e-16,TRUE,above_baseline
web-scraping,missing_info,1164,49483,50647,4.588289391825975e-23,0.02298260509013367,0.004424357639596094,0.007036531725942694,1.2074445767963092e-22,TRUE,above_baseline
gradle,missing_info,992,49363,50355,2.512676006139911e-5,0.0197001290835071,0.0012330548098216155,0.0036628825424640326,3.865655394061402e-5,TRUE,above_baseline
batch-file,missing_info,623,49551,50174,9.428573442919629e-17,0.012416789572288436,-0.005805735434122633,-0.0038650062360290477,2.1187805489707033e-16,TRUE,below_baseline
generics,missing_info,786,49168,49954,0.009252190808561803,0.01573447571766025,-0.0026102458212507043,-4.251235581573525e-4,0.01209436707001543,TRUE,below_baseline
xamarin,missing_info,946,48945,49891,0.003405380196280696,0.018961335711851837,5.112471544672158e-4,0.002907103454507905,0.004601865130109049,TRUE,above_baseline
pdf,missing_info,861,48854,49715,0.9093566713633219,0.0173187166851051,-0.00108139088351144,0.0012145034389930845,0.9139263028777104,FALSE,not_significant
google-cloud-platform,missing_info,1146,48181,49327,2.272274217643439e-24,0.023232712307661118,0.004650132197429589,0.007310971603164094,6.141281669306592e-24,TRUE,above_baseline
wcf,missing_info,1008,48247,49255,4.519246450488726e-8,0.02046492741853619,0.0019613000098495843,0.004464234012494241,7.65973974659106e-8,TRUE,above_baseline
amazon-s3,missing_info,891,48232,49123,0.1319536223436049,0.018138143028723817,-2.9530413834038985e-4,0.0020672693810594714,0.1516708302800056,FALSE,not_significant
ssl,missing_info,771,48235,49006,0.009859234936003105,0.015732767416234746,-0.002622388178545139,-4.16397803713922e-4,0.012804201215588448,TRUE,below_baseline
testing,missing_info,749,48024,48773,0.0013197805839564416,0.01535685727759211,-0.002987873621793407,-8.027326377509252e-4,0.001833028588828391,TRUE,below_baseline
jenkins,missing_info,615,47916,48531,9.736856680855432e-15,0.012672312542498608,-0.005576397217107147,-0.00358329851262419,2.0075993156402952e-14,TRUE,below_baseline
npm,missing_info,936,46569,47505,4.166019576542159e-5,0.019703189137985477,0.0012001729652965907,0.003701884495945809,6.360335231362075e-5,TRUE,above_baseline
unix,missing_info,605,46756,47361,7.509642704897181e-14,0.012774223517239924,-0.005490671835831129,-0.0034652019444175765,1.517099536342865e-13,TRUE,below_baseline
recursion,missing_info,818,46353,47171,0.8821000070786914,0.017341163002692332,-0.0010901788957730636,0.0012681840864291745,0.8917631919659209,FALSE,not_significant
ionic-framework,missing_info,972,45419,46391,9.753027312228977e-10,0.02095233989351383,0.0023958105498926223,0.005004548422406482,1.7416120200408888e-9,TRUE,above_baseline
network-programming,missing_info,544,45746,46290,1.0652216244165743e-19,0.01175199827176496,-0.006483293695712715,-0.004517030575485917,2.5981015229672546e-19,TRUE,below_baseline
google-app-engine,missing_info,872,45225,46097,0.006113604873120548,0.018916632318805995,4.197505298708633e-4,0.0029091932930125726,0.008097489898172912,TRUE,above_baseline
visual-studio-2010,missing_info,636,45031,45667,4.949580279646001e-8,0.013926905643024503,-0.00440133511927432,-0.0022491744094052272,8.318622318732774e-8,TRUE,below_baseline
mongoose,missing_info,979,44419,45398,1.8070493897025616e-12,0.021564826644345565,0.0029754466259987334,0.0056498858479638436,3.3776624106589934e-12,TRUE,above_baseline
assembly,missing_info,903,44115,45018,4.921849164638258e-6,0.020058643209382915,0.0015103147468167155,0.00410265085722056,8.003006771769526e-6,TRUE,above_baseline
.net-core,missing_info,880,43889,44769,9.511422171177403e-5,0.019656458710268266,0.0011173479436130983,0.00369124866219488,1.4090995809151708e-4,TRUE,above_baseline
android-fragments,missing_info,1354,42942,44296,2.081513917841085e-102,0.03056709409427488,0.011711009303289426,0.014918858070531778,1.665211134272868e-101,TRUE,above_baseline
math,missing_info,584,43690,44274,5.429741509861237e-11,0.013190585896914667,-0.005125595400572563,-0.002997553620326656,9.872257290656795e-11,TRUE,below_baseline
join,missing_info,970,42647,43617,1.358630691923077e-15,0.022239035238553775,0.003602014719217511,0.006371734943161485,2.8304806081730775e-15,TRUE,above_baseline
winapi,missing_info,514,42923,43437,4.392527765138687e-18,0.011833229735018533,-0.006437196731031577,-0.0044006646136599105,1.0215180849159738e-17,TRUE,below_baseline
svg,missing_info,524,42876,43400,1.2338375103640278e-16,0.012073732718894009,-0.0062072746527456054,-0.0041495807241949305,2.7117307920088525e-16,TRUE,below_baseline
rust,missing_info,354,42889,43243,1.817290673774741e-47,0.00818629604791527,-0.009916757017390075,-0.008214971701507938,7.901263799020613e-47,TRUE,below_baseline
animation,missing_info,513,42727,43240,8.017864099605738e-18,0.011864014801110084,-0.006410029806093553,-0.004366261406414833,1.8431871493346524e-17,TRUE,below_baseline
session,missing_info,735,42427,43162,0.7218762482951219,0.017028867985728186,-0.0014449817797039487,9.983969364317676e-4,0.7442023178300224,FALSE,not_significant
intellij-idea,missing_info,648,42446,43094,4.1720061912919486e-4,0.015036896087622407,-0.003365482719697413,-0.0010650459197863269,6.090519987287516e-4,TRUE,below_baseline
django-models,missing_info,1332,41693,43025,2.3467705214654678e-105,0.03095874491574666,0.012069115309848149,0.015344053706916615,1.9556421012212233e-104,TRUE,above_baseline
laravel-5,missing_info,1192,41771,42963,1.8733945118308973e-62,0.0277448036682727,0.008938721886602658,0.012046564635214188,1.0705111496176557e-61,TRUE,above_baseline
curl,missing_info,780,42067,42847,0.13048376307341078,0.018204308352976872,-3.147966938672549e-4,0.002219092585092446,0.15084828100972345,FALSE,not_significant
hadoop,missing_info,766,41987,42753,0.29163122519967105,0.017916871330666852,-5.937714471031996e-4,0.001923193293708351,0.3187226504914438,FALSE,not_significant
javascript,contradiction,153,2482230,2482383,0.0036526324432223627,6.163432475971677e-5,-2.741727392839216e-5,-6.621042064942897e-6,0.023565370601434595,TRUE,below_baseline
python,contradiction,125,2170488,2170613,7.04153283006939e-4,5.758741885356809e-5,-3.1773920599783365e-5,-1.0358207205849055e-5,0.006401393481881264,TRUE,below_baseline
java,contradiction,211,1885883,1886094,1.084862598871427e-6,1.1187141255950128e-4,1.770747062799636e-5,4.87283889782376e-5,2.169725197742854e-5,TRUE,above_baseline
c#,contradiction,177,1603916,1604093,1.5252796743382618e-5,1.1034272950508481e-4,1.504694177170776e-5,4.833155172569326e-5,2.1789709633403742e-4,TRUE,above_baseline
php,contradiction,125,1446336,1446461,0.3080391254308434,8.641781562033128e-5,-7.799528140326653e-6,2.332819386822061e-5,0.47028874111579144,FALSE,not_significant
android,contradiction,49,1369713,1369762,2.3222132062234806e-8,3.577263787431685e-5,-5.351419129699199e-5,-3.2247498467142906e-5,5.805533015558701e-7,TRUE,below_baseline
html,contradiction,60,1173334,1173394,9.376217669315088e-4,5.113371979062446e-5,-4.094143842153986e-5,-1.409808750997981e-5,0.007813514724429241,TRUE,below_baseline
jquery,contradiction,52,1019817,1019869,0.0018868156113455664,5.0986940479610615e-5,-4.197692043323636e-5,-1.3356164120311007e-5,0.013477254366754047,TRUE,below_baseline
c++,contradiction,200,807985,808185,1.8153685424815292e-59,2.4746809208287706e-4,1.3433678071080875e-4,2.0329243794217676e-4,3.6307370849630583e-57,TRUE,above_baseline
css,contradiction,46,797770,797816,0.03670108480275154,5.76574047148716e-5,-3.803576310774489e-5,-3.956392975280505e-6,0.13849465963302468,FALSE,not_significant
sql,contradiction,69,671926,671995,0.02919402751328002,1.0267933541172182e-4,-4.619882697891049e-7,4.851369358046414e-5,0.12249624994362553,FALSE,not_significant
ios,contradiction,43,668572,668615,0.19109958264699992,6.431204803960425e-5,-3.3891953821061885e-5,5.209084387501792e-6,0.3449995247620961,FALSE,not_significant
mysql,contradiction,57,653689,653746,0.4432931293930878,8.718982601805594e-5,-1.437735028310955e-5,3.145003680645283e-5,0.5779920992598356,FALSE,not_significant
r,contradiction,20,503010,503030,0.0019745665301929404,3.9759060095819336e-5,-5.668098595783673e-5,-2.11078593632932e-5,0.013617700208227175,TRUE,below_baseline
reactjs,contradiction,9,457991,458000,7.063375571117518e-6,1.965065502183406e-5,-7.232815057523163e-5,-4.567750489386885e-5,1.1772292618529198e-4,TRUE,below_baseline
node.js,contradiction,26,455422,455448,0.10312667936585626,5.708664875024152e-5,-4.3797802763652794e-5,6.641347513672257e-7,0.26626291993629214,FALSE,not_significant
arrays,contradiction,47,416242,416289,0.01385882021478878,1.1290233467615047e-4,1.7761217760035923e-6,6.672158206352874e-5,0.0692941010739439,FALSE,not_significant
c,contradiction,108,406030,406138,4.091488958629714e-39,2.659194657973398e-4,1.36993919354868e-4,2.3753804672704303e-4,4.091488958629714e-37,TRUE,above_baseline
asp.net,contradiction,27,367914,367941,0.7203252314717867,7.338133015891135e-5,-3.3179571485448776e-5,2.2635266290502882e-5,0.8139268152223579,FALSE,not_significant
json,contradiction,26,356356,356382,0.7032618664456963,7.295542423579193e-5,-3.396607877297158e-5,2.256996173178684e-5,0.7998931976007726,FALSE,not_significant
.net,contradiction,43,335823,335866,0.0014229285427061658,1.2802724896238382e-4,1.0943709991489944e-5,8.78038224205091e-5,0.010945604174662813,TRUE,above_baseline
sql-server,contradiction,33,334865,334898,0.19837472673820528,9.853746513863923e-5,-1.392303227833217e-5,5.369099704284203e-5,0.3449995247620961,FALSE,not_significant
python-3.x,contradiction,12,334588,334600,0.005401410925364984,3.5863717872086074e-5,-6.339257758754041e-5,-2.2186952181056042e-5,0.03273582379009081,TRUE,below_baseline
ruby-on-rails,contradiction,19,332718,332737,0.16310671796392512,5.7102155756648644e-5,-4.747345614619554e-5,4.370802146724227e-6,0.32621343592785024,FALSE,not_significant
swift,contradiction,26,328198,328224,0.9713039641335194,7.921419518377693e-5,-3.009511447084371e-5,3.1216539325628964e-5,0.9907722155853547,FALSE,not_significant
django,contradiction,15,305148,305163,0.06722097755790257,4.915405865062278e-5,-5.4628689050806816e-5,-4.370159160716227e-6,0.20369993199364417,FALSE,not_significant
angular,contradiction,15,298202,298217,0.08202997252835122,5.0298943386862585e-5,-5.405741050375837e-5,-2.6516682352850643e-6,0.22786103480097558,FALSE,not_significant
objective-c,contradiction,20,287447,287467,0.5850303672794102,6.957320318506124e-5,-3.977880316750394e-5,2.1618244024857825e-5,0.7048558641920605,FALSE,not_significant
excel,contradiction,16,287036,287052,0.16806357804792368,5.573902986218525e-5,-5.0457718019724686e-5,4.628812231326583e-6,0.3279107469286806,FALSE,not_significant
pandas,contradiction,6,286907,286913,4.977968736509195e-4,2.091226260225225e-5,-7.485072956047712e-5,-4.0631710747786984e-5,0.0049152023371066365,TRUE,below_baseline
regex,contradiction,33,260681,260714,0.0062371601113642905,1.2657548117860952e-4,4.591601379102072e-6,9.125239546534836e-5,0.03657023732504967,TRUE,above_baseline
angularjs,contradiction,5,256139,256144,7.512599398643084e-4,1.9520269848210383e-5,-7.661157639978832e-5,-4.1654849416559515e-5,0.006532695129254856,TRUE,below_baseline
typescript,contradiction,7,227264,227271,0.010240501405589384,3.080023408177902e-5,-7.094728839543681e-5,-2.475920895377375e-5,0.055354061651834506,FALSE,not_significant
ruby,contradiction,22,226789,226811,0.32742000233306656,9.699705922552258e-5,-2.2343171010370062e-5,5.903032394864662e-5,0.4891407734673403,FALSE,not_significant
linux,contradiction,16,223766,223782,0.7039060138886798,7.149815445388815e-5,-4.236900879279862e-5,2.805835218780633e-5,0.7998931976007726,FALSE,not_significant
ajax,contradiction,7,217647,217654,0.01463729235259725,3.216113648267434e-5,-7.05828891236909e-5,-2.240180342372902e-5,0.07140142611023048,FALSE,not_significant
iphone,contradiction,13,216835,216848,0.327724318223118,5.9949826606655355e-5,-5.148619473945355e-5,1.4078882439995658e-5,0.4891407734673403,FALSE,not_significant
vba,contradiction,11,215265,215276,0.15058441962724498,5.109719615749085e-5,-5.7961838821197557e-5,2.8492656234106495e-6,0.31371754089009374,FALSE,not_significant
xml,contradiction,15,211719,211734,0.6865027893058936,7.084360565615347e-5,-4.38371217224221e-5,2.821736752196044e-5,0.7936448431282007,FALSE,not_significant
laravel,contradiction,4,209273,209277,0.0021546013833833783,1.9113423835395194e-5,-7.860796058951108e-5,-4.0472157252467126e-5,0.014364009222555856,TRUE,below_baseline
spring,contradiction,12,206628,206640,0.29298568390434404,5.8072009291521487e-5,-5.363068248244741e-5,1.246773555272178e-5,0.4542413703943319,FALSE,not_significant
asp.net-mvc,contradiction,16,198104,198120,0.9161907007712785,8.075913587724612e-5,-3.762475859688253e-5,4.183606483860617e-5,0.9593619903364173,FALSE,not_significant
database,contradiction,18,191637,191655,0.45328092542843684,9.391876027236441e-5,-2.826681250555557e-5,5.879736753751579e-5,0.581129391574919,FALSE,not_significant
wordpress,contradiction,9,185027,185036,0.14640696224473962,4.8639183726409994e-5,-6.199050785895234e-5,1.961909799003723e-6,0.3122394117861358,FALSE,not_significant
string,contradiction,28,184526,184554,4.4300413334269636e-4,1.5171711260660836e-4,1.675879878434225e-5,1.2936846091610589e-4,0.00466320140360733,TRUE,above_baseline
postgresql,contradiction,15,176371,176386,0.7632034283558735,8.50407628723368e-5,-3.679452804066096e-5,4.956908827256597e-5,0.8477192393825614,FALSE,not_significant
flutter,contradiction,2,171343,171345,0.0017796487111240884,1.1672356940675247e-5,-8.35471433149062e-5,-5.04151083165119e-5,0.013182583045363619,TRUE,below_baseline
mongodb,contradiction,10,171100,171110,0.3471003394325561,5.8441937934661916e-5,-5.660806321828755e-5,1.618497357484278e-5,0.5017982457415259,FALSE,not_significant
wpf,contradiction,7,167660,167667,0.08898876275423508,4.1749419981272405e-5,-6.803667148679729e-5,-5.771454063426496e-6,0.23730336734462687,FALSE,not_significant
windows,contradiction,14,164396,164410,0.7671859116412181,8.515297123046044e-5,-3.824632667727405e-5,5.124530362542632e-5,0.8477192393825614,FALSE,not_significant
bash,contradiction,17,156204,156221,0.18076759615898944,1.088201970285685e-4,-2.1682441004783513e-5,8.201586954915191e-5,0.3347548077018323,FALSE,not_significant
xcode,contradiction,9,154975,154984,0.36202426392556825,5.807051050431012e-5,-5.8688219901982424e-5,1.7522275397834067e-5,0.5171775198936689,FALSE,not_significant
amazon-web-services,contradiction,8,153862,153870,0.23928868275753806,5.199194124910639e-5,-6.286501473299589e-5,9.541931718440067e-6,0.3988144712625635,FALSE,not_significant
oracle-database,contradiction,18,151510,151528,0.07955024536360863,1.1878992661422311e-4,-1.4853471735217758e-5,9.512635945089538e-5,0.22668481457773346,FALSE,not_significant
git,contradiction,19,151479,151498,0.04115861785366569,1.2541419688708762e-4,-9.740740468394626e-6,1.0326216872980128e-4,0.14966770128605705,FALSE,not_significant
dataframe,contradiction,3,147740,147743,0.01150745731240765,2.030553054967071e-5,-8.16009245039792e-5,-3.509497990944798e-5,0.05901260160209052,FALSE,not_significant
spring-boot,contradiction,9,145543,145552,0.47038877750561064,6.183357150709024e-5,-5.7373338112365635e-5,2.3733515613777523e-5,0.5963553943307514,FALSE,not_significant
azure,contradiction,5,142504,142509,0.06401117003841438,3.5085503371716875e-5,-7.452725175562363e-5,-1.2608707013711226e-5,0.2028883854245544,FALSE,not_significant
list,contradiction,15,141422,141437,0.2471317972085936,1.0605428565368327e-4,-2.6384879462603047e-5,8.118648525720098e-5,0.40184032066437986,FALSE,not_significant
multithreading,contradiction,31,139305,139336,1.9221977841283772e-9,2.2248378021473274e-4,6.543893293746837e-5,2.222216619792285e-4,5.491993668938221e-8,TRUE,above_baseline
firebase,contradiction,10,138929,138939,0.779481920075892,7.197403176933762e-5,-5.14296587306661e-5,3.8070756756572743e-5,0.8565735385449363,FALSE,not_significant
vb.net,contradiction,11,138833,138844,0.9808780650555531,7.922560571576734e-5,-4.638045706637571e-5,4.7524702985141786e-5,0.9907722155853547,FALSE,not_significant
docker,contradiction,4,134304,134308,0.043651651407979344,2.9782291449504125e-5,-7.827445473081851e-5,-1.9467927882941843e-5,0.15423420139233954,FALSE,not_significant
react-native,contradiction,5,128348,128353,0.10924534647769339,3.895506922315801e-5,-7.4028919563881e-5,-5.367907502571569e-6,0.26645206457973997,FALSE,not_significant
eclipse,contradiction,5,122099,122104,0.13789608822353208,4.094869946930485e-5,-7.377366305580822e-5,-1.6359035183506862e-6,0.2997741048337654,FALSE,not_significant
algorithm,contradiction,37,120615,120652,9.286532070511348e-19,3.066671087093459e-4,1.291512045283955e-4,3.2687604737752766e-4,4.643266035255674e-17,TRUE,above_baseline
powershell,contradiction,14,118165,118179,0.1241794744940704,1.1846436338097293e-4,-2.2342371881762388e-5,1.0196413313093965e-4,0.28670300931462356,FALSE,not_significant
macos,contradiction,9,114780,114789,0.9924356406008412,7.840472519143821e-5,-5.1594520701522204e-5,5.109700557163002e-5,0.9924356406008412,FALSE,not_significant
numpy,contradiction,6,114084,114090,0.32163900465442985,5.259006047856955e-5,-6.829356402584421e-5,1.616671947021471e-5,0.4873318252339846,FALSE,not_significant
visual-studio,contradiction,9,113471,113480,0.9801784765389541,7.930912936200212e-5,-5.127952252930789e-5,5.2590815740543524e-5,0.9907722155853547,FALSE,not_significant
forms,contradiction,3,111767,111770,0.05097692761688936,2.6840833855238436e-5,-8.239409297680285e-5,-2.1231204825488886e-5,0.1659351844694853,FALSE,not_significant
image,contradiction,4,111377,111381,0.10811603628977207,3.5912767886802956e-5,-7.811460357890444e-5,-7.366826160258244e-6,0.26645206457973997,FALSE,not_significant
function,contradiction,14,110853,110867,0.07484819186269667,1.2627743151704293e-4,-1.8615122410356954e-5,1.1386301993167422e-4,0.22342743839610948,FALSE,not_significant
scala,contradiction,10,110736,110746,0.6630206996234095,9.02967150055081e-5,-4.443348010981671e-5,6.771994460806431e-5,0.7716659619565317,FALSE,not_significant
vue.js,contradiction,2,105077,105079,0.029399099986470126,1.9033298756173926e-5,-8.623880335191968e-5,-3.300156464850107e-5,0.12249624994362553,FALSE,not_significant
twitter-bootstrap,contradiction,2,101414,101416,0.034419738672192,1.972075412163761e-5,-8.64957631206146e-5,-3.136969414887879e-5,0.13497936734192942,FALSE,not_significant
performance,contradiction,16,101142,101158,0.004517585753700472,0.00015816840981434984,1.9377509440148894e-6,1.5709210317191617e-4,0.02823491096062795,TRUE,above_baseline
winforms,contradiction,8,98498,98506,0.9279685948282781,8.121332710697826e-5,-5.382795546536448e-5,5.89476441665524e-5,0.9666339529461231,FALSE,not_significant
selenium,contradiction,2,98092,98094,0.03972316834136702,2.038860684649418e-5,-8.674592542268415e-5,-2.978382639709609e-5,0.14712284570876674,FALSE,not_significant
loops,contradiction,8,96182,96190,0.8747953697587225,8.316872855806217e-5,-5.322478666593213e-5,6.225527826928787e-5,0.9290209606262129,FALSE,not_significant
kotlin,contradiction,9,94407,94416,0.5644977307959608,9.532282663955262e-5,-4.570639692473642e-5,7.904508469107306e-5,0.6842396736920737,FALSE,not_significant
sqlite,contradiction,5,93780,93785,0.3821849282768438,5.331342965292957e-5,-7.220543783655563e-5,2.1525331629646177e-5,0.5382886313758363,FALSE,not_significant
matlab,contradiction,5,93384,93389,0.3874500058093687,5.353949608626284e-5,-7.217693969091085e-5,2.194896635066793e-5,0.5408987783335846,FALSE,not_significant
python-2.7,contradiction,12,93070,93082,0.08476026033057361,1.2891858791173373e-4,-2.2758751203235902e-5,1.2328896151393476e-4,0.22908178467722598,FALSE,not_significant
hibernate,contradiction,5,92835,92840,0.39485610818351674,5.3856096510124945e-5,-7.213703672812358e-5,2.254226423560488e-5,0.5408987783335846,FALSE,not_significant
shell,contradiction,12,92432,92444,0.08042967587455692,0.00012980831638613647,-2.2371761726805607e-5,1.2468142898630996e-4,0.22668481457773346,FALSE,not_significant
express,contradiction,1,92249,92250,0.02023929668087424,1.084010840108401e-5,-8.935740719841499e-5,-4.62693415121856e-5,0.08995242969277441,FALSE,not_significant
dart,contradiction,0,91883,91883,0.007179574954768587,0,-8.222395790633921e-5,-7.508300760642939e-5,0.03988652752649215,TRUE,below_baseline
entity-framework,contradiction,11,90480,90491,0.14675252353948381,1.215590500712778e-4,-2.9014237571591377e-5,1.1482537220137839e-4,0.3122394117861358,FALSE,not_significant
csv,contradiction,7,89592,89599,0.9858183545074279,7.812587194053505e-5,-5.851077775595406e-5,5.745555612425556e-5,0.9907722155853547,FALSE,not_significant
rest,contradiction,5,89374,89379,0.4444952047153378,5.594155226619228e-5,-7.187441656669604e-5,2.6450555586312002e-5,0.5779920992598356,FALSE,not_significant
apache,contradiction,10,89273,89283,0.26243082377465465,1.1200340490350907e-4,-3.6157109747812034e-5,1.0285695404206157e-4,0.4201661291027945,FALSE,not_significant
maven,contradiction,4,87081,87085,0.27674269511791655,4.593213527013837e-5,-7.787436817238572e-5,1.2431673199893864e-5,0.4324104611217446,FALSE,not_significant
android-studio,contradiction,2,86760,86762,0.06492428333585741,2.305156635393375e-5,-8.774770620122945e-5,-2.3456126603671652e-5,0.2028883854245544,FALSE,not_significant
linq,contradiction,9,86448,86457,0.40001123727982,1.0409799090877546e-4,-4.265505442920033e-5,9.354407073398265e-5,0.5421316352490176,FALSE,not_significant
dictionary,contradiction,8,85748,85756,0.6296562940189622,9.328793320583982e-5,-5.0105119182330314e-5,7.937402008124136e-5,0.7407721106105437,FALSE,not_significant
qt,contradiction,5,84757,84762,0.5191134193006932,5.898869776550813e-5,-7.149131949552099e-5,3.216174951376865e-5,0.6369489807370469,FALSE,not_significant
asp.net-core,contradiction,7,83963,83970,0.8779248077917712,8.336310587114446e-5,-5.7146055725565734e-5,6.656530195508605e-5,0.9290209606262129,FALSE,not_significant
unit-testing,contradiction,11,83367,83378,0.0837085125151238,1.3192928590275612e-4,-2.4764567247835382e-5,1.3131617354057902e-4,0.22908178467722598,FALSE,not_significant
facebook,contradiction,0,81844,81844,0.011171564545172622,0,-8.222395790633921e-5,-7.508300760642939e-5,0.05879770813248749,FALSE,not_significant
swing,contradiction,4,81096,81100,0.34676036427221985,4.932182490752158e-5,-7.779666562728605e-5,1.9133349929560617e-5,0.5017982457415259,FALSE,not_significant
file,contradiction,7,80559,80566,0.7925695599925229,8.688528659732394e-5,-5.6228698760363595e-5,7.269230644224287e-5,0.8661962404289868,FALSE,not_significant
class,contradiction,10,79462,79472,0.1347415657118805,1.2583048117576002e-4,-3.088889546051201e-5,1.2524289229926347e-4,0.2997741048337654,FALSE,not_significant
apache-spark,contradiction,4,79210,79214,0.3720399334600752,5.049612442245058e-5,-7.777004646123854e-5,2.145532979337109e-5,0.5277162176738656,FALSE,not_significant
tensorflow,contradiction,4,77837,77841,0.3915013035517391,5.138680130008607e-5,-7.774994833234537e-5,2.3216585419748908e-5,0.5408987783335846,FALSE,not_significant
sorting,contradiction,8,76841,76849,0.42734512001400676,1.0410024853934339e-4,-4.6774258561130375e-5,9.766779012704854e-5,0.5736176107570561,FALSE,not_significant
date,contradiction,7,76707,76714,0.694606170405701,9.124801209687932e-5,-5.509285377327009e-5,8.028191245426012e-5,0.7983978970180471,FALSE,not_significant
unity-game-engine,contradiction,1,74886,74887,0.04396148282478581,1.3353452535152964e-5,-9.171456603577462e-5,-3.888549440668805e-5,0.15423420139233954,FALSE,not_significant
t-sql,contradiction,10,73538,73548,0.08047310917509538,1.359656278892696e-4,-2.702855648681484e-5,1.4165284675258543e-4,0.22668481457773346,FALSE,not_significant
go,contradiction,9,72759,72768,0.17183314524200122,1.236807387862797e-4,-3.5849862612542284e-5,1.2590437467233307e-4,0.3279107469286806,FALSE,not_significant
authentication,contradiction,6,72656,72662,0.905292167563339,8.25741102639619e-5,-6.224488616616479e-5,7.008614118131999e-5,0.9529391237508831,FALSE,not_significant
symfony,contradiction,2,72644,72646,0.12044575134116822,2.7530765630592185e-5,-8.944388272439171e-5,-1.2801551527192523e-5,0.2834017678615723,FALSE,not_significant
for-loop,contradiction,3,71769,71772,0.26594927450680994,4.179903026249791e-5,-8.42872239519813e-5,1.0578318964208513e-5,0.422141705566365,FALSE,not_significant
.htaccess,contradiction,9,71687,71696,0.1579686807710186,1.2553001562151306e-4,-3.5207446787446074e-5,1.2896051251770358e-4,0.3192669762253221,FALSE,not_significant
matplotlib,contradiction,1,71473,71474,0.051319281270911815,1.3991101659344656e-5,-9.231571528818181e-5,-3.700904690589747e-5,0.1659351844694853,FALSE,not_significant
datetime,contradiction,7,71113,71120,0.5528798198320114,9.84251968503937e-5,-5.322513709819473e-5,9.276856528621353e-5,0.6742436827219651,FALSE,not_significant
opencv,contradiction,4,70902,70906,0.5047152022496347,5.6412715426057034e-5,-7.763783584397037e-5,3.315630118331585e-5,0.623105187962512,FALSE,not_significant
google-chrome,contradiction,8,69208,69216,0.2743362376456777,1.155802126675913e-4,-4.323972169961062e-5,1.1709318152202462e-4,0.4320255710955555,FALSE,not_significant
codeigniter,contradiction,5,68601,68606,0.864778385121275,7.287992303880127e-5,-6.975183470904226e-5,5.8204715273876194e-5,0.9248966685789038,FALSE,not_significant
perl,contradiction,17,68016,68033,5.353426151869675e-7,2.498787353196243e-4,5.240380925455159e-5,2.900466958719284e-4,1.1896502559710387e-5,TRUE,above_baseline
validation,contradiction,4,66471,66475,0.5914718171036519,6.0172997367431366e-5,-7.755516357615089e-5,4.059419279824502e-5,0.7083494815612598,FALSE,not_significant
http,contradiction,9,66400,66409,0.09923270386150267,1.3552379948500955e-4,-3.1736238933956166e-5,1.4547687239120665e-4,0.26113869437237547,FALSE,not_significant
sockets,contradiction,14,64849,64863,8.672267988372495e-5,2.1583953872007154e-4,2.4080301476703085e-5,2.502918104506714e-4,9.635853320413883e-4,TRUE,above_baseline
object,contradiction,14,64686,64700,8.298118782953504e-5,2.1638330757341577e-4,2.43394351521268e-5,2.5112021448193614e-4,9.635853320413883e-4,TRUE,above_baseline
google-maps,contradiction,2,64522,64524,0.17246814730424626,3.099621846134772e-5,-9.076250479684588e-5,-4.5520237932272894e-6,0.3279107469286806,FALSE,not_significant
uitableview,contradiction,8,63515,63523,0.1799307914468404,1.259386363994144e-4,-4.0051783715016345e-5,1.3462209100107653e-4,0.3347548077018323,FALSE,not_significant
xaml,contradiction,1,62217,62218,0.078456461262410307,1.607251920666045e-5,-9.42839689151663e-5,-3.0877958184281406e-5,0.22668481457773346,FALSE,not_significant
if-statement,contradiction,10,62006,62016,0.020714586572818102,1.6124871001031992e-4,-1.740162795874691e-5,1.8259208246661815e-4,0.09006341988181783,FALSE,not_significant
oop,contradiction,15,61980,61995,4.958644770563665e-6,2.4195499637067505e-4,4.0820402100402026e-5,2.8578262512817947e-4,9.01571776466121e-5,TRUE,above_baseline
ubuntu,contradiction,3,58926,58929,0.4479438769263726,5.0908720663849717e-5,-8.546142220279672e-5,2.997189801772755e-5,0.5779920992598356,FALSE,not_significant
cordova,contradiction,0,58229,58229,0.032342061383692035,0,-8.222395790633921e-5,-7.508300760642939e-5,0.1320084138109879,FALSE,not_significant
visual-studio-code,contradiction,2,58198,58200,0.22852714844980845,3.436426116838488e-5,-9.204761777225368e-5,3.4691745962548294e-6,0.39064469820480074,FALSE,not_significant
email,contradiction,2,57963,57965,0.2309373482288088,3.4503579746398686e-5,-9.210083653977406e-5,3.8010305198028305e-6,0.3914192342861166,FALSE,not_significant
android-layout,contradiction,2,57719,57721,0.23346734286675375,3.464943434798427e-5,-9.2156556613613e-5,4.148459796812937e-6,0.39238208885168696,FALSE,not_significant
ms-access,contradiction,4,57692,57696,0.8008191571075313,6.932889628397117e-5,-7.735705850479928e-5,5.8707885559973014e-5,0.8704556055516643,FALSE,not_significant
web-services,contradiction,3,57668,57671,0.4711207615212935,5.201921242912382e-5,-8.560512696930664e-5,3.233658631478568e-5,0.5963553943307514,FALSE,not_significant
spring-mvc,contradiction,3,57211,57214,0.47981648536751365,5.243471877512497e-5,-8.565892137887924e-5,3.322139341636058e-5,0.5997706067093921,FALSE,not_significant
ggplot2,contradiction,0,57192,57192,0.033920573023728036,0,-8.222395790633921e-5,-7.508300760642939e-5,0.13497936734192942,FALSE,not_significant
parsing,contradiction,6,57000,57006,0.47463628541296016,1.0525207872855489e-4,-5.7690284070513584e-5,1.1088747601485476e-4,0.5970267741043523,FALSE,not_significant
pointers,contradiction,18,56916,56934,2.0237993798081932e-10,3.161555485298767e-4,9.142778465901253e-5,3.835763468879723e-4,8.095197519232772e-9,TRUE,above_baseline
github,contradiction,3,56651,56654,0.49067748188645227,5.2953013026441206e-5,-8.572604194184542e-5,3.4325102481959226e-5,0.6095372445794438,FALSE,not_significant
user-interface,contradiction,2,56520,56522,0.24631727585782884,3.538445207175967e-5,-9.243742097718567e-5,5.899359607936411e-6,0.40184032066437986,FALSE,not_significant
kubernetes,contradiction,2,56511,56513,0.24641641524886465,3.5390087236565036e-5,-9.243957471766083e-5,5.912783678022304e-6,0.40184032066437986,FALSE,not_significant
c++11,contradiction,27,56482,56509,2.3420895552439795e-26,4.7779999646074074e-4,2.1893031484234116e-4,5.793627125663717e-4,1.5613930368293197e-24,TRUE,above_baseline
selenium-webdriver,contradiction,1,56145,56146,0.10411738673260511,1.7810707797527874e-5,-9.593293307834e-5,-2.575261683937286e-5,0.26626291993629214,FALSE,not_significant
google-sheets,contradiction,0,56009,56009,0.035820100683486004,0,-8.222395790633921e-5,-7.508300760642939e-5,0.1377696180134077,FALSE,not_significant
elasticsearch,contradiction,1,55930,55931,0.1051738533748354,1.7879172551894298e-5,-9.599796058268247e-5,-2.5550659826297534e-5,0.26626291993629214,FALSE,not_significant
google-apps-script,contradiction,1,55234,55235,0.10867209744390202,1.810446275006789e-5,-9.621197685902446e-5,-2.4886063153608352e-5,0.26645206457973997,FALSE,not_significant
templates,contradiction,7,55199,55206,0.20296181265791594,1.2679781183204725e-4,-4.5848962463474044e-5,1.4213762061479995e-4,0.34993415975502745,FALSE,not_significant
ruby-on-rails-3,contradiction,2,55089,55091,0.26260383068924653,3.630357045615436e-5,-9.27887885404579e-5,8.08896393999802e-6,0.4201661291027945,FALSE,not_significant
security,contradiction,7,54931,54938,0.19830979850282796,1.2741636026065748e-4,-4.5688245385163225e-5,1.4321400039370958e-4,0.3449995247620961,FALSE,not_significant
variables,contradiction,8,53659,53667,0.0664404449681162,1.4906739709691244e-4,-3.293661759685034e-5,1.7376444627790664e-4,0.20369993199364417,FALSE,not_significant
machine-learning,contradiction,1,53520,53521,0.11782143630328017,1.868425477849816e-5,-9.676300188978642e-5,-2.317545406598587e-5,0.2817500344572534,FALSE,not_significant
flask,contradiction,1,53428,53429,0.11833501447204643,1.8716427408336298e-5,-9.679358818924657e-5,-2.3080522506849436e-5,0.2817500344572534,FALSE,not_significant
sql-server-2008,contradiction,7,53381,53388,0.17247118805321518,1.3111560650333408e-4,-4.4727131212030696e-5,1.4965137870593027e-4,0.3279107469286806,FALSE,not_significant
exception,contradiction,9,53035,53044,0.018371284687462356,1.696704622577483e-4,-1.988044068927704e-5,2.0191439969200503e-4,0.08350583948846527,FALSE,not_significant
tkinter,contradiction,1,52319,52320,0.12471580905186125,1.91131498470948e-5,-9.717083097790838e-5,-2.1909834840670623e-5,0.28670300931462356,FALSE,not_significant
delphi,contradiction,13,52153,52166,1.2021033814124647e-5,0.00024920446267683933,3.50542096676865e-5,3.0604775017322355e-4,1.849389817557638e-4,TRUE,above_baseline
nginx,contradiction,2,52048,52050,0.3009657527464704,3.8424591738712775e-5,-9.360022062415264e-5,1.3142438588809589e-5,0.4630242349945699,FALSE,not_significant
listview,contradiction,4,51690,51694,0.9739500185285149,7.737841915889659e-5,-7.718560280691226e-5,7.463547561193683e-5,0.9907722155853547,FALSE,not_significant
haskell,contradiction,12,51454,51466,8.152556924817994e-5,2.3316364201608829e-4,2.25549001902256e-5,2.8646541832918235e-4,9.635853320413883e-4,TRUE,above_baseline
debugging,contradiction,0,51219,51219,0.04472791840377847,0,-8.222395790633921e-5,-7.508300760642939e-5,0.15423420139233954,FALSE,not_significant
asynchronous,contradiction,11,51085,51096,5.160962453961968e-4,2.152810396117113e-4,9.370526418570356e-6,2.638845872920836e-4,0.0049152023371066365,TRUE,above_baseline
jpa,contradiction,3,51081,51084,0.611844830711243,5.872680291284943e-5,-8.647499213959249e-5,4.662163245252274e-5,0.7240767227351989,FALSE,not_significant
jsp,contradiction,1,50775,50776,0.13421376199511995,1.9694343784465103e-5,-9.772374573417387e-5,-2.0194532209664506e-5,0.2997741048337654,FALSE,not_significant
web-scraping,contradiction,1,50646,50647,0.1350413583581572,1.974450609118013e-5,-9.77714809390394e-5,-2.004647239136894e-5,0.2997741048337654,FALSE,not_significant
gradle,contradiction,1,50354,50355,0.13693478250439328,1.985900109224506e-5,-9.788044392356564e-5,-1.9708519404712852e-5,0.2997741048337654,FALSE,not_significant
batch-file,contradiction,5,50169,50174,0.5963204618038346,9.965320684019612e-5,-6.641715266870777e-5,1.0841660083633141e-4,0.7099053116712316,FALSE,not_significant
generics,contradiction,16,49938,49954,1.327870058068253e-9,3.202946710974096e-4,8.468420312974389e-5,3.9859817355230676e-4,4.426233526894177e-8,TRUE,above_baseline
xamarin,contradiction,0,49891,49891,0.047589917005715014,0,-8.222395790633921e-5,-7.508300760642939e-5,0.1613217525617458,FALSE,not_significant
pdf,contradiction,2,49713,49715,0.3342708171523842,4.022930705018606e-5,-9.429121639492616e-5,1.7442864982529674e-5,0.49521602541093956,FALSE,not_significant
google-cloud-platform,contradiction,2,49325,49327,0.3401588583907088,4.054574573762848e-5,-9.441242403774585e-5,1.819695000023422e-5,0.5002336152804542,FALSE,not_significant
wcf,contradiction,4,49251,49255,0.9490415742946379,8.121002943863567e-5,-7.710464410137313e-5,8.221773746587587e-5,0.9783933755614822,FALSE,not_significant
amazon-s3,contradiction,4,49119,49123,0.9447725881555261,8.142825153186898e-5,-7.710004401796738e-5,8.264958156893673e-5,0.9783933755614822,FALSE,not_significant
ssl,contradiction,3,49003,49006,0.6636327272826172,6.121699383748929e-5,-8.679860308939108e-5,5.1925625251601065e-5,0.7716659619565317,FALSE,not_significant
testing,contradiction,2,48771,48773,0.3487497807903605,4.100629446620056e-5,-9.458885533076137e-5,1.9294478750393897e-5,0.5017982457415259,FALSE,not_significant
jenkins,contradiction,1,48530,48531,0.14942045718833186,2.060538624796522e-5,-9.859102108187407e-5,-1.7505171934964078e-5,0.31371754089009374,FALSE,not_significant
npm,contradiction,1,47504,47505,0.15697255705459126,2.1050415745710977e-5,-9.901489750165806e-5,-1.619123651968858e-5,0.3192669762253221,FALSE,not_significant
unix,contradiction,9,47352,47361,0.006399791531883693,1.9002977133084184e-4,-1.2813753673986556e-5,2.3556633082290164e-4,0.03657023732504967,TRUE,above_baseline
recursion,contradiction,10,47161,47171,0.0011265481173813913,2.1199465773462508e-4,1.913359138787374e-6,2.647689908176942e-4,0.00901238493905113,TRUE,above_baseline
ionic-framework,contradiction,1,46390,46391,0.16563686443858688,2.1555905240240565e-5,-9.94965249377232e-5,-1.469863009456428e-5,0.3279107469286806,FALSE,not_significant
network-programming,contradiction,3,46287,46290,0.7371648903677027,6.480881399870383e-5,-8.726588916994221e-5,5.957655165458127e-5,0.8236479221985504,FALSE,not_significant
google-app-engine,contradiction,2,46095,46097,0.3934659781353749,4.338677137340825e-5,-9.550121461952351e-5,2.496779185357141e-5,0.5408987783335846,FALSE,not_significant
visual-studio-2010,contradiction,2,45665,45667,0.40117741008427305,4.3795300764228e-5,-9.565785673299384e-5,2.594149274868125e-5,0.5421316352490176,FALSE,not_significant
mongoose,contradiction,1,45397,45398,0.17379269587220073,2.2027402088197716e-5,-9.994591221551015e-5,-1.3306249120863008e-5,0.3279107469286806,FALSE,not_significant
assembly,contradiction,8,45010,45018,0.018041024791283892,1.7770669509973788e-4,-2.4129795960811543e-5,2.222362206475187e-4,0.08350583948846527,FALSE,not_significant
.net-core,contradiction,5,44764,44769,0.4312698382850519,1.116844244901606e-4,-6.492260178485257e-5,1.3098448525240516e-4,0.5750264510467358,FALSE,not_significant
android-fragments,contradiction,1,44295,44296,0.1833514341064762,2.257540184215279e-5,-1.0046838223522084e-4,-1.168777959324218e-5,0.3364246497366536,FALSE,not_significant
math,contradiction,8,44266,44274,0.01569833425918336,1.8069295749198176e-4,-2.3211644019885684e-5,2.272905934910806e-4,0.0747539726627779,FALSE,not_significant
join,contradiction,3,43614,43617,0.8162904650760324,6.878052135635188e-5,-8.778319845239e-5,6.803727565232516e-5,0.8824761784605757,FALSE,not_significant
winapi,contradiction,11,43426,43437,4.2964922265157924e-5,2.5324032506849e-4,2.49104816757366e-5,3.2426320294847474e-4,5.728656302021057e-4,TRUE,above_baseline
svg,contradiction,2,43398,43400,0.4444461489628396,4.608294930875576e-5,-9.653532613693764e-5,3.139425924168056e-5,0.5779920992598356,FALSE,not_significant
rust,contradiction,7,43236,43243,0.051439907185540444,1.6187591055199686e-4,-3.673816224708777e-5,2.0318301783831287e-4,0.1659351844694853,FALSE,not_significant
animation,contradiction,2,43238,43240,0.4476732640672489,4.625346901017576e-5,-9.660075234648564e-5,3.1800724854068567e-5,0.5779920992598356,FALSE,not_significant
session,contradiction,6,43156,43162,0.15803715323153442,1.3901116723043417e-4,-5.0921935327956575e-5,1.7163730427605632e-4,0.3192669762253221,FALSE,not_significant
intellij-idea,contradiction,1,43093,43094,0.19442670090864564,2.320508655497285e-5,-1.0106893799632322e-4,-9.827854406499679e-6,0.3449995247620961,FALSE,not_significant
django-models,contradiction,1,43024,43025,0.195083993905273,2.324230098779779e-5,-1.0110443744782948e-4,-9.71792608934354e-6,0.3449995247620961,FALSE,not_significant
laravel-5,contradiction,1,42962,42963,0.19567665097509573,2.327584200358448e-5,-1.0113643337406235e-4,-9.618848131537286e-6,0.3449995247620961,FALSE,not_significant
curl,contradiction,3,42844,42847,0.8403611071539662,7.001657058837259e-5,-8.794430428011301e-5,7.067047994408958e-5,0.9036140937139421,FALSE,not_significant
hadoop,contradiction,4,42749,42753,0.7284456514582006,9.356068579982691e-5,-7.68457919756651e-5,1.0666019806255033e-4,0.818478260065394,FALSE,not_significant
javascript,pragmatic_tone,345,2482038,2482383,0.01207855777863369,1.3897935975230253e-4,3.1940786982991255e-6,3.382505575321884e-5,0.04473539918012478,TRUE,above_baseline
python,pragmatic_tone,147,2170466,2170613,5.0152773945851426e-12,6.772280457179608e-5,-6.455249372419861e-5,-4.094148218529633e-5,2.006110957834057e-10,TRUE,below_baseline
java,pragmatic_tone,279,1885815,1886094,0.0010416938092251476,1.4792475878720786e-4,9.545110354578497e-6,4.536482216675012e-5,0.006127610642500869,TRUE,above_baseline
c#,pragmatic_tone,269,1603824,1604093,1.8889547047860113e-7,1.6769601263767127e-4,2.6706624922150108e-5,6.774581530010532e-5,3.4344630996109297e-6,TRUE,above_baseline
php,pragmatic_tone,288,1446173,1446461,2.1584501245585764e-16,1.9910664718924325e-4,5.5223181594101474e-5,1.0205052773129792e-4,1.0792250622792882e-14,TRUE,above_baseline
android,pragmatic_tone,133,1369629,1369762,0.014838605819627121,9.709715994457432e-5,-4.045493152577872e-5,-6.290333638159749e-6,0.05206528357763902,FALSE,not_significant
html,pragmatic_tone,202,1173192,1173394,8.2498537273394825e-07,1.7215018996176904e-4,2.753472218731485e-5,7.582607268313612e-5,1.178550532477069e-5,TRUE,above_baseline
jquery,pragmatic_tone,158,1019711,1019869,0.002029541052395273,1.5492185761112456e-4,9.8966893273722e-6,5.9007440841789816e-5,0.010407902832796273,TRUE,above_baseline
c++,pragmatic_tone,275,807910,808185,2.898261151380194e-66,3.4026862661395594e-4,1.7934717086658057e-4,2.6025049730824424e-4,5.7965223027603884e-64,TRUE,above_baseline
css,pragmatic_tone,125,797691,797816,0.0039230975038888226,1.5667773020345543e-4,8.390582355998994e-6,6.402529299782476e-5,0.01783226138131283,TRUE,above_baseline
sql,pragmatic_tone,103,671892,671995,0.01607433388047692,1.5327494996242533e-4,2.8787986094882745e-6,6.273151626227529e-5,0.055428737518885926,FALSE,not_significant
ios,pragmatic_tone,89,668526,668615,0.3536853581099583,1.3311098315173903e-4,-1.5362359513257383e-5,4.064474076364835e-5,0.5016813590212175,FALSE,not_significant
mysql,pragmatic_tone,120,653626,653746,5.288935000774251e-6,1.8355752845906515e-4,2.995279249680068e-5,9.622267936824252e-5,5.5673000008150016e-5,TRUE,above_baseline
r,pragmatic_tone,24,503006,503030,2.837794550530109e-6,4.77108721149832e-5,-9.23512272766498e-5,-5.316661354647093e-5,3.547243188162636e-5,TRUE,below_baseline
reactjs,pragmatic_tone,9,457991,458000,5.401941637483792e-10,1.965065502183406e-5,-1.1439636373831985e-4,-8.724191127109913e-5,1.3504854093709479e-8,TRUE,below_baseline
node.js,pragmatic_tone,26,455422,455448,1.0453438484875135e-4,5.708664875024152e-5,-8.576601256668809e-5,-4.1000274985915976e-5,9.089946508587073e-4,TRUE,below_baseline
arrays,pragmatic_tone,93,416196,416289,2.6016239948470804e-9,2.234024920187658e-4,5.7319185143745364e-5,1.4854621384069913e-4,5.781386655215734e-8,TRUE,above_baseline
c,pragmatic_tone,142,405996,406138,1.4364823083051627e-38,3.4963485317798386e-4,1.7149884578031527e-4,2.8683127552256535e-4,1.4364823083051627e-36,TRUE,above_baseline
asp.net,pragmatic_tone,60,367881,367941,0.01980273846119347,1.6306962257535854e-4,1.1056983510108462e-6,8.409396174661913e-5,0.06387980148772086,FALSE,not_significant
json,pragmatic_tone,31,356351,356382,0.07006029375160158,8.698531351190576e-5,-6.442090544101238e-5,-2.548052588263195e-6,0.15397866758593756,FALSE,not_significant
.net,pragmatic_tone,81,335785,335866,3.281706153120051e-10,2.4116760851053694e-4,6.799859120934252e-5,1.7339704075864426e-4,9.376303294628717e-9,TRUE,above_baseline
sql-server,pragmatic_tone,57,334841,334898,0.009419165677430402,1.7020107614855866e-4,5.329819165668311e-6,9.41327480783619e-5,0.03728162461139511,TRUE,above_baseline
python-3.x,pragmatic_tone,21,334579,334600,0.002442486185287472,6.276150627615063e-5,-8.491176125567818e-5,-3.050481124510766e-5,0.012212430926437359,TRUE,below_baseline
ruby-on-rails,pragmatic_tone,21,332716,332737,0.0026686940075187062,6.31129089941906e-5,-8.470865879864811e-5,-3.0005108266057796e-5,0.013018019548871737,TRUE,below_baseline
swift,pragmatic_tone,28,328196,328224,0.06776915042037039,8.530759481329824e-5,-6.706612525250589e-5,-3.2582701739847282e-6,0.15059811204526755,FALSE,not_significant
django,pragmatic_tone,15,305148,305163,3.4340719058377305e-4,4.915405865062278e-5,-9.657947865116212e-5,-4.605198910067943e-5,0.0024529085041698076,TRUE,below_baseline
angular,pragmatic_tone,12,298205,298217,6.786128518180924e-5,4.023915470949007e-5,-1.0342205398661604e-4,-5.703922164749092e-5,6.46297954112469e-4,TRUE,below_baseline
objective-c,pragmatic_tone,52,287415,287467,0.003443035889915311,1.8089032828115924e-4,1.1061151591717594e-5,1.0977991991751378e-4,0.016395408999596718,TRUE,above_baseline
excel,pragmatic_tone,22,287030,287052,0.033058917950654396,7.664116606050472e-5,-7.615652532026473e-5,-1.1500727611812945e-5,0.09155645548197239,FALSE,not_significant
pandas,pragmatic_tone,7,286906,286913,2.8265369908076155e-6,2.4397639702627625e-5,-1.1467794547593905e-4,-7.74663601718928e-5,3.547243188162636e-5,TRUE,below_baseline
regex,pragmatic_tone,38,260676,260714,0.24259250793770426,1.4575358438748975e-4,-2.1265113964948847e-5,7.183269768684124e-5,0.37900253687118973,FALSE,not_significant
angularjs,pragmatic_tone,20,256124,256144,0.05142865740371454,7.808107939284153e-5,-7.689141087648078e-5,-7.886015390923269e-6,0.1254357497651574,FALSE,not_significant
typescript,pragmatic_tone,8,227263,227271,2.1673538886487288e-4,3.520026752203317e-5,-1.1005819940752263e-4,-6.048085060149815e-5,0.001733883110918983,TRUE,below_baseline
ruby,pragmatic_tone,28,226783,226811,0.8975751523506139,1.2345080265066508e-4,-4.295516284951389e-5,4.8917183097756947e-5,0.9398692694770826,FALSE,not_significant
linux,pragmatic_tone,34,223748,223782,0.17760838160334924,1.5193357821451233e-4,-1.9792747838512724e-5,8.272031921445028e-5,0.30888414191886826,FALSE,not_significant
ajax,pragmatic_tone,38,217616,217654,0.02229284568571731,1.7458902662023212e-4,-1.561783933682828e-6,1.0980025212105996e-4,0.07077093868481686,FALSE,not_significant
iphone,pragmatic_tone,35,216813,216848,0.08430593752227325,1.6140337932561057e-4,-1.2716407631556126e-5,9.458358122969016e-5,0.1813030914457489,FALSE,not_significant
vba,pragmatic_tone,17,215259,215276,0.08024329552057344,7.896839406157677e-5,-7.929760174134262e-5,-3.70519518859095e-6,0.1744419467838553,FALSE,not_significant
xml,pragmatic_tone,22,211712,211734,0.4890145960953568,1.0390395496235843e-4,-6.020576696739847e-5,2.7074091839028223e-5,0.6269417898658421,FALSE,not_significant
laravel,pragmatic_tone,9,209268,209277,0.0012650380758479672,4.3005203629639184e-5,-1.0590555554497902e-4,-4.902362224882972e-5,0.007133344935589235,TRUE,below_baseline
spring,pragmatic_tone,14,206626,206640,0.02939028514409899,6.775067750677507e-5,-8.848127179460254e-5,-1.6956958244934422e-5,0.0851892323017362,FALSE,not_significant
asp.net-mvc,pragmatic_tone,29,198091,198120,0.29586377186709995,1.4637593377750857e-4,-2.754733433199123e-5,7.935961683392127e-5,0.43831669906237025,FALSE,not_significant
database,pragmatic_tone,26,191629,191655,0.5463818189700507,1.3566043150452635e-4,-3.71379532840919e-5,6.75192312400575e-5,0.670407139840553,FALSE,not_significant
wordpress,pragmatic_tone,16,185020,185036,0.18389115371261075,8.646965995806221e-5,-7.659745803427641e-5,8.597192897313735e-6,0.31705371329760473,FALSE,not_significant
string,pragmatic_tone,46,184508,184554,5.713961819800787e-7,2.49249542139428e-4,5.6624936333215097e-5,2.0093456289255385e-4,8.790710492001211e-6,TRUE,above_baseline
postgresql,pragmatic_tone,11,176375,176386,0.026468682077660014,6.236322610638032e-5,-9.5223015550468e-5,-2.0990117289858463e-5,0.08085543481262555,FALSE,not_significant
flutter,pragmatic_tone,6,171339,171345,0.0012840020884060624,3.5017070822025735e-05,-1.1381750159217438e-4,-5.708794181686124e-5,0.007133344935589235,TRUE,below_baseline
mongodb,pragmatic_tone,12,171098,171110,0.058316197575017596,7.01303255215943e-5,-9.026260119821285e-5,-1.0416332811685671e-5,0.13721458252945318,FALSE,not_significant
wpf,pragmatic_tone,22,167645,167667,0.6897013241316724,1.3121246279828468e-4,-4.4260701098065725e-5,6.574604164154799e-5,0.777419457806171,FALSE,not_significant
windows,pragmatic_tone,27,164383,164410,0.10764306849388959,1.6422358737303085e-4,-1.834288993822276e-5,1.0585047963119735e-4,0.220890907441737,FALSE,not_significant
bash,pragmatic_tone,16,156205,156221,0.5168264002401708,1.0241900896806447e-4,-6.842677406874968e-5,3.232520695179152e-5,0.6517599509101033,FALSE,not_significant
xcode,pragmatic_tone,17,154967,154984,0.6998156944905759,1.0968874206369689e-4,-6.31068572276304e-5,4.154475630193707e-5,0.77968211137012,FALSE,not_significant
amazon-web-services,pragmatic_tone,6,153864,153870,0.0036263986442411173,3.899395593682979e-5,-1.1298766255134298e-4,-4.9964010628084524e-5,0.01686697043833078,TRUE,below_baseline
oracle-database,pragmatic_tone,20,151508,151528,0.6839125758350338,1.319888073491368e-4,-4.6491285012582606e-5,6.952931465776911e-5,0.7771733816307204,FALSE,not_significant
git,pragmatic_tone,21,151477,151498,0.5214079607280826,1.3861569129625472e-4,-4.1300266009915587e-05,7.759206354933794e-5,0.6517599509101033,FALSE,not_significant
dataframe,pragmatic_tone,3,147740,147743,4.5471272051269884e-4,2.030553054967071e-5,-1.2356250045859735e-4,-7.676602349514832e-5,0.0030314181367513257,TRUE,below_baseline
spring-boot,pragmatic_tone,13,145539,145552,0.27991129513087404,8.93151588435748e-5,-7.99045179999712e-5,1.7595250634033713e-5,0.4209192407983068,FALSE,not_significant
azure,pragmatic_tone,3,142506,142509,6.312845445091105e-4,2.1051302023030123e-5,-1.2364595532664567e-4,-7.519102568038121e-5,0.00394552840318194,TRUE,below_baseline
list,pragmatic_tone,15,141422,141437,0.6222421810650133,1.0605428565368327e-4,-6.826415096266561e-5,3.943313721694505e-5,0.7320496247823686,FALSE,not_significant
multithreading,pragmatic_tone,39,139297,139336,7.217152335101161e-8,2.798989493024057e-4,7.148537043673785e-5,2.473729431149865e-4,1.4434304670202323e-6,TRUE,above_baseline
firebase,pragmatic_tone,4,138935,138939,0.001861364111178063,2.8789612707735048e-5,-1.2023701141284962e-4,-6.312334822476738e-5,0.009796653216726648,TRUE,below_baseline
vb.net,pragmatic_tone,23,138821,138844,0.12654115399240612,1.6565353922387715e-4,-2.2654120314006672e-5,1.1302161370867386e-4,0.25057654255922,FALSE,not_significant
docker,pragmatic_tone,2,134306,134308,4.2474565164134085e-4,1.4891145724752063e-5,-1.2668393718434585e-4,-8.447335641923713e-5,0.002929280356147178,TRUE,below_baseline
react-native,pragmatic_tone,1,128352,128353,2.355047781665417e-4,7.791013844631601e-6,-1.2857530261660093e-4,-9.678225474722299e-5,0.001768031742736233,TRUE,below_baseline
eclipse,pragmatic_tone,17,122087,122104,0.5515859140670565,1.392255781956365e-4,-4.756938583660265e-5,8.508095717478856e-5,0.6726657488622639,FALSE,not_significant
algorithm,pragmatic_tone,39,120613,120652,1.8401271212930873e-10,3.2324370918012133e-4,1.012455567854239e-4,3.043022765217317e-4,6.133757070976958e-9,TRUE,above_baseline
powershell,pragmatic_tone,10,118169,118179,0.26227639107639866,8.461740241498067e-5,-8.848144258973001e-5,1.6776662366604243e-5,0.4004219711090056,FALSE,not_significant
macos,pragmatic_tone,16,114773,114789,0.560351022871125,1.3938617811811235e-4,-4.951962809215061e-5,8.73523992752882e-5,0.6792133610559091,FALSE,not_significant
numpy,pragmatic_tone,5,114085,114090,0.018435739338059767,4.382505039880796e-5,-1.1531085846523386e-4,-3.7978625790237346e-5,0.061452464460199224,FALSE,not_significant
visual-studio,pragmatic_tone,23,113457,113480,0.011964678744951494,2.0267888614733875e-4,-7.312589820729327e-7,1.6514944622366334e-4,0.04473539918012478,TRUE,above_baseline
forms,pragmatic_tone,15,111755,111770,0.6764783840269736,1.3420416927619218e-4,-5.432010191960494e-5,8.178885541890219e-5,0.7771733816307204,FALSE,not_significant
image,pragmatic_tone,14,111367,111381,0.8740689366413842,1.2569468760381035e-4,-6.0760776880313736e-5,7.121056703484733e-5,0.9200725648856675,FALSE,not_significant
function,pragmatic_tone,18,110849,110867,0.2052333510723317,1.623566976647695e-4,-3.3240654487712724e-5,1.170144647641646e-4,0.3364481165120192,FALSE,not_significant
scala,pragmatic_tone,8,110738,110746,0.14417031658785087,7.223737200440648e-5,-9.848229503480789e-5,2.0174539905337493e-6,0.26947722726701095,FALSE,not_significant
vue.js,pragmatic_tone,5,105074,105079,0.03148715757703545,4.7583246890434815e-5,-1.1482676476891375e-4,-3.094632650330371e-5,0.08869621852686041,FALSE,not_significant
twitter-bootstrap,pragmatic_tone,9,101407,101416,0.3580268280372229,8.874339354736925e-5,-8.986992586096429e-5,2.6417127902615692e-5,0.5042631380805956,FALSE,not_significant
performance,pragmatic_tone,48,101110,101158,2.5767544907865265e-24,4.745052294430495e-4,2.1975872685905013e-4,4.883121469739617e-4,1.7178363271910177e-22,TRUE,above_baseline
winforms,pragmatic_tone,14,98492,98506,0.5367662415160861,1.4212332243721193e-4,-5.2919588433802524e-5,9.622664825513929e-5,0.6626743722420816,FALSE,not_significant
selenium,pragmatic_tone,2,98092,98094,0.0043034621553119275,2.038860684649418e-5,-1.2868095883894834e-4,-7.14814125211504e-5,0.019126498468053012,TRUE,below_baseline
loops,pragmatic_tone,16,96174,96190,0.19616898878372935,1.6633745711612435e-4,-3.574911536128827e-5,1.2748444454044986e-4,0.3296957794684527,FALSE,not_significant
kotlin,pragmatic_tone,3,94413,94416,0.013068575340692126,3.177427554651754e-5,-1.2492076885816628e-4,-5.247026510188574e-5,0.047522092147971366,TRUE,below_baseline
sqlite,pragmatic_tone,9,93776,93785,0.49479039226045096,9.596417337527324e-5,-8.735358074286852e-5,3.834234244032789e-5,0.6303062321789183,FALSE,not_significant
matlab,pragmatic_tone,13,93376,93389,0.6027713617539712,1.3920268982428336e-4,-5.706080358463015e-5,9.452659818010977e-5,0.7165957873343237,FALSE,not_significant
python-2.7,pragmatic_tone,7,93075,93082,0.2088193665210089,7.520250961517801e-5,-1.0114993474548042e-4,1.061536892274933e-5,0.3395436854000145,FALSE,not_significant
hibernate,pragmatic_tone,8,92832,92840,0.34164763376468293,8.616975441619992e-5,-9.417224090062357e-5,2.55721646799363e-5,0.48806804823526134,FALSE,not_significant
shell,pragmatic_tone,10,92434,92444,0.7338217290223866,1.0817359698844706e-4,-7.948348845533993e-5,5.4891097379146955e-5,0.8063975044202052,FALSE,not_significant
express,pragmatic_tone,2,92248,92250,0.006277279332108741,2.168021680216802e-5,-1.2915912406464625e-4,-6.84200273841048e-5,0.027292518835255394,TRUE,below_baseline
dart,pragmatic_tone,4,91879,91883,0.03372062674490386,4.353362428305563e-5,-1.198256362804892e-4,-3.404670020648665e-5,0.09155645548197239,FALSE,not_significant
entity-framework,pragmatic_tone,13,90478,90491,0.5259553600622618,1.4366069553878286e-4,-5.502181646613473e-5,1.0140362249061335e-4,0.6533606957295177,FALSE,not_significant
csv,pragmatic_tone,8,89591,89599,0.3957264269070971,8.928671078918291e-5,-9.320931089761154e-5,3.084314742289025e-5,0.5474811934769548,FALSE,not_significant
rest,pragmatic_tone,7,89372,89379,0.25146471236573925,7.831817317266919e-5,-1.0033522750165161e-4,1.6031988793902886e-5,0.3868687882549835,FALSE,not_significant
apache,pragmatic_tone,10,89273,89283,0.8180166449066676,1.1200340490350907e-4,-7.802215177119128e-5,6.108937652512232e-5,0.8748841121996446,FALSE,not_significant
maven,pragmatic_tone,2,87083,87085,0.008773311294752147,2.2966067635069186e-5,-1.2963738161716717e-4,-6.537006816578155e-5,0.036555463728133945,TRUE,below_baseline
android-studio,pragmatic_tone,7,86755,86762,0.28616925472648413,8.068048223876813e-5,-9.971786404932531e-5,2.0139243473774472e-5,0.4271182906365435,FALSE,not_significant
linq,pragmatic_tone,17,86440,86457,0.04191732339692314,1.9662953838324253e-4,-1.740549383896023e-5,1.697249855523582e-4,0.10479330849230785,FALSE,not_significant
dictionary,pragmatic_tone,9,85747,85756,0.6792568111626439,1.049489248565698e-4,-8.422488390368061e-5,5.31831485637331e-5,0.7771733816307204,FALSE,not_significant
qt,pragmatic_tone,23,84739,84762,6.710640534502479e-5,2.713480097213374e-4,3.9910546253443685e-5,2.6184588813614397e-4,6.46297954112469e-4,TRUE,above_baseline
asp.net-core,pragmatic_tone,5,83965,83970,0.10801638928717483,5.954507562224604e-5,-1.1330248438901658e-4,-8.546949419578453e-6,0.220890907441737,FALSE,not_significant
unit-testing,pragmatic_tone,8,83370,83378,0.5194202153674995,9.594857156564082e-5,-9.115245515579132e-5,4.211001323398585e-5,0.6517599509101033,FALSE,not_significant
facebook,pragmatic_tone,9,81835,81844,0.7845585177710948,1.0996529983871756e-4,-8.247898554944855e-5,6.147000017379656e-5,0.8436113094312846,FALSE,not_significant
swing,pragmatic_tone,14,81086,81100,0.1770052266235906,1.7262638717632553e-4,-3.836907741640056e-5,1.4268226671596451e-4,0.30888414191886826,FALSE,not_significant
file,pragmatic_tone,14,80552,80566,0.1691003557216433,1.7377057319464787e-4,-3.782342824830091e-5,1.4442498958450954e-4,0.3019649209315059,FALSE,not_significant
class,pragmatic_tone,11,79461,79472,0.6455054355838733,1.38413529293336e-4,-6.396554227307355e-5,9.985301580665847e-5,0.7549771176419571,FALSE,not_significant
apache-spark,pragmatic_tone,3,79211,79214,0.03425694018991372,3.787209331683793e-5,-1.256796121110932e-4,-3.9515786308318055e-5,0.09155645548197239,FALSE,not_significant
tensorflow,pragmatic_tone,3,77838,77841,0.03737586241494224,3.854010097506455e-5,-1.2576356573932215e-4,-3.8095817363635854e-5,0.09708016211673309,FALSE,not_significant
sorting,pragmatic_tone,15,76834,76849,0.05979190962940133,1.9518796601126885e-4,-2.414790525386804e-5,1.7358425222331863e-4,0.13905095262651473,FALSE,not_significant
date,pragmatic_tone,8,76706,76714,0.6833388245220973,1.0428344239643351e-4,-8.85809708616884e-5,5.620827060146832e-5,0.7771733816307204,FALSE,not_significant
unity-game-engine,pragmatic_tone,2,74885,74887,0.019436266132295106,2.6706905070305927e-5,-1.3103842449147072e-4,-5.648735042100452e-5,0.06372546272883642,FALSE,not_significant
t-sql,pragmatic_tone,13,73535,73548,0.16524091693868395,1.7675531625605047e-4,-3.9891063431949256e-5,1.524621108909631e-4,0.30043803079760717,FALSE,not_significant
go,pragmatic_tone,5,72763,72768,0.20371666078318204,6.871152154793316e-5,-1.1214528289835881e-4,8.628740941138027e-6,0.3364481165120192,FALSE,not_significant
authentication,pragmatic_tone,12,72650,72662,0.27350143912174446,1.651482205279238e-4,-4.885797131750056e-5,1.3821482732026107e-4,0.414396119881431,FALSE,not_significant
symfony,pragmatic_tone,10,72636,72646,0.6735591243493991,1.3765382815296093e-4,-6.82416089346334e-5,1.0260968018746815e-4,0.7771733816307204,FALSE,not_significant
for-loop,pragmatic_tone,13,71759,71772,0.13958876719007485,1.8112913113749096e-4,-3.7891962520716796e-5,1.592106397426116e-4,0.265883366076333,FALSE,not_significant
.htaccess,pragmatic_tone,7,71689,71696,0.5779172522488493,9.763445659451016e-5,-9.529395212069188e-5,4.96232802566251e-5,0.696285846082951,FALSE,not_significant
matplotlib,pragmatic_tone,1,71473,71474,0.009506814275905752,1.3991101659344656e-5,-1.342542869053984e-4,-7.870309482899937e-5,0.03728162461139511,TRUE,below_baseline
datetime,pragmatic_tone,12,71108,71120,0.24192974331559658,1.687289088863892e-4,-4.730065907425742e-5,1.4381889179394873e-4,0.37900253687118973,FALSE,not_significant
opencv,pragmatic_tone,6,70900,70906,0.3849010034014981,8.461907313908555e-5,-1.0370000964118512e-4,3.199857086626912e-5,0.5383230816804169,FALSE,not_significant
google-chrome,pragmatic_tone,8,69208,69216,0.9068240977242097,1.155802126675913e-4,-8.509828766090985e-5,7.531912794300535e-5,0.9446084351293852,FALSE,not_significant
codeigniter,pragmatic_tone,8,68598,68606,0.9266685010157233,1.1660787686208204e-4,-8.478159084457142e-5,7.705775951564839e-5,0.9507018348834709,FALSE,not_significant
perl,pragmatic_tone,19,68014,68033,1.6881723308752685e-4,2.7927623359252126e-4,3.3170645920820176e-5,2.8444223621113527e-4,0.0014068102757293906,TRUE,above_baseline
validation,pragmatic_tone,10,66465,66475,0.4822749810403801,1.5043249341857841e-4,-6.337225380326977e-5,1.2329765558733948e-4,0.6260065361939361,FALSE,not_significant
http,pragmatic_tone,14,66395,66409,0.034333670805739645,2.1081479919890376e-4,-2.016124788691294e-5,2.0085126123163335e-4,0.09155645548197239,FALSE,not_significant
sockets,pragmatic_tone,8,64855,64863,0.9470288419078731,1.233368792686123e-4,-8.270832644227265e-5,8.844249992641016e-5,0.9517877808119326,FALSE,not_significant
object,pragmatic_tone,10,64690,64700,0.43029640666823066,1.545595054095827e-4,-6.179996197484257e-5,1.2997938774092087e-4,0.5814816306327442,FALSE,not_significant
google-maps,pragmatic_tone,8,64516,64524,0.9352502609910144,1.2398487384539087e-4,-8.250870960976e-5,8.953887224745464e-5,0.9517877808119326,FALSE,not_significant
uitableview,pragmatic_tone,10,63513,63523,0.3969238652707922,1.5742329549926797e-4,-6.070900683528912e-5,1.3461601278073795e-4,0.5474811934769548,FALSE,not_significant
xaml,pragmatic_tone,7,62211,62218,0.8565749733744713,1.1250763444662317e-4,-9.141981830668031e-5,7.549550214683954e-5,0.9112499716749695,FALSE,not_significant
if-statement,pragmatic_tone,3,62013,62016,0.10204957688167188,4.837461300309598e-5,-1.2701193641896739e-4,-1.7178422627927755e-5,0.21712675932270611,FALSE,not_significant
oop,pragmatic_tone,17,61978,61995,5.059217387117978e-4,2.7421566255343173e-4,2.333740424134199e-5,2.841543358124344e-4,0.0032640112174954694,TRUE,above_baseline
ubuntu,pragmatic_tone,11,58918,58929,0.14392777099238022,1.866653091007823e-4,-4.419278261687442e-5,1.7658381576535193e-4,0.26947722726701095,FALSE,not_significant
cordova,pragmatic_tone,3,58226,58229,0.1297331391004791,5.1520719916192965e-5,-1.2741490060057327e-4,-1.0483244620127913e-5,0.25242685517443597,FALSE,not_significant
visual-studio-code,pragmatic_tone,1,58199,58200,0.023209149198103202,1.718213058419244e-5,-1.372523889254702e-4,-6.932293495923202e-5,0.0725285912440725,FALSE,not_significant
email,pragmatic_tone,7,57958,57965,0.9948825650693973,1.2076252911239541e-4,-8.927141839756167e-5,8.985689156926538e-5,0.9948825650693973,FALSE,not_significant
android-layout,pragmatic_tone,8,57713,57721,0.6919033174474922,1.3859773739193708e-4,-7.800856918349752e-5,1.1426445891428457e-4,0.777419457806171,FALSE,not_significant
ms-access,pragmatic_tone,5,57691,57696,0.4597379094623908,8.666112035496395e-5,-1.0989422485435749e-4,4.2276880511198296e-5,0.6089243833938951,FALSE,not_significant
web-services,pragmatic_tone,9,57662,57671,0.43688106628175266,1.5605763728737147e-4,-6.645569780590845e-5,1.376313873275643e-4,0.5857896747615052,FALSE,not_significant
spring-mvc,pragmatic_tone,5,57209,57214,0.4713485819527746,8.739119795854161e-5,-1.0980295004140824e-4,4.3645760905404365e-5,0.6161419371931695,FALSE,not_significant
ggplot2,pragmatic_tone,0,57192,57192,0.008664356262340975,0,-1.2488851815580564e-4,-1.1605106689728146e-4,0.036555463728133945,TRUE,below_baseline
parsing,pragmatic_tone,6,57000,57006,0.740867247746473,1.0525207872855489e-4,-9.954678436229796e-5,6.911135676632062e-5,0.8096909811436863,FALSE,not_significant
pointers,pragmatic_tone,19,56915,56934,3.821751878825926e-6,3.337197456704254e-4,6.315399632871003e-5,3.633459099590537e-4,4.4961786809716784e-5,TRUE,above_baseline
github,pragmatic_tone,5,56649,56654,0.48515506555030047,8.825502171073534e-5,-1.096949764172595e-4,4.5265434785643084e-5,0.6260065361939361,FALSE,not_significant
user-interface,pragmatic_tone,6,56516,56522,0.7567165926881396,1.06153356215279e-4,-9.93656073841761e-5,7.0732734761647e-5,0.8225180355305866,FALSE,not_significant
kubernetes,pragmatic_tone,2,56511,56513,0.0654469223976182,3.5390087236565036e-5,-1.3432474000301816e-4,-3.5834670576938896e-5,0.15040415550151076,FALSE,not_significant
c++11,pragmatic_tone,17,56492,56509,9.817320450291684e-5,3.008370348086146e-4,3.731427317875944e-5,3.234202113853826e-4,8.92483677299244e-4,TRUE,above_baseline
selenium-webdriver,pragmatic_tone,2,56144,56146,0.06706934872633667,3.562141559505575e-5,-1.344127142749931e-4,-3.528403958798254e-5,0.15059811204526755,FALSE,not_significant
google-sheets,pragmatic_tone,1,56008,56009,0.026942806152375622,1.785427342034316e-5,-1.3788681923804707e-4,-6.734421897435373e-5,0.08085543481262555,FALSE,not_significant
elasticsearch,pragmatic_tone,1,55930,55931,0.027086570662229557,1.7879172551894298e-5,-1.3791033669711733e-4,-6.727090325218119e-5,0.08085543481262555,FALSE,not_significant
google-apps-script,pragmatic_tone,1,55234,55235,0.028404842495825852,1.810446275006789e-5,-1.3812317276047523e-4,-6.660748679247607e-5,0.08354365439948781,FALSE,not_significant
templates,pragmatic_tone,12,55194,55206,0.038446349800534955,2.173676774263667e-4,-2.615319241489503e-5,2.1994896221454134e-4,0.09853205897027216,FALSE,not_significant
ruby-on-rails-3,pragmatic_tone,4,55087,55091,0.30636967618973765,7.260714091230872e-5,-1.1915083593604353e-4,2.3425532707573867e-5,0.4472550017368433,FALSE,not_significant
security,pragmatic_tone,13,54925,54938,0.013319227302200524,2.36630383341221e-4,-1.253144952767472e-5,2.4485263115702963e-4,0.04756866893643045,TRUE,above_baseline
variables,pragmatic_tone,12,53655,53667,0.029832776982725812,2.2360109564536866e-4,-2.344360925807533e-5,2.2970621549572555e-4,0.08523650566493089,FALSE,not_significant
machine-learning,pragmatic_tone,3,53518,53521,0.17473957354421002,5.605276433549448e-5,-1.2799749149353158e-4,-8.365648885665501e-7,0.30888414191886826,FALSE,not_significant
flask,pragmatic_tone,0,53429,53429,0.011174495325937572,0,-1.2488851815580564e-4,-1.1605106689728146e-4,0.04297882817668297,TRUE,below_baseline
sql-server-2008,pragmatic_tone,6,53382,53388,0.8649844504948412,1.1238480557428635e-4,-9.811335878076344e-5,8.194338487624905e-5,0.9153274608411017,FALSE,not_significant
exception,pragmatic_tone,13,53031,53044,0.009081242172568744,2.450795565945253e-4,-8.671494158725304e-6,2.578910222946888e-4,0.03706629458191324,TRUE,above_baseline
tkinter,pragmatic_tone,3,52317,52320,0.18850455227155116,5.733944954128441e-5,-1.2816327679422013e-4,1.9025908237018486e-6,0.32223000388299344,FALSE,not_significant
delphi,pragmatic_tone,19,52147,52166,4.2861265493202886e-7,3.642219069892267e-4,7.995119730938859e-5,4.075530316159777e-4,7.143544248867148e-6,TRUE,above_baseline
nginx,pragmatic_tone,3,52047,52050,0.19174349087921455,5.7636887608069166e-5,-1.2820162226767685e-4,2.535812430728095e-6,0.32498896759188906,FALSE,not_significant
listview,pragmatic_tone,1,51693,51694,0.03621115765008475,1.9344604789724147e-5,-1.39296171204747e-4,-6.295420426889181e-5,0.09529252013180198,FALSE,not_significant
haskell,pragmatic_tone,8,51458,51466,0.47036515334506285,0.00015544242801072551,-7.282372323206322e-5,1.4276899420042716e-4,0.6161419371931695,FALSE,not_significant
debugging,pragmatic_tone,6,51213,51219,0.9453816431134315,1.1714402858314298e-4,-9.715739730128759e-5,9.050586941448644e-5,0.9517877808119326,FALSE,not_significant
asynchronous,pragmatic_tone,10,51086,51096,0.12187940423161833,1.9571003601064662e-4,-4.6128458153821226e-5,1.9660894512202738e-4,0.24375880846323666,FALSE,not_significant
jpa,pragmatic_tone,3,51081,51084,0.2037874267748033,5.872680291284943e-5,-1.2834219916488823e-4,4.856219937499998e-6,0.3364481165120192,FALSE,not_significant
jsp,pragmatic_tone,9,50767,50776,0.24445663628191736,1.7724909406018592e-4,-5.909533056087207e-5,1.7265393362815682e-4,0.37900253687118973,FALSE,not_significant
web-scraping,pragmatic_tone,1,50646,50647,0.0389201632932575,1.974450609118013e-5,-1.3967488311907906e-4,-6.177568975164776e-5,0.09853205897027216,FALSE,not_significant
gradle,pragmatic_tone,3,50352,50355,0.21336696929193144,5.957700327673518e-5,-1.2845192688047804e-4,6.666348380861289e-6,0.3441402730515023,FALSE,not_significant
batch-file,pragmatic_tone,4,50170,50174,0.40595261755432804,7.97225654721569e-5,-1.1899565468772642e-4,3.750120057895311e-5,0.5560994761018192,FALSE,not_significant
generics,pragmatic_tone,10,49944,49954,0.10512442196899437,2.0018416943588102e-4,-4.442502439459966e-5,2.038537782132746e-4,0.220890907441737,FALSE,not_significant
xamarin,pragmatic_tone,3,49888,49891,0.21969354238031563,6.0131085766972e-5,-1.2852346858685374e-4,7.846055067710651e-6,0.351509667808505,FALSE,not_significant
pdf,pragmatic_tone,4,49711,49715,0.41662846807832205,8.045861410037212e-5,-1.1897972226093404e-4,3.895736540859119e-5,0.5668414531677851,FALSE,not_significant
google-cloud-platform,pragmatic_tone,1,49326,49327,0.04263666012441111,2.027287286881424e-5,-1.4017556254025074e-4,-6.0218276775207894e-5,0.10527570401089163,FALSE,not_significant
wcf,pragmatic_tone,5,49250,49255,0.701713900233108,1.0151253679829459e-4,-1.0804042293597746e-4,7.012591147947954e-5,0.77968211137012,FALSE,not_significant
amazon-s3,pragmatic_tone,3,49120,49123,0.2305725049496424,6.107118864890174e-5,-1.2864490650303266e-4,9.84769874774905e-6,0.36598810309467045,FALSE,not_significant
ssl,pragmatic_tone,2,49004,49006,0.10823654464645113,4.0811329224992855e-5,-1.3639023108230012e-4,-2.2926695520801255e-5,0.220890907441737,FALSE,not_significant
testing,pragmatic_tone,4,48769,48773,0.439342256071129,8.201258893240112e-5,-1.189461504264393e-4,4.2031743238154444e-5,0.5857896747615052,FALSE,not_significant
jenkins,pragmatic_tone,2,48529,48531,0.11175545042445736,4.121077249593044e-5,-1.3654268961612996e-4,-2.1975350445096274e-5,0.2257685867160755,FALSE,not_significant
npm,pragmatic_tone,0,47505,47505,0.016738323034643694,0,-1.2488851815580564e-4,-1.1605106689728146e-4,0.05674007808353794,FALSE,not_significant
unix,pragmatic_tone,9,47352,47361,0.1684734379066263,1.9002977133084184e-4,-5.4657344613414196e-5,1.9377730222201078e-4,0.3019649209315059,FALSE,not_significant
recursion,pragmatic_tone,9,47162,47171,0.16468576023021633,1.9079519196116257e-4,-5.4391579215706364e-5,1.950423780849444e-4,0.30043803079760717,FALSE,not_significant
ionic-framework,pragmatic_tone,1,46390,46391,0.052280184258128005,2.1555905240240565e-5,-1.4139267712132668e-4,-5.64350974512793e-5,0.12597634760994703,FALSE,not_significant
network-programming,pragmatic_tone,2,46288,46290,0.1299998304148345,4.3205875999135884e-5,-1.3730463162902164e-4,-1.7223201425793695e-5,0.25242685517443597,FALSE,not_significant
google-app-engine,pragmatic_tone,2,46095,46097,0.13170679686476675,4.338677137340825e-5,-1.3737375197922413e-4,-1.6792290327046452e-5,0.25328230166301297,FALSE,not_significant
visual-studio-2010,pragmatic_tone,13,45654,45667,0.0014233265135040031,2.8466945496748196e-4,9.413370556854244e-6,3.189859543250226e-4,0.007693656829751368,TRUE,above_baseline
mongoose,pragmatic_tone,1,45397,45398,0.056032396112998074,2.2027402088197716e-5,-1.4184037021481406e-4,-5.504441066187764e-5,0.1334104669357097,FALSE,not_significant
assembly,pragmatic_tone,14,45004,45018,2.3868428526939146e-4,3.109867164245413e-4,2.7580517720979616e-5,3.5345333007501587e-4,0.001768031742736233,TRUE,above_baseline
.net-core,pragmatic_tone,3,44766,44769,0.3029739064378523,6.701065469409636e-5,-1.2941353891840018e-4,2.2495263253505794e-5,0.4455498624086064,FALSE,not_significant
android-fragments,pragmatic_tone,6,44290,44296,0.7741025572049094,1.3545241105291674e-4,-9.348259501011858e-5,1.2344783206286495e-4,0.8368676294107129,FALSE,not_significant
math,pragmatic_tone,16,44258,44274,4.106987466349371e-6,3.613859149839635e-4,6.381714372667046e-5,4.180151011881695e-4,4.563319407054857e-5,TRUE,above_baseline
join,pragmatic_tone,5,43612,43617,0.9116575159045465,1.1463420226058647e-4,-1.0640641157982248e-4,9.473523104790831e-5,0.9447228144088563,FALSE,not_significant
winapi,pragmatic_tone,13,43424,43437,7.042586227712135e-4,2.9928402053548816e-4,1.608891251362251e-5,3.4153954350426674e-4,0.004268234077401294,TRUE,above_baseline
svg,pragmatic_tone,4,43396,43400,0.5913531762676877,9.216589861751152e-5,-1.1872868044189495e-4,6.212089262383088e-5,0.7082073967277697,FALSE,not_significant
rust,pragmatic_tone,5,43238,43243,0.9269342890113842,1.1562565039428347e-4,-1.0628305811365309e-4,9.659477384913292e-5,0.9507018348834709,FALSE,not_significant
animation,pragmatic_tone,3,43237,43240,0.33331275060688814,6.938020351526365e-5,-1.2972076860607573e-4,2.7541590583515915e-5,0.4819234868234356,FALSE,not_significant
session,pragmatic_tone,3,43159,43162,0.33493682334228775,6.950558361521709e-5,-1.2973703320577891e-4,2.7808615383125983e-5,0.4819234868234356,FALSE,not_significant
intellij-idea,pragmatic_tone,2,43092,43094,0.1614198548501013,4.64101731099457e-5,-1.3852976922964428e-4,-9.589469603551418e-6,0.2989256571298172,FALSE,not_significant
django-models,pragmatic_tone,1,43024,43025,0.06617782842066473,2.324230098779779e-5,-1.4299484298012724e-4,-5.14601400973643e-5,0.15040415550151076,FALSE,not_significant
laravel-5,pragmatic_tone,4,42959,42963,0.6055234402975035,9.310336801433792e-5,-1.1870874264888612e-4,6.397589362447486e-5,0.7165957873343237,FALSE,not_significant
curl,pragmatic_tone,5,42842,42847,0.9432825674051337,1.166942843139543e-4,-1.0615011622991467e-4,9.859909980473617e-5,0.9517877808119326,FALSE,not_significant
hadoop,pragmatic_tone,6,42747,42753,0.7084249489154165,1.4034102869974038e-4,-9.250194096654027e-5,1.3224441331293393e-4,0.7827899988015653,FALSE,not_significant
javascript,actionability,92083,2390300,2482383,9.792763955337605e-102,0.03709459821469934,0.0023692395005819908,0.0028618661965388423,6.317912229250067e-101,TRUE,above_baseline
python,actionability,80841,2089772,2170613,1.2440615280217772e-100,0.037243396220330384,0.002501951981002318,0.0030267497273806006,7.775384550136107e-100,TRUE,above_baseline
java,actionability,79279,1806815,1886094,0,0.042033429935093375,0.0072587356501444536,0.007850033487764448,0,TRUE,above_baseline
c#,actionability,70159,1533934,1604093,0,0.04373748903586014,0.008933548416964426,0.009583338922478002,0,TRUE,above_baseline
php,actionability,56659,1389802,1446461,1.4162769530671597e-196,0.0391707761218588,0.004367154686475339,0.005016306824964408,3.1472821179270216e-195,TRUE,above_baseline
android,actionability,44714,1325048,1369762,2.0180670285118626e-30,0.03264362714106538,-0.002141940379525236,-0.001528896070621847,4.748393008263206e-30,TRUE,below_baseline
html,actionability,41068,1132326,1173394,0.0025773551027546593,0.03499932673935609,1.7974245628857137e-4,8.608202901457545e-4,0.002979601274860878,TRUE,above_baseline
jquery,actionability,37011,982858,1019869,1.0810223917066857e-22,0.03628995488636286,0.0014406040543945007,0.0021812149860533647,2.1620447834133714e-22,TRUE,above_baseline
c++,actionability,37734,770451,808185,0,0.046689804933276416,0.011744969778412146,0.012676549355862836,0,TRUE,above_baseline
css,actionability,22426,775390,797816,8.854458341682212e-208,0.02810923822034153,-0.0067398568861845535,-0.005999757405410233,2.529845240480632e-206,TRUE,below_baseline
sql,actionability,26194,645801,671995,3.714328450332737e-88,0.0389794566923861,0.004031864043313945,0.004968958609180411,2.0077451082879658e-87,TRUE,above_baseline
ios,actionability,25580,643035,668615,1.8837694776015404e-62,0.03825819043844365,0.003313532365151873,0.004244757779457572,7.5350779104061615e-62,TRUE,above_baseline
mysql,actionability,25991,627755,653746,2.4729665409581352e-117,0.03975703101816302,0.004798690846941291,0.005757280457106896,2.2481514008710322e-116,TRUE,above_baseline
r,actionability,14069,488961,503030,6.238279349267833e-139,0.02796851082440411,-0.006972062368842713,-0.0060490067146269175,6.931421499186481e-138,TRUE,below_baseline
reactjs,actionability,12958,445042,458000,1.011417089194164e-114,0.028292576419213972,-0.006672252063920022,-0.005700685829929882,7.780131455339723e-114,TRUE,below_baseline
node.js,actionability,15734,439714,455448,0.805641343028365,0.034546205055242314,-4.682922595705646e-4,6.026116377773438e-4,0.8220830030901684,FALSE,not_significant
arrays,actionability,20816,395473,416289,0,0.05000372337486698,0.014858531861688845,0.016190824155767263,0,TRUE,above_baseline
c,actionability,21044,385094,406138,0,0.05181490035406684,0.01665022120883399,0.018021488767021844,0,TRUE,above_baseline
asp.net,actionability,13708,354233,367941,5.400090118216772e-20,0.03725597310438358,0.0021605895085357444,0.0033932659679535722,1.0285885939460518e-19,TRUE,above_baseline
json,actionability,15446,340936,356382,1.7280294848314003e-181,0.043341133951770854,0.0081895379192994,0.009534639251964457,3.4560589696628003e-180,TRUE,above_baseline
.net,actionability,12912,322954,335866,7.881309469817059e-36,0.038443903223309296,0.0033104928983531067,0.004619222815987636,1.9952682202068505e-35,TRUE,above_baseline
sql-server,actionability,13366,321532,334898,1.7875933707690265e-65,0.03991065936494097,0.004764589435668706,0.00609863856193538,7.606780301144793e-65,TRUE,above_baseline
python-3.x,actionability,12079,322521,334600,3.380611280609365e-7,0.03609982068141064,9.844676164171506e-4,0.002257083014126282,4.4776308352441927e-7,TRUE,above_baseline
ruby-on-rails,actionability,11199,321538,332737,0.009863508442097968,0.03365721275361622,-0.0014389966184984615,-2.046686065469538e-4,0.011145207279206744,TRUE,below_baseline
swift,actionability,14087,314137,328224,3.5243938202631173e-152,0.042918860290533295,0.007742570324365307,0.009137059524423433,5.422144338866334e-151,TRUE,above_baseline
django,actionability,9881,295282,305163,2.636221168087517e-10,0.03237941690178692,-0.0027319239223896666,-0.0014673330063143483,3.7931239828597366e-10,TRUE,below_baseline
angular,actionability,8494,289723,298217,2.685386505764595e-71,0.028482615008534055,-0.0065979638603142115,-0.005394896854895528,1.2787554789355215e-70,TRUE,below_baseline
objective-c,actionability,12152,275315,287467,2.0295744741174667e-114,0.04227267825524321,0.007054436154622465,0.008532829623586105,1.5033884993462715e-113,TRUE,above_baseline
excel,actionability,11535,275517,287052,3.7658032607291064e-62,0.04018435684126918,0.004983126225412253,0.006427496724848251,1.4483858695111948e-61,TRUE,above_baseline
pandas,actionability,9110,277803,286913,1.6912749377476371e-15,0.03175178538441967,-0.003373031055804494,-0.0020814889076340203,2.772581865160061e-15,TRUE,below_baseline
regex,actionability,8844,251870,260714,0.12117148239679233,0.03392222895586735,-0.0012555753275879582,1.4194250704480744e-4,0.13099619718572145,FALSE,not_significant
angularjs,actionability,7854,248290,256144,5.897260098886499e-26,0.030662439877568868,-0.00448828146795333,-0.0031449295091867833,1.2547361912524466e-25,TRUE,below_baseline
typescript,actionability,6437,220834,227271,9.076273374981068e-58,0.02832301525491594,-0.006842009819501191,-0.00547005040294478,3.2415262053503816e-57,TRUE,below_baseline
ruby,actionability,8033,218778,226811,0.014821490399233663,0.03541715348902831,1.7390575414467392e-4,0.0017023104916340983,0.016653359999138948,TRUE,above_baseline
linux,actionability,8447,215335,223782,3.50439777673035e-17,0.03774655691699958,0.002474480555050548,0.0040605425466707645,5.939657248695508e-17,TRUE,above_baseline
ajax,actionability,9421,208233,217654,5.272633611042287e-111,0.043284295257610704,0.007947187761200007,0.009663312021743552,3.766166865030205e-110,TRUE,above_baseline
iphone,actionability,8047,208801,216848,2.399747497601178e-11,0.03710894266951966,0.001830906910544572,0.0034288876962169004,3.5032810183958804e-11,TRUE,above_baseline
vba,actionability,9564,205712,215276,1.3828748824417435e-139,0.044426689459112954,0.009074178965756059,0.010821109220192,1.6269116264020513e-138,TRUE,above_baseline
xml,actionability,7771,203963,211734,2.4184117842292757e-8,0.03670171063693124,0.001418407105037303,0.0030269234365473325,3.3357403920403806e-8,TRUE,above_baseline
laravel,actionability,5987,203290,209277,1.0601582355486326e-48,0.028608017125627758,-0.0065890101888463615,-0.005153046292175972,3.312994486089477e-48,TRUE,below_baseline
spring,actionability,6369,200271,206640,1.121020841039405e-19,0.03082171893147503,-0.004406135415153445,-0.002908517454174343,2.0953660580175793e-19,TRUE,below_baseline
asp.net-mvc,actionability,7970,190150,198120,2.8308953185181186e-44,0.04022814455885322,0.004880753734526793,0.0066174446509018,8.205493676864111e-44,TRUE,above_baseline
database,actionability,8010,183645,191655,2.590605469289082e-68,0.041793848321202164,0.006415867347498056,0.008213738562628423,1.2049327764135267e-67,TRUE,above_baseline
wordpress,actionability,5070,179966,185036,3.737590895385688e-62,0.027400073499210965,-0.00782640205216387,-0.0063315416816920505,1.4483858695111948e-61,TRUE,below_baseline
string,actionability,8722,175832,184554,6.899737561493684e-197,0.047259880576958506,0.011809952943250742,0.013751717478388421,1.7249343903734212e-195,TRUE,above_baseline
postgresql,actionability,5368,171018,176386,1.6609741031344052e-20,0.030433254339913597,-0.0048507891591394355,-0.00324079289331122,3.22519243327069e-20,TRUE,below_baseline
flutter,actionability,4078,167267,171345,5.00677171641082e-129,0.023799935802036827,-0.01140455989381733,-0.009953659234386864,5.270286017274548e-128,TRUE,below_baseline
mongodb,actionability,4994,166116,171110,5.5133874058244794e-33,0.02918590380457016,-0.006094080338661431,-0.0044922027844760985,1.3285270857408386e-32,TRUE,below_baseline
wpf,actionability,6904,160763,167667,1.1773758055739835e-50,0.04117685650724352,0.005743891743179517,0.007651730539029679,3.86024854286552e-50,TRUE,above_baseline
windows,actionability,6357,158053,164410,1.89937810270649e-20,0.03866553129371693,0.0032516654006449733,0.0051213064545110355,3.652650197512481e-20,TRUE,above_baseline
bash,actionability,6780,149441,156221,1.5202797399437026e-82,0.04340005505021732,0.007907953652796972,0.009934065715359826,8.001472315493172e-82,TRUE,above_baseline
xcode,actionability,6227,148757,154984,1.6626098924422615e-34,0.040178340990037684,0.004718861624910772,0.006679729622886746,4.105209610968547e-34,TRUE,above_baseline
amazon-web-services,actionability,4608,149262,153870,2.597965474768882e-22,0.02994735815948528,-0.005386473754308577,-0.003676900658998714,5.144486088651252e-22,TRUE,below_baseline
oracle-database,actionability,4938,146590,151528,5.764152801782053e-5,0.032588036534501874,-0.002788019591216448,-9.93998072057653e-4,7.250506668908242e-5,TRUE,below_baseline
git,actionability,7182,144316,151498,5.484340199519419e-166,0.04740656642331912,0.011854919105844923,0.014000123008515468,9.140566999199032e-165,TRUE,above_baseline
dataframe,actionability,4705,143038,147743,3.1781981147071466e-8,0.0318458404120669,-0.0035315641839057284,-0.0017348457242383174,4.3240790676287704e-8,TRUE,below_baseline
spring-boot,actionability,3942,141610,145552,1.073283858020219e-53,0.02708310432010553,-0.008233093479193411,-0.00655878861287338,3.7659082737551537e-53,TRUE,below_baseline
azure,actionability,4022,138487,142509,3.837151203107769e-38,0.028222778912209052,-0.007119223929965136,-0.005393308977894609,1.0097766323967814e-37,TRUE,below_baseline
list,actionability,6368,135069,141437,5.942273798558883e-104,0.04502357940284367,0.00946139553306541,0.011627672540344079,4.098119861075091e-103,TRUE,above_baseline
multithreading,actionability,6525,132811,139336,9.142011725575804e-140,0.04682924728713326,0.01123844341232036,0.01346196042966831,1.1427514656969755e-138,TRUE,above_baseline
firebase,actionability,5116,133823,138939,1.8291399343458105e-6,0.03682191465319313,0.0013499037543389847,0.0033358348197694235,2.3755064082413124e-6,TRUE,above_baseline
vb.net,actionability,6358,132486,138844,3.229904119054437e-117,0.04579240010371352,0.010211384763922679,0.012415324711226514,2.808612277438641e-116,TRUE,above_baseline
docker,actionability,4159,130149,134308,1.94949136342729e-12,0.030966137534621914,-0.004442240371492539,-0.002583575291541482,2.909688602130284e-12,TRUE,below_baseline
react-native,actionability,2928,125425,128353,9.87611076930371e-116,0.022812088537081332,-0.012487055129332205,-0.01084685852878298,7.900888615442968e-115,TRUE,below_baseline
eclipse,actionability,4331,117773,122104,0.058439524374181435,0.03546976348031187,-4.9336564553548526e-5,0.0020307727928994355,0.06386833264937862,FALSE,not_significant
algorithm,actionability,6996,113656,120652,0,0.05798494844677254,0.022185093826529036,0.02482671233473819,0,TRUE,above_baseline
powershell,actionability,4073,114106,118179,0.9784424996637078,0.03446466800362163,-0.0010570060231836962,0.0010282512981491024,0.9784424996637078,FALSE,not_significant
macos,actionability,4171,110618,114789,5.819575205714819e-4,0.03633623430816542,7.721924536707096e-4,0.002942185430382279,6.88707124936665e-4,TRUE,above_baseline
numpy,actionability,3750,110340,114090,0.0029378968095786287,0.03286878779910597,-0.002647429752044149,-5.730853820217557e-4,0.0033768928845731364,TRUE,below_baseline
visual-studio,actionability,4125,109355,113480,5.695884916469179e-4,0.03635001762425097,7.795662417172053e-4,0.0029623782745068833,6.780815376749023e-4,TRUE,above_baseline
forms,actionability,4726,107044,111770,3.9401679859027874e-46,0.04228326026661895,0.006622184857441061,0.008986244943518995,1.1761695480306828e-45,TRUE,above_baseline
image,actionability,4395,106986,111381,1.036717294155253e-19,0.03945915371562475,0.0038344137419900446,0.006125802956981608,1.956070366330666e-19,TRUE,above_baseline
function,actionability,4879,105988,110867,2.444315157919062e-67,0.04400768488368947,0.008319042387405114,0.010738236647695971,1.1110523445086646e-66,TRUE,above_baseline
scala,actionability,3199,107547,110746,2.4017720387328057e-24,0.02888591913026204,-0.006582278628689379,-0.00460397384306439,5.003691747360012e-24,TRUE,below_baseline
vue.js,actionability,2804,102275,105079,1.8306632591462237e-43,0.026684684856155844,-0.00877154942183519,-0.006817171598130971,5.156797913087954e-43,TRUE,below_baseline
twitter-bootstrap,actionability,2621,98795,101416,3.606141326168678e-51,0.02584404827640609,-0.009614294592442665,-0.0076556995870230024,1.2224207885317553e-50,TRUE,below_baseline
performance,actionability,3741,97417,101158,1.344512072115286e-5,0.03698175131971767,0.0013374437724185202,0.003667968134738969,1.7237334257888283e-5,TRUE,above_baseline
winforms,actionability,4868,93638,98506,8.50580592222945e-145,0.04941830954459627,0.013583781089667006,0.016294747267247688,1.2151151317470644e-143,TRUE,above_baseline
selenium,actionability,2949,95145,98094,3.8265475103040845e-14,0.030063000795155666,-0.005487165553633513,-0.0033449235883330035,5.932631798921062e-14,TRUE,below_baseline
loops,actionability,4493,91697,96190,1.7246164429073678e-95,0.04670963717642167,0.010895051771275914,0.013566131849289571,9.581202460596488e-95,TRUE,above_baseline
kotlin,actionability,2409,92007,94416,2.394868142819833e-51,0.025514743263853584,-0.009972773895277075,-0.007955830309293605,8.258166009723561e-51,TRUE,below_baseline
sqlite,actionability,3636,90149,93785,6.698710596817619e-13,0.038769526043610385,0.0030528054479735736,0.005528155906969347,1.0073249017770855e-12,TRUE,above_baseline
matlab,actionability,3561,89828,93389,1.040040985918138e-9,0.03813082911263639,0.002421311966123132,0.004882255526871802,1.4857728370259116e-9,TRUE,above_baseline
python-2.7,actionability,3591,89491,93082,7.887335535550339e-12,0.03857888743258632,0.0028604432715003706,0.0053392408613944205,1.1599022846397558e-11,TRUE,above_baseline
hibernate,actionability,2749,90091,92840,4.76637884196847e-16,0.029610081861266697,-0.00596180409878771,-0.0037761229109567456,7.878312135485075e-16,TRUE,below_baseline
shell,actionability,3824,88620,92444,2.3740674635036475e-30,0.04136558348838216,0.005600763797538402,0.008172312446948065,5.521087124427087e-30,TRUE,above_baseline
express,actionability,3200,89050,92250,0.7280391257777021,0.034688346883468835,-9.738195962989706e-4,0.0013924226309587908,0.746706795669438,FALSE,not_significant
dart,actionability,2443,89440,91883,3.7709576575645335e-39,0.026588161030876224,-0.008933689543529567,-0.006848079126995833,1.0191777452877117e-38,TRUE,below_baseline
entity-framework,actionability,3739,86752,90491,2.2747467855609265e-29,0.0413190262015007,0.0055411481750966135,0.008138813495626937,4.9994434847492895e-29,TRUE,above_baseline
csv,actionability,4253,85346,89599,3.0960538666646235e-100,0.04746704762329937,0.011593766381063249,0.01438223813325764,1.8763962828270443e-99,TRUE,above_baseline
rest,actionability,3041,86338,89379,0.4563934659444402,0.03402365208829815,-0.0016461745736178317,7.353880179362786e-4,0.48041417467835806,FALSE,not_significant
apache,actionability,2462,86821,89283,1.4872008844799723e-29,0.027575238287243932,-0.007980432451494839,-0.005827181706295146,3.342024459505556e-29,TRUE,below_baseline
maven,actionability,2793,84292,87085,1.017921842933537e-4,0.03207211345237412,-0.003579439635611169,-0.0012344241919184467,1.2644991837683687e-4,TRUE,below_baseline
android-studio,actionability,2531,84231,86762,1.182106223429064e-17,0.02917175722090316,-0.006429483018830431,-0.0041850932716410985,2.0381141783259725e-17,TRUE,below_baseline
linq,actionability,3654,82803,86457,5.977146213739219e-36,0.04226378430896284,0.006441647127650451,0.00912783075799738,1.5326015932664666e-35,TRUE,above_baseline
dictionary,actionability,3948,81808,85756,1.807731628410608e-76,0.046037595037081956,0.010154014643009393,0.01296308469887667,9.270418607233888e-76,TRUE,above_baseline
qt,actionability,2844,81918,84762,0.14008984582280928,0.033552771289021024,-0.0021407716004382196,2.882234462024192e-4,0.14982871210995646,FALSE,not_significant
asp.net-core,actionability,3099,80871,83970,1.1944430861830031e-4,0.036906037870668096,0.0011497055552135635,0.003704279453844779,1.47462109405309e-4,TRUE,above_baseline
unit-testing,actionability,3274,80104,83378,3.962915380145846e-14,0.039266952913238506,0.003467492579849773,0.0061083225143493906,6.09679289253207e-14,TRUE,above_baseline
facebook,actionability,2207,79637,81844,5.967448863801528e-32,0.026965935193783295,-0.008625292029692243,-0.006400928315019016,1.4208211580479828e-31,TRUE,below_baseline
swing,actionability,4281,76819,81100,1.1310073741016551e-178,0.05278668310727497,0.016766938237762926,0.01984833724450916,2.0563770438211913e-177,TRUE,above_baseline
file,actionability,4105,76461,80566,3.925408073954218e-144,0.05095201449743068,0.014952755667481558,0.017993182595101947,5.233877431938958e-143,TRUE,above_baseline
class,actionability,3959,75513,79472,1.4759158811455463e-123,0.04981628749748339,0.013822837200083976,0.016851647062604953,1.4759158811455463e-122,TRUE,above_baseline
apache-spark,actionability,2244,76970,79214,2.6737009720250717e-21,0.028328325800994772,-0.007308412528670875,-0.004993026601617431,5.242550925539356e-21,TRUE,below_baseline
tensorflow,actionability,1935,75906,77841,7.075559024511024e-49,0.024858365128916638,-0.010716884110208276,-0.008524476364236297,2.246209214130484e-48,TRUE,below_baseline
sorting,actionability,3738,73111,76849,3.0791793324341875e-102,0.048640841130008196,0.012639118908042141,0.0156844726196964,2.0527862216227917e-101,TRUE,above_baseline
date,actionability,3217,73497,76714,1.369913020225673e-29,0.04193497927366582,0.00603564027703688,0.008876227538016918,3.1134386823310753e-29,TRUE,above_baseline
unity-game-engine,actionability,2958,71929,74887,5.6320812071312785e-14,0.03949951259898247,0.003623485288073717,0.006417449177613371,8.598597262795846e-14,TRUE,above_baseline
t-sql,actionability,2925,70623,73548,4.151578556614388e-15,0.039769946157611355,0.003876688913854295,0.006705112669090566,6.696094446152238e-15,TRUE,above_baseline
go,actionability,2081,70687,72768,3.8144107677709555e-18,0.02859773526824978,-0.00709453354014701,-0.004668086655631281,6.691948715387641e-18,TRUE,below_baseline
authentication,actionability,2686,69976,72662,2.44726904166737e-4,0.03696567669483361,0.0011127907450948764,0.003860471912294495,2.984474441057768e-4,TRUE,above_baseline
symfony,actionability,1799,70847,72646,1.3138800815724488e-46,0.02476392368471767,-0.010847580594250252,-0.008582662768592254,3.981454792643784e-46,TRUE,below_baseline
for-loop,actionability,2994,68778,71772,2.794637510112141e-26,0.041715432201972914,0.0057718066532486114,0.008700967018419369,6.009973140026109e-26,TRUE,above_baseline
.htaccess,actionability,1844,69852,71696,9.787737385321036e-38,0.025719705422896675,-0.009920378333013968,-0.007598301553470532,2.5422694507327365e-37,TRUE,below_baseline
matplotlib,actionability,2358,69116,71474,0.029465082668612252,0.0329910177127347,-0.002799531199343725,-1.765241074647198e-4,0.03255810239625664,TRUE,below_baseline
datetime,actionability,3130,67990,71120,5.947363942143962e-44,0.04401012373453318,0.008021797154004912,0.011040359582783604,1.6992468406125608e-43,TRUE,above_baseline
opencv,actionability,2435,68471,70906,0.8408413709185224,0.03434124051561222,-0.001480191613082196,0.00120458191202879,0.8536460618462156,FALSE,not_significant
google-chrome,actionability,1856,67360,69216,2.479462835557845e-28,0.026814609338881183,-0.008870126779426692,-0.00645874527508879,5.390136599038794e-28,TRUE,below_baseline
codeigniter,actionability,1985,66621,68606,1.8424850102974284e-15,0.028933329446404105,-0.006802134437311311,-0.0042892974021583275,2.995910585849477e-15,TRUE,below_baseline
perl,actionability,3226,64807,68033,4.242048454453729e-76,0.04741816471418282,0.011340405490995428,0.014537833205092368,2.1210242272268646e-75,TRUE,above_baseline
validation,actionability,2229,64246,66475,0.1811304734968166,0.03353140278300113,-0.002318093379250762,4.2280821297517503e-4,0.19167245872679003,FALSE,not_significant
http,actionability,2271,64138,66409,0.6909522567700144,0.03419717207005075,-0.0016660336816203879,0.0011022870894440344,0.716012701316077,FALSE,not_significant
sockets,actionability,3007,61856,64863,1.5261993951262543e-61,0.04635924949508965,0.01026041962318088,0.013499988634720567,5.759243000476431e-61,TRUE,above_baseline
object,actionability,2990,61710,64700,6.125576718699369e-60,0.04621329211746522,0.010114853518745906,0.013353639983906688,2.227482443163407e-59,TRUE,above_baseline
google-maps,actionability,1869,62655,64524,1.7675846898701955e-14,0.02896596615212944,-0.006809205471290129,-0.00421695295672884,2.7835979368034576e-14,TRUE,below_baseline
uitableview,actionability,3146,60377,63523,1.3621492210403609e-95,0.04952536876406971,0.013357524432867814,0.016735122362993758,7.783709834516348e-95,TRUE,above_baseline
xaml,actionability,2283,59935,62218,0.002500769480745294,0.03669356134880581,7.353957308086009e-4,0.0036936362345251703,0.0029078714892387145,TRUE,above_baseline
if-statement,actionability,2549,59467,62016,1.781687918521871e-19,0.04110229618163055,0.005059041631576142,0.008187459999407103,3.299422071336798e-19,TRUE,above_baseline
oop,actionability,2905,59090,61995,8.270752411315497e-64,0.04685861763045407,0.010714373239516184,0.014044771289114105,3.446146838048124e-63,TRUE,above_baseline
ubuntu,actionability,1851,57078,58929,4.547473416152216e-5,0.03141068064959528,-0.004478569179657208,-0.0016581602534300873,5.756295463483818e-5,TRUE,below_baseline
cordova,actionability,1213,57016,58229,1.0206336331144623e-72,0.020831544419447356,-0.01480985088258573,-0.012485151010797408,4.978700649338841e-72,TRUE,below_baseline
visual-studio-code,actionability,1759,56441,58200,1.9001364980554565e-8,0.0302233676975945,-0.005648509656697783,-0.002862845680391065,2.639078469521467e-8,TRUE,below_baseline
email,actionability,2031,55934,57965,0.46102535887636475,0.03503838523246787,-9.393595790286413e-4,0.0020580393116865314,0.4827490668862458,FALSE,not_significant
android-layout,actionability,1769,55952,57721,4.6585001416973625e-7,0.030647424680792085,-0.00523964739133816,-0.0024235939793555185,6.129605449601793e-7,TRUE,below_baseline
ms-access,actionability,2603,55093,57696,2.036429620294087e-44,0.04511577925679423,0.008941526015090306,0.012331941766220312,5.989498883217903e-44,TRUE,above_baseline
web-services,actionability,1863,55808,57671,0.004241634754679763,0.03230393091848589,-0.00361998365371515,-7.302452415909133e-4,0.004847582576776872,TRUE,below_baseline
spring-mvc,actionability,1757,55457,57214,7.944021876488898e-7,0.030709266962631522,-0.0051853902988555165,-0.002354166508159288,1.038434232220771e-6,TRUE,below_baseline
ggplot2,actionability,1533,55659,57192,9.213669097499251e-24,0.02680444817456987,-0.009000316789124828,-0.00634887759401328,1.8803406321427044e-23,TRUE,below_baseline
parsing,actionability,2716,54290,57006,2.6866854952366963e-66,0.04764410763779251,0.011414913648965472,0.014915210894341701,1.168124128363781e-65,TRUE,above_baseline
pointers,actionability,2875,54059,56934,4.220651544208276e-97,0.05049706677907753,0.014217885171247432,0.017818157654629782,2.4827362024754567e-96,TRUE,above_baseline
github,actionability,2322,54332,56654,2.328191182409616e-17,0.040985632082465494,0.004872404827265684,0.008140768605387453,3.9798139870249844e-17,TRUE,above_baseline
user-interface,actionability,2329,54193,56522,2.0979083912997716e-18,0.04120519443756413,0.00508588371899432,0.008366414423856093,3.713112196990746e-18,TRUE,above_baseline
kubernetes,actionability,1497,55016,56513,2.476980691884306e-25,0.026489480296568932,-0.009315579925384634,-0.006663550213755352,5.214696193440644e-25,TRUE,below_baseline
c++11,actionability,2334,54175,56509,6.787975570468157e-19,0.04130315524960626,0.005181795048246932,0.00846642471868774,1.2230586613456138e-18,TRUE,above_baseline
selenium-webdriver,actionability,1556,54590,56146,1.6658823854395093e-18,0.02771346133295337,-0.008125355313335197,-0.005405812753035909,2.9747899739991238e-18,TRUE,below_baseline
google-sheets,actionability,2036,53973,56009,0.015288530364669725,0.03635130068381867,3.204912440445398e-4,0.003424019391314954,0.01708215683203321,TRUE,above_baseline
elasticsearch,actionability,1282,54649,55931,1.1651392452458344e-50,0.02292109921152849,-0.012800355719004609,-0.010315536590216261,3.86024854286552e-50,TRUE,below_baseline
google-apps-script,actionability,2265,52970,55235,4.5969611778216474e-17,0.041006608128903776,0.004872160062598536,0.008182965462931168,7.725985172809492e-17,TRUE,above_baseline
templates,actionability,1906,53300,55206,0.9526263417508349,0.034525232764554575,-0.0014785614785904724,0.001570936275421774,0.9574134087948089,FALSE,not_significant
ruby-on-rails-3,actionability,1884,53207,55091,0.7179705152426542,0.03419796336969741,-0.0018004400576594809,0.0012382760647764507,0.7401757889099527,FALSE,not_significant
security,actionability,2280,52658,54938,2.087986608634801e-19,0.041501328770614146,0.0053528877026465275,0.008691679106303914,3.8311680892381674e-19,TRUE,above_baseline
variables,actionability,2562,51105,53667,2.0738220634459554e-63,0.04773883392028621,0.011454410440378556,0.015065166667916014,8.464579850799818e-63,TRUE,above_baseline
machine-learning,actionability,1771,51750,53521,0.07848042692115284,0.03308981521272024,-0.0029064058454944808,1.2794553865710934e-4,0.0853048118708183,FALSE,not_significant
flask,actionability,1778,51651,53429,0.12847339233547392,0.03327780793202194,-0.0027238653091422884,3.213904409083159e-4,0.13814343261878914,FALSE,not_significant
sql-server-2008,actionability,2137,51251,53388,2.2571755490148882e-12,0.040027721585374994,0.0038842695800135815,0.007213082858458557,3.3439637763183526e-12,TRUE,above_baseline
exception,actionability,2098,50946,53044,1.600559611609334e-10,0.039552069979639545,0.0034127612286600027,0.006733287998341239,2.3196516110280203e-10,TRUE,above_baseline
tkinter,actionability,2370,49950,52320,8.609256691778191e-42,0.04529816513761468,0.009035685430495547,0.01260255411245596,2.391460192160609e-41,TRUE,above_baseline
delphi,actionability,2214,49952,52166,2.4238236388790928e-23,0.04244143695127094,0.006230888693331983,0.009693894476932053,4.8966134118769556e-23,TRUE,above_baseline
nginx,actionability,1186,50864,52050,2.405301146334437e-48,0.022785782901056675,-0.01297729626535704,-0.01040922866480746,7.40092660410596e-48,TRUE,below_baseline
listview,actionability,2108,49586,51694,4.513854758268859e-15,0.0407784268967385,0.004592884760656691,0.008005878300542465,7.222167613230175e-15,TRUE,above_baseline
haskell,actionability,2146,49320,51466,3.146395290079876e-19,0.041697431313877126,0.005489818309727376,0.008946953585749026,5.720718709236138e-19,TRUE,above_baseline
debugging,actionability,1918,49301,51219,2.3584386233412345e-4,0.03744704113707804,0.0013221595142610008,0.004613832027617224,2.8937897218910853e-4,TRUE,above_baseline
asynchronous,actionability,2441,48655,51096,9.062343557909369e-61,0.04777281979019884,0.011442982007631955,0.015144566840487872,3.356423539966433e-60,TRUE,above_baseline
jpa,actionability,1537,49547,51084,5.4904374481240565e-8,0.030087698692349854,-0.00587454649501354,-0.0029081468525646004,7.349544907486871e-8,TRUE,below_baseline
jsp,actionability,1899,48877,50776,3.149367318624197e-4,0.03739955884669923,0.0012685330082408835,0.0045724939528797295,3.817414931665694e-4,TRUE,above_baseline
web-scraping,actionability,1975,48672,50647,2.6371398355907177e-8,0.03899539953008076,0.002828820265498325,0.00620388806238534,3.6125203227270106e-8,TRUE,above_baseline
gradle,actionability,1324,49031,50355,8.365141804298453e-24,0.02629331744613246,-0.009585194969955121,-0.006786260870057807,1.724771506040918e-23,TRUE,below_baseline
batch-file,actionability,2240,47934,50174,1.187592659018337e-35,0.044644636664407863,0.008357025220377914,0.011974157376159963,2.968981647545842e-35,TRUE,above_baseline
generics,actionability,1959,47995,49954,6.798551142250161e-9,0.03921607879248909,0.0030332596154689657,0.0064408072372313645,9.50846313601421e-9,TRUE,above_baseline
xamarin,actionability,1585,48306,49891,9.193781563736381e-4,0.031769256980216876,-0.004250509838612611,-0.0011690669332314863,0.0010816213604395743,TRUE,below_baseline
pdf,actionability,1696,48019,49715,0.6562581858743782,0.03411445237855778,-0.0019619284715802574,0.001232742496417966,0.6836022769524773,FALSE,not_significant
google-cloud-platform,actionability,1353,47974,49327,9.964969482083974e-18,0.027429196991505665,-0.008493080501354226,-0.005606616247912293,1.7330381707972128e-17,TRUE,below_baseline
wcf,actionability,1605,47650,49255,0.021393661130347973,0.03258552431225256,-0.0034632246637172626,-3.238174440554633e-4,0.023770734589275526,TRUE,below_baseline
amazon-s3,actionability,1528,47595,49123,4.239325633974307e-5,0.031105592085173953,-0.0049104032206551615,-0.0018365033412747827,5.400414820349436e-5,TRUE,below_baseline
ssl,actionability,1470,47536,49006,5.512158680615154e-8,0.02999632698036975,-0.0059947376848434614,-0.002970699086694886,7.349544907486871e-8,TRUE,below_baseline
testing,actionability,1576,47197,48773,0.00881070463823341,0.03231296003936604,-0.003737133330536782,-5.950373230089873e-4,0.010012164361628875,TRUE,below_baseline
jenkins,actionability,1364,47167,48531,1.4869123088691165e-14,0.02810574684222456,-0.0078455662922782,-0.004901030755550532,2.3601782680462165e-14,TRUE,below_baseline
npm,actionability,1160,46345,47505,3.171804573149532e-33,0.024418482265024733,-0.011450442028632869,-0.008670684173595514,7.736108714998859e-33,TRUE,below_baseline
unix,actionability,1936,45425,47361,2.481449792379419e-14,0.04087751525516775,0.004613688204185472,0.008183251573872181,3.877265300592842e-14,TRUE,above_baseline
recursion,actionability,2073,45098,47171,2.1751168730819087e-29,0.04394649254838778,0.007616236062223112,0.011318658302274605,4.8335930512931304e-29,TRUE,above_baseline
ionic-framework,actionability,1018,45373,46391,1.7489686172680564e-49,0.021943911534564892,-0.013870278887375255,-0.01119998877577281,5.641834249251794e-49,TRUE,below_baseline
network-programming,actionability,1733,44557,46290,4.914589488431814e-4,0.037437891553251244,0.0012279698422262393,0.0046897225319984005,5.885735914289597e-4,TRUE,above_baseline
google-app-engine,actionability,1449,44648,46097,3.431276607251887e-4,0.031433715860034274,-0.00463987033438343,-0.0014507886778258718,4.134068201508298e-4,TRUE,below_baseline
visual-studio-2010,actionability,1730,43937,45667,6.818177523730826e-5,0.037882935161057216,0.0016513637997116438,0.005156415790124939,8.522721904663532e-5,TRUE,above_baseline
mongoose,actionability,1334,44064,45398,2.775581546401031e-9,0.029384554385655754,-0.0066497325995816025,-0.0035392493613847385,3.909269783663424e-9,TRUE,below_baseline
assembly,actionability,2444,42574,45018,4.338102754198246e-117,0.05428939535296992,0.017715953415279588,0.021904746558382406,3.6150856284985386e-116,TRUE,above_baseline
.net-core,actionability,1425,43344,44769,0.0021460770700325285,0.03183006097969577,-0.0042767677495811,-0.0010212010233052104,0.0025100316608567584,TRUE,below_baseline
android-fragments,actionability,1814,42482,44296,8.772760508527149e-14,0.040951778941665164,0.004625736531746351,0.008319730619306128,1.3292061376556286e-13,TRUE,above_baseline
math,actionability,2423,41851,44274,2.9879198366015193e-120,0.05472737950038397,0.018128433650324408,0.022368234618165683,2.8456379396204947e-119,TRUE,above_baseline
join,actionability,1579,42038,43617,0.04887595537749923,0.036201481073893205,-3.208086545440484e-5,0.003476952280962965,0.05370984107417499,FALSE,not_significant
winapi,actionability,2157,41280,43437,3.555138810704201e-67,0.04965812556115754,0.013134830927541561,0.017223329462495673,1.5800616936463117e-66,TRUE,above_baseline
svg,actionability,1182,42218,43400,1.395510167592072e-16,0.027235023041474654,-0.008777121234996955,-0.005710923414331586,2.3258502793201204e-16,TRUE,below_baseline
rust,actionability,1989,41254,43243,2.878177536930043e-39,0.04599588372684597,0.009541119326173962,0.013492557395240122,7.885417909397377e-39,TRUE,above_baseline
animation,actionability,1313,41927,43240,2.8068269585292306e-6,0.03036540240518039,-0.005732640995943282,-0.0024946449259737893,3.621712204553846e-6,TRUE,below_baseline
session,actionability,1917,41245,43162,1.320782251714385e-29,0.04441406793012372,0.00799009940095507,0.011879945727014526,3.0362810384238737e-29,TRUE,above_baseline
intellij-idea,actionability,1277,41817,43094,3.600227040098649e-8,0.02963289553070033,-0.006448846840340323,-0.0032434528305368662,4.865171675808985e-8,TRUE,below_baseline
django-models,actionability,1539,41486,43025,0.14261364379283883,0.0357699012202208,-4.6551831231956306e-4,0.0030472300204833136,0.15171664233280727,FALSE,not_significant
laravel-5,actionability,1251,41712,42963,1.1611490759094501e-9,0.029118078346484184,-0.006952546834194592,-0.0037693872051148894,1.6470199658290074e-9,TRUE,below_baseline
curl,actionability,1470,41377,42847,0.8463795947702445,0.034308119588302564,-0.0018959680973929672,0.001554116541720247,0.8549288836063076,FALSE,not_significant
hadoop,actionability,982,41771,42753,7.676770442185505e-39,0.02296914836385751,-0.01293180569938044,-0.010087988305182392,2.0471387845828013e-38,TRUE,below_baseline
javascript,scope_ambiguity,3735,2478648,2482383,8.809083877059972e-12,0.0015046026338401447,-2.3704234513577513e-4,-1.350926163685382e-4,4.194801846219034e-11,TRUE,below_baseline
python,scope_ambiguity,3291,2167322,2170613,1.7887608494872924e-9,0.0015161615635767409,-2.2884781100263263e-4,-1.2016929102848841e-4,6.879849421104971e-9,TRUE,below_baseline
java,scope_ambiguity,3676,1882418,1886094,1.3975669440363418e-16,0.001949001481368373,1.9325116670696545e-4,3.234115668451778e-4,8.470102691129344e-16,TRUE,above_baseline
c#,scope_ambiguity,3922,1600171,1604093,3.890985202330504e-109,0.002444995396152218,6.761299574720295e-4,8.325206056478036e-4,1.1117100578087155e-107,TRUE,above_baseline
php,scope_ambiguity,2261,1444200,1446461,2.804522082925074e-4,0.0015631254489405521,-1.940156219201138e-4,-6.107370938338475e-5,5.842754339427239e-4,TRUE,below_baseline
android,scope_ambiguity,1620,1368142,1369762,1.099616571284168e-45,0.0011826872113549654,-5.678700895308418e-4,-4.480957169438301e-4,1.691717801975643e-44,TRUE,below_baseline
html,scope_ambiguity,1561,1171833,1173394,1.1505671969900984e-20,0.0013303289432194131,-4.283339924938968e-4,-2.923483502518797e-4,8.850516899923834e-20,TRUE,below_baseline
jquery,scope_ambiguity,1247,1018622,1019869,9.507249964441382e-30,0.0012227060534245084,-5.377739654057832e-4,-3.981541569298029e-4,1.0563611071601534e-28,TRUE,below_baseline
c++,scope_ambiguity,2393,805792,808185,1.3736038552160916e-160,0.002960955721771624,0.001150678313029803,0.0013898929013288425,9.157359034773944e-159,TRUE,above_baseline
css,scope_ambiguity,1052,796764,797816,1.4033391547804407e-15,0.001318599777392281,-4.533982500407228e-4,-2.907424243593181e-4,7.796328637669115e-15,TRUE,below_baseline
sql,scope_ambiguity,2204,669791,671995,2.8791325891248224e-209,0.003279786307933839,0.001451417289506097,0.0017268150971769779,2.8791325891248224e-207,TRUE,above_baseline
ios,scope_ambiguity,990,667625,668615,3.644407771644944e-5,0.0014806727339350748,-3.0363520393859465e-4,-1.1635955737585862e-4,8.888799443036447e-5,TRUE,below_baseline
mysql,scope_ambiguity,1162,652584,653746,0.09225235834603282,0.0017774487339119475,-1.6659468371955645e-5,1.9021670701124796e-4,0.11531544793254103,FALSE,not_significant
r,scope_ambiguity,543,502487,503030,1.0567525931119153e-25,0.001079458481601495,-7.03451114334228e-4,-5.189721516473849e-4,1.1123711506441214e-24,TRUE,below_baseline
reactjs,scope_ambiguity,406,457594,458000,1.1298681442513772e-39,8.864628820960699e-4,-8.919692406350048e-4,-7.164452243574582e-4,1.5064908590018364e-38,TRUE,below_baseline
node.js,scope_ambiguity,494,454954,455448,4.408234879463014e-23,0.001084646326254589,-7.03039613538447e-4,-5.090079631369778e-4,4.408234879463014e-22,TRUE,below_baseline
arrays,scope_ambiguity,870,415419,416289,5.546019212880304e-10,0.0020898942801755513,2.595153837046916e-4,5.389329474618082e-4,2.2184076851521217e-9,TRUE,above_baseline
c,scope_ambiguity,1321,404817,406138,1.304609496964912e-125,0.0032525890214656103,0.0013860264569925925,0.0017378113567540253,5.218437987859648e-124,TRUE,above_baseline
asp.net,scope_ambiguity,659,367282,367941,0.14155647601296908,0.0017910480212860215,-3.724254387300492e-5,2.3799835726044517e-4,0.16653703060349304,FALSE,not_significant
json,scope_ambiguity,418,355964,356382,7.167137372964941e-14,0.0011728987434831163,-6.313560911681687e-4,-4.0418665105020134e-4,3.77217756471839e-13,TRUE,below_baseline
.net,scope_ambiguity,936,334930,335866,9.539817017894102e-53,0.0027868256983439826,9.171052976739112e-4,0.0012752058698294513,1.9079634035788203e-51,TRUE,above_baseline
sql-server,scope_ambiguity,1195,333703,334898,9.697794499458173e-150,0.003568250631535572,0.0016749545640262454,0.0020802064698602954,4.8488972497290864e-148,TRUE,above_baseline
python-3.x,scope_ambiguity,453,334147,334600,2.4083498730392403e-6,0.0013538553496712491,-4.624961712996335e-4,-2.1113335854247098e-4,7.298029918300729e-6,TRUE,below_baseline
ruby-on-rails,scope_ambiguity,367,332370,332737,2.1375310636732958e-16,0.00110297321908895,-7.0168548855019e-4,-4.7370830245651273e-4,1.2573712139254682e-15,TRUE,below_baseline
swift,scope_ambiguity,558,327666,328224,0.8965504823979326,0.0017000584966364435,-1.3251600677517648e-4,1.5129277086346074e-4,0.9010557612039523,FALSE,not_significant
django,scope_ambiguity,305,304858,305163,2.0645367024084737e-20,9.9946585922933e-4,-8.045290355024331e-4,-5.778794752235096e-4,1.529286446228499e-19,TRUE,below_baseline
angular,scope_ambiguity,316,297901,298217,6.536462824468712e-17,0.0010596310740165718,-7.489740895823668e-4,-5.131039915690922e-4,4.085289265292945e-16,TRUE,below_baseline
objective-c,scope_ambiguity,483,286984,287467,0.8918859567850669,0.001680192856919229,-1.6110426511726597e-4,1.401497497711212e-4,0.900894905843502,FALSE,not_significant
excel,scope_ambiguity,485,286567,287052,0.9888219652974288,0.0016895893426974904,-1.5223045120320145e-4,1.5006890741357953e-4,0.9888219652974288,FALSE,not_significant
pandas,scope_ambiguity,270,286643,286913,2.020326660409919e-22,9.410518171013512e-4,-8.630264426052469e-4,-6.362101523766534e-4,1.836660600372654e-21,TRUE,below_baseline
regex,scope_ambiguity,904,259810,260714,1.0239235379408697e-105,0.0034674010601655455,0.0015504867502028148,0.0020029751409436736,2.5598088448521744e-104,TRUE,above_baseline
angularjs,scope_ambiguity,246,255898,256144,2.997592599680505e-19,9.603972765319508e-4,-8.513640523124907e-4,-6.091816238082106e-4,2.1411375712003608e-18,TRUE,below_baseline
typescript,scope_ambiguity,245,227026,227271,1.36350401386278e-12,0.0010780081928622657,-7.485847929888329e-4,-4.767390504712384e-4,6.8175200693139e-12,TRUE,below_baseline
ruby,scope_ambiguity,334,226477,226811,0.011817127477559678,0.0014725917173329336,-3.7675381803836845e-4,-5.940297648036709e-5,0.017506855522310634,TRUE,below_baseline
linux,scope_ambiguity,408,223374,223782,0.12892408857992857,0.001823202938574148,-4.4988340865423056e-5,3.1005398882911627e-4,0.1525728858934066,FALSE,not_significant
ajax,scope_ambiguity,212,217442,217654,4.790423354506248e-16,9.740229906181371e-4,-8.487370384512778e-4,-5.845572094970509e-4,2.7373847740035703e-15,TRUE,below_baseline
iphone,scope_ambiguity,322,216526,216848,0.020182931979617538,0.0014849110897956171,-3.686691230648973e-4,-4.284892652847117e-5,0.02788625376789301,TRUE,below_baseline
vba,scope_ambiguity,369,214907,215276,0.7924272945320452,0.0017140786711012839,-1.521128528696858e-4,1.989299658876508e-4,0.8169353551876753,FALSE,not_significant
xml,scope_ambiguity,284,211450,211734,9.65032832157979e-5,0.0013413056004231724,-5.06132031164091e-4,-1.9259699717416684e-4,2.1209512794680857e-4,TRUE,below_baseline
laravel,scope_ambiguity,257,209020,209277,2.820501573192156e-7,0.0012280374814241412,-6.135882032410364e-4,-3.1167706309528405e-4,9.098392171587599e-7,TRUE,below_baseline
spring,scope_ambiguity,250,206390,206640,1.1338646726161083e-7,0.0012098335269066977,-6.316255269321533e-4,-3.30047648439054e-4,3.779548908720361e-7,TRUE,below_baseline
asp.net-mvc,scope_ambiguity,311,197809,198120,0.19190256535181544,0.0015697557036139713,-2.9602201372072053e-4,5.419319176406032e-5,0.21807109699069938,FALSE,not_significant
database,scope_ambiguity,499,191156,191655,4.0965366402660724e-22,0.002603636743106102,6.842222287406373e-4,0.0011417110282869642,3.413780533555061e-21,TRUE,above_baseline
wordpress,scope_ambiguity,219,184817,185036,1.1882996167671952e-7,0.0011835534706759767,-6.646469157260394e-4,-3.4958637210661e-4,3.896064317269493e-7,TRUE,below_baseline
string,scope_ambiguity,565,183989,184554,5.643676671734857e-46,0.0030614345936690614,0.001118174456880765,0.001623354501272755,9.406127786224763e-45,TRUE,above_baseline
postgresql,scope_ambiguity,268,176118,176386,0.08097012013895205,0.0015193949633190843,-3.5379573522809223e-4,1.1245432681658113e-5,0.10314664985853764,FALSE,not_significant
flutter,scope_ambiguity,198,171147,171345,7.520346831486521e-8,0.0011555633371268493,-6.968186500971515e-4,-3.7339490483375256e-4,2.549270112368312e-7,TRUE,below_baseline
mongodb,scope_ambiguity,178,170932,171110,6.393339725665356e-11,0.001040266495236982,-8.040379652101423e-4,-4.967692735004963e-4,2.8414843225179364e-10,TRUE,below_baseline
wpf,scope_ambiguity,240,167427,167667,0.009985359177262496,0.0014314086850721966,-4.4098096305195746e-4,-7.754189598825216e-5,0.015362091041942302,TRUE,below_baseline
windows,scope_ambiguity,353,164057,164410,7.297606149121784e-6,0.002147071346025181,2.320522931324378e-4,6.807501697333217e-4,2.0271128192004957e-5,TRUE,above_baseline
bash,scope_ambiguity,292,155929,156221,0.08710807427185817,0.0018691469136671766,-3.634827234508931e-5,3.9330187049483966e-4,0.10956990474447569,FALSE,not_significant
xcode,scope_ambiguity,202,154782,154984,2.1382821692097394e-4,0.001303360346874516,-5.676893193734447e-4,-2.0693021606212603e-4,4.5016466720205036e-4,TRUE,below_baseline
amazon-web-services,scope_ambiguity,199,153671,153870,1.5387884293698002e-4,0.0012932995385715215,-5.77703163856899e-4,-2.1703798818466076e-4,3.274017934829362e-4,TRUE,below_baseline
oracle-database,scope_ambiguity,380,151148,151528,1.2998169124317136e-14,0.002507787339633599,5.647479198710519e-4,0.0010694865302115434,7.026037364495749e-14,TRUE,above_baseline
git,scope_ambiguity,295,151203,151498,0.015447842099701662,0.00194722042535215,3.394722565453883e-5,4.7915339586515827e-4,0.021868660668336825,TRUE,above_baseline
dataframe,scope_ambiguity,145,147598,147743,3.504520799685057e-11,9.814339765674177e-4,-8.697564151418928e-4,-5.487158609078745e-4,1.5929639998568442e-10,TRUE,below_baseline
spring-boot,scope_ambiguity,144,145408,145552,7.969878159302251e-11,9.89337144113444e-4,-8.636865389422088e-4,-5.389794020155061e-4,3.3914375145967024e-10,TRUE,below_baseline
azure,scope_ambiguity,202,142307,142509,0.012272154763552515,0.0014174543362173617,-4.6924686720769626e-4,-7.718468954218298e-5,0.017825228633264193,TRUE,below_baseline
list,scope_ambiguity,310,141127,141437,4.884410414480461e-6,0.002191788570176121,2.5683880037730557e-4,7.453981107903333e-4,1.4157711346320176e-5,TRUE,above_baseline
multithreading,scope_ambiguity,436,138900,139336,1.2355963259346752e-38,0.0031291267152781764,0.0011447341434950374,0.0017321790578767127,1.5444954074183441e-37,TRUE,above_baseline
firebase,scope_ambiguity,189,138750,138939,0.00278693117838641,0.0013603092004404811,-5.248679060754583e-4,-1.3585392222818218e-4,0.004846836831976366,TRUE,below_baseline
vb.net,scope_ambiguity,280,138564,138844,0.0032155822016048195,0.002016651781855896,8.943004881114072e-5,5.625332857160484e-4,0.005359303669341366,TRUE,above_baseline
docker,scope_ambiguity,132,134176,134308,2.9001566148891244e-10,9.828156178336362e-4,-8.762478276909453e-4,-5.39461165826385e-4,1.1837373938322958e-9,TRUE,below_baseline
react-native,scope_ambiguity,121,128232,128353,7.380327369880748e-11,9.427126752004238e-4,-9.166622157832705e-4,-5.792526630004845e-4,3.208837986904673e-10,TRUE,below_baseline
eclipse,scope_ambiguity,147,121957,122104,3.584589953207245e-5,0.0012038917643975627,-6.819784597352434e-4,-2.9157824065423386e-4,8.850839390635172e-5,TRUE,below_baseline
algorithm,scope_ambiguity,793,119859,120652,0,0.006572622086662467,0.004425701003557722,0.005338202940582611,0,TRUE,above_baseline
powershell,scope_ambiguity,152,118027,118179,7.295538994535587e-4,0.001286184516707706,-6.094923995187233e-4,-1.9947879625046737e-4,0.0013636521485113247,TRUE,below_baseline
macos,scope_ambiguity,159,114630,114789,0.01191704522661469,0.0013851501450487416,-5.213068290643584e-4,-8.973311002276107e-5,0.017525066509727485,TRUE,below_baseline
numpy,scope_ambiguity,203,113887,114090,0.46733282330029763,0.001779297046191603,-1.564785071264619e-4,3.3373237032506526e-4,0.5052246738381596,FALSE,not_significant
visual-studio,scope_ambiguity,197,113283,113480,0.710869499243119,0.0017359887204793797,-1.9745134035842107e-4,2.8808855213257765e-4,0.7522428563419249,FALSE,not_significant
forms,scope_ambiguity,145,111625,111770,0.0013969330529012048,0.0012973069696698577,-6.050310421643023e-4,-1.8169524768058505e-4,0.0025398782780021905,TRUE,below_baseline
image,scope_ambiguity,158,111223,111381,0.02737088273818198,0.0014185543315287168,-4.937668731372137e-4,-5.046469298995539e-5,0.036987679375921595,TRUE,below_baseline
function,scope_ambiguity,221,110646,110867,0.01441930716033677,0.0019933794546618923,3.964088003745146e-5,5.657778001017305e-4,0.02074720454724715,TRUE,above_baseline
scala,scope_ambiguity,219,110527,110746,0.020499641029532455,0.0019774980586206273,2.466075272328412e-5,5.489951353333677e-4,0.027890668067391093,TRUE,above_baseline
vue.js,scope_ambiguity,92,104987,105079,1.3244329080145184e-10,8.755317427840006e-4,-9.947298257508468e-4,-6.355469178657548e-4,5.518470450060494e-10,TRUE,below_baseline
twitter-bootstrap,scope_ambiguity,95,101321,101416,5.306306723541888e-9,9.367358207777865e-4,-9.429375873254158e-4,-5.64931000303614e-4,1.9652987864969955e-8,TRUE,below_baseline
performance,scope_ambiguity,473,100685,101158,8.21043753898534e-117,0.0046758536151367165,0.00256446018425955,0.00340590681682928,2.7368125129951135e-115,TRUE,above_baseline
winforms,scope_ambiguity,241,98265,98506,8.545258830397838e-9,0.0024465514790977198,4.469334143339344e-4,0.0010648293146769024,3.107366847417396e-8,TRUE,above_baseline
selenium,scope_ambiguity,125,97969,98094,0.001527634562349388,0.0012742879279058863,-6.402401336955399e-4,-1.9252423967729024e-4,0.002752494706935834,TRUE,below_baseline
loops,scope_ambiguity,214,95976,96190,5.788366979199714e-5,0.002224763488928163,2.3589139706157552e-4,8.322953516101477e-4,1.361968700988168e-4,TRUE,above_baseline
kotlin,scope_ambiguity,122,94294,94416,0.002919476630798488,0.0012921538722250466,-6.282528336570958e-4,-1.6877965107741378e-4,0.005033580397928427,TRUE,below_baseline
sqlite,scope_ambiguity,109,93676,93785,8.362745956010635e-5,0.0011622327664338647,-7.471234773846989e-4,-3.097512189321744e-4,1.8792687541596933e-4,TRUE,below_baseline
matlab,scope_ambiguity,154,93235,93389,0.7571335257845045,0.0016490164794568953,-3.02406965109616e-4,2.1909969483880384e-4,0.7887723307888386,FALSE,not_significant
python-2.7,scope_ambiguity,161,92921,93082,0.7726176283901887,0.0017296577211490943,-2.2846787729056972e-4,3.064430904041556e-4,0.8006400294198845,FALSE,not_significant
hibernate,scope_ambiguity,96,92744,92840,1.1494234579258005e-6,0.001034037052994399,-8.640333902243515e-4,-4.4923273297145316e-4,3.5919483060181265e-6,TRUE,below_baseline
shell,scope_ambiguity,164,92280,92444,0.5380299291166353,0.0017740469906105318,-1.8839938404722497e-4,3.551531360836858e-4,0.5785268055017583,FALSE,not_significant
express,scope_ambiguity,80,92170,92250,1.1885644595418692e-9,8.672086720867209e-4,-0.0010141298046541579,-6.32793080357003e-4,4.6610370962426245e-9,TRUE,below_baseline
dart,scope_ambiguity,135,91748,91883,0.1029150232049732,0.0014692598195531273,-4.6962467172067146e-4,2.6804081642323283e-5,0.1270555842036706,FALSE,not_significant
entity-framework,scope_ambiguity,184,90307,90491,0.012299407756952293,0.002033351383010465,4.8714536895340464e-5,6.366479999409867e-4,0.017825228633264193,TRUE,above_baseline
csv,scope_ambiguity,115,89484,89599,0.0030523169733293956,0.0012834964675945044,-6.421873890041015e-4,-1.7215990499149246e-4,0.005129944492990581,TRUE,below_baseline
rest,scope_ambiguity,148,89231,89379,0.8004410502250473,0.0016558699470792916,-3.0186587541685664e-4,2.3226554039083717e-4,0.8209651797179972,FALSE,not_significant
apache,scope_ambiguity,121,89162,89283,0.014852862984203128,0.0013552411993324597,-5.773063425138783e-4,-9.355148800580502e-5,0.021218375691718756,TRUE,below_baseline
maven,scope_ambiguity,128,86957,87085,0.11324105914123499,0.001469828328644428,-4.7582172251084485e-4,3.413815061509794e-5,0.13809885261126217,FALSE,not_significant
android-studio,scope_ambiguity,93,86669,86762,9.36731348373664e-6,0.0010718978354579195,-8.371340678702544e-4,-4.004104903985095e-4,2.5663872558182573e-5,TRUE,below_baseline
linq,scope_ambiguity,194,86263,86457,7.817983491276177e-5,0.0022438900262558266,2.373870036560217e-4,8.690528196710288e-4,1.79723758420142e-4,TRUE,above_baseline
dictionary,scope_ambiguity,174,85582,85756,0.016106166760732413,0.002029012547227016,3.6714798325650244e-5,6.399700669437791e-4,0.022526107357667708,TRUE,above_baseline
qt,scope_ambiguity,95,84667,84762,5.488929373982939e-5,0.0011207852575446545,-7.957415323796414e-4,-3.440281817156524e-4,1.3216252979547365e-4,TRUE,below_baseline
asp.net-core,scope_ambiguity,151,83819,83970,0.44877405196472964,0.0017982612837918303,-1.7944974961570331e-4,3.946320880147612e-4,0.4904634447701964,FALSE,not_significant
unit-testing,scope_ambiguity,151,83227,83378,0.39846984205795716,0.0018110292883014704,-1.68711205111616e-4,4.09429552529954e-4,0.4452177006234158,FALSE,not_significant
facebook,scope_ambiguity,89,81755,81844,2.7166377312760297e-5,0.0010874346317384291,-8.296384357794706e-4,-3.7683252992827396e-4,6.965737772502642e-5,TRUE,below_baseline
swing,scope_ambiguity,120,80980,81100,0.14414216954629375,0.0014796547472256474,-4.7607497993990277e-4,5.404424520659483e-5,0.16858733280268273,FALSE,not_significant
file,scope_ambiguity,158,80408,80566,0.062196126392776115,0.0019611250403395973,-3.5483624954348145e-5,5.7639347644894e-4,0.0813021260036289,FALSE,not_significant
class,scope_ambiguity,152,79320,79472,0.12847506217944266,0.0019126233138715522,-8.226339091989428e-5,5.26169789478396e-4,0.1525728858934066,FALSE,not_significant
apache-spark,scope_ambiguity,86,79128,79214,3.4686664745987916e-5,0.0010856666750826873,-8.349284285906279e-4,-3.7507845042860017e-4,8.671666186496979e-5,TRUE,below_baseline
tensorflow,scope_ambiguity,78,77763,77841,2.9826669211677447e-6,0.0010020426253516785,-9.115061716515497e-4,-4.6574880682969603e-4,8.772549768140426e-6,TRUE,below_baseline
sorting,scope_ambiguity,180,76669,76849,1.1498891728158004e-5,0.0023422555921352264,3.0941312704663843e-4,9.937578280392115e-4,3.107808575177839e-5,TRUE,above_baseline
date,scope_ambiguity,174,76540,76714,1.0236090117307162e-4,0.0022681648721224286,2.404569525458489e-4,9.145325625144055e-4,2.225236982023296e-4,TRUE,above_baseline
unity-game-engine,scope_ambiguity,121,74766,74887,0.6183607517680578,0.0016157677567535085,-3.630399632127949e-4,2.1323524753520922e-4,0.6578305869872956,FALSE,not_significant
t-sql,scope_ambiguity,295,73253,73548,1.3938572475991378e-52,0.004010986022733453,0.0018632276790025398,0.002777404137279764,2.5342859047257054e-51,TRUE,above_baseline
go,scope_ambiguity,102,72666,72768,0.058105675628746425,0.0014017150395778364,-5.612914374009599e-4,-1.6618712627970017e-5,0.07645483635361372,FALSE,not_significant
authentication,scope_ambiguity,106,72556,72662,0.1286855458747559,0.0014588092813299937,-5.098620684551331e-4,4.61404019305178e-5,0.1525728858934066,FALSE,not_significant
symfony,scope_ambiguity,71,72575,72646,2.929292725388478e-6,9.773421798860227e-4,-9.411526477331714e-4,-4.8550322167938603e-4,8.744157389219338e-6,TRUE,below_baseline
for-loop,scope_ambiguity,119,71653,71772,0.8316833068325259,0.001658028200412417,-3.307513410810625e-4,2.6546751272129394e-4,0.8486564355433938,FALSE,not_significant
.htaccess,scope_ambiguity,99,71597,71696,0.043704778983698137,0.0013808301718366436,-5.821560416212788e-4,-3.752384389003671e-5,0.05788712448171939,FALSE,not_significant
matplotlib,scope_ambiguity,60,71414,71474,3.1116975431100114e-8,8.394660995606794e-4,-0.0010641684651512703,-6.382395649119737e-4,1.0918236993368461e-7,TRUE,below_baseline
datetime,scope_ambiguity,186,70934,71120,2.121852223343002e-9,0.0026152980877390325,5.489070215898475e-4,0.0013003489247036147,8.006989522049065e-9,TRUE,above_baseline
opencv,scope_ambiguity,104,70802,70906,0.14717103985828134,0.0014667306010774828,-5.061092794890001e-4,5.8230252459362866e-5,0.17112911611428064,FALSE,not_significant
google-chrome,scope_ambiguity,108,69108,69216,0.40454163302985074,0.0015603328710124826,-4.248474812721771e-4,1.641729941125396e-4,0.4494907033665008,FALSE,not_significant
codeigniter,scope_ambiguity,91,68515,68606,0.0203569652505619,0.0013264145993061832,-6.37101743119211e-4,-9.140928745302544e-5,0.02788625376789301,TRUE,below_baseline
perl,scope_ambiguity,145,67888,68033,0.0052289181087127054,0.0021313186247850307,9.371734824940132e-5,7.875796721360573e-4,0.008367439448419708,TRUE,above_baseline
validation,scope_ambiguity,150,66325,66475,3.9363475594718513e-4,0.0022564874012786762,2.047393322009464e-4,9.268952411718033e-4,7.872695118943703e-4,TRUE,above_baseline
http,scope_ambiguity,143,66266,66409,0.003768737636442166,0.0021533225918173742,1.0971439151660458e-4,8.155905629335411e-4,0.006229318407342424,TRUE,above_baseline
sockets,scope_ambiguity,134,64729,64863,0.020221851441500936,0.002065892727749256,2.540601750344976e-5,7.250392088104594e-4,0.02788625376789301,TRUE,above_baseline
object,scope_ambiguity,126,64574,64700,0.11243637258812522,0.0019474497681607418,-8.333079471783625e-5,5.96890101854717e-4,0.1379587393719328,FALSE,not_significant
google-maps,scope_ambiguity,68,64456,64524,8.355057102551618e-5,0.0010538714276858224,-8.876972021678662e-4,-3.8590017164509175e-4,1.8792687541596933e-4,TRUE,below_baseline
uitableview,scope_ambiguity,93,63430,63523,0.16490888532798287,0.0014640366481431923,-5.244243356293259e-4,7.115740273110771e-5,0.19064611020576056,FALSE,not_significant
xaml,scope_ambiguity,87,62131,62218,0.07620470815230394,0.0013983091709794592,-5.864479321955711e-4,1.7260449698868266e-6,0.09832865568039219,FALSE,not_significant
if-statement,scope_ambiguity,196,61820,62016,6.237226264982452e-19,0.0031604747162022706,0.001027736468327465,0.0019118727348924735,4.301535355160311e-18,TRUE,above_baseline
oop,scope_ambiguity,194,61801,61995,3.381834162841616e-18,0.0031292846197273974,9.986487885887047e-4,0.0018785802216814873,2.2545561085610776e-17,TRUE,above_baseline
ubuntu,scope_ambiguity,64,58865,58929,3.573391915774239e-4,0.0010860527074954605,-8.710647940141586e-4,-3.381700201795231e-4,7.292636562804569e-4,TRUE,below_baseline
cordova,scope_ambiguity,57,58172,58229,2.9441017599780565e-5,9.788936784076662e-4,-9.663143041514061e-4,-4.572385682178642e-4,7.453422177159637e-5,TRUE,below_baseline
visual-studio-code,scope_ambiguity,73,58127,58200,0.010463050712386892,0.001254295532646048,-7.244003205802397e-4,-1.4834884331226705e-4,0.01585310713998014,TRUE,below_baseline
email,scope_ambiguity,72,57893,57965,0.008633577803623924,0.0012421288708703527,-7.357515318058439e-4,-1.6133095563805334e-4,0.013489965318162381,TRUE,below_baseline
android-layout,scope_ambiguity,70,57651,57721,0.005229649655262318,0.0012127302021794494,-7.623437689798097e-4,-1.9353605584589427e-4,0.008367439448419708,TRUE,below_baseline
ms-access,scope_ambiguity,132,57564,57696,4.9063442416021e-4,0.0022878535773710484,2.0698771963646977e-4,9.873792059210242e-4,9.620282826670784e-4,TRUE,above_baseline
web-services,scope_ambiguity,101,57570,57671,0.7233082478588645,0.0017513134851138354,-2.810056892434142e-4,4.0229243028648223e-4,0.761377103009331,FALSE,not_significant
spring-mvc,scope_ambiguity,62,57152,57214,4.1325636928515863e-4,0.001083650854685916,-8.77117683391713e-4,-3.369208364210577e-4,8.18329444129027e-4,TRUE,below_baseline
ggplot2,scope_ambiguity,30,57162,57192,1.1563073394676264e-11,5.245488879563575e-4,-0.0013545034979342,-9.77738955337688e-4,5.3781736719424487e-11,TRUE,below_baseline
parsing,scope_ambiguity,135,56871,57006,8.467122554247405e-5,0.002368171771392485,2.7815285277677285e-4,0.0010768504608235946,1.8815827898327567e-4,TRUE,above_baseline
pointers,scope_ambiguity,164,56770,56934,5.32759164365948e-12,0.0028805283310499876,7.4932541446814e-4,0.0016303910184472324,2.5988251920290144e-11,TRUE,above_baseline
github,scope_ambiguity,103,56551,56654,0.4610800693975338,0.001818053447241148,-2.2379138480379005e-4,4.785580501014833e-4,0.5011739884755803,FALSE,not_significant
user-interface,scope_ambiguity,105,56417,56522,0.33443006288822413,0.0018576837337673825,-1.8836586944274227e-4,5.223931077929045e-4,0.37576411560474626,FALSE,not_significant
kubernetes,scope_ambiguity,62,56451,56513,5.990393061405279e-4,0.0010970927043335162,-8.670118748450045e-4,-3.201429456725658e-4,0.0011519986656548613,TRUE,below_baseline
c++11,scope_ambiguity,229,56280,56509,2.767272233937252e-42,0.00405245182183369,0.0018377194736078936,0.0028858439408748836,3.9532460484817887e-41,TRUE,above_baseline
selenium-webdriver,scope_ambiguity,69,56077,56146,0.007795439403887335,0.0012289388380294234,-7.519951947446228e-4,-1.7146735838113327e-4,0.012276282525806828,TRUE,below_baseline
google-sheets,scope_ambiguity,75,55934,56009,0.04301883576930734,0.0013390705065257369,-6.549025959483108e-4,-4.829662018481813e-5,0.05735844769240978,FALSE,not_significant
elasticsearch,scope_ambiguity,67,55864,55931,0.0045930180904128455,0.001197904560976918,-7.799059980133417e-4,-2.0562510921742517e-4,0.007468322098232269,TRUE,below_baseline
google-apps-script,scope_ambiguity,62,55173,55235,0.001162519120161872,0.0011224766905042092,-8.479280481840164e-4,-2.8845879999216784e-4,0.0021330626058016,TRUE,below_baseline
templates,scope_ambiguity,128,55078,55206,3.3651427724817277e-4,0.002318588559214578,2.263759597173258e-4,0.0010294609295272278,6.938438706147891e-4,TRUE,above_baseline
ruby-on-rails-3,scope_ambiguity,46,55045,55091,1.029598053538786e-6,8.349821204915504e-4,-0.0010974476235136876,-6.139283646878144e-4,3.2685652493294797e-6,TRUE,below_baseline
security,scope_ambiguity,162,54776,54938,7.872165400348378e-13,0.002948778623175216,8.043965008333079e-4,0.0017118205163325212,4.037007897614553e-12,TRUE,above_baseline
variables,scope_ambiguity,108,53559,53667,0.07001598018664765,0.002012409860808318,-5.7774497992125096e-5,7.012539904241584e-4,0.0909298443982437,FALSE,not_significant
machine-learning,scope_ambiguity,103,53418,53521,0.18853374611677623,0.0019244782421853105,-1.378594531821228e-4,6.054757083681411e-4,0.2154671384191728,FALSE,not_significant
flask,scope_ambiguity,39,53390,53429,6.562226218395429e-8,7.299406689251156e-4,-0.0011903309088773099,-7.311279824570616e-4,2.2628366270329064e-7,TRUE,below_baseline
sql-server-2008,scope_ambiguity,180,53208,53388,4.0078913156008405e-21,0.0033715441672285905,0.0011888878658537784,0.0021728602394188,3.2063130524806724e-20,TRUE,above_baseline
exception,scope_ambiguity,182,52862,53044,2.139658021231471e-22,0.003431113792323354,0.0012425450195275214,0.002238342335934584,1.8605721923751917e-21,TRUE,above_baseline
tkinter,scope_ambiguity,52,52268,52320,1.0577675590841025e-4,9.938837920489296e-4,-9.672939370739587e-4,-4.2627870801278494e-4,2.274768944266887e-4,TRUE,below_baseline
delphi,scope_ambiguity,120,52046,52166,7.132981951024288e-4,0.0023003488862477477,1.982427439083079e-4,0.0010211147994025848,0.001345845651136658,TRUE,above_baseline
nginx,scope_ambiguity,48,52002,52050,1.9988903952118747e-5,9.221902017291067e-4,-0.0010297679686128432,-5.071918571135463e-4,5.191923104446428e-5,TRUE,below_baseline
listview,scope_ambiguity,45,51649,51694,5.721492482208262e-6,0.00087050721553758655,-0.001074929404490786,-5.653963936186436e-4,1.6347121377737892e-5,TRUE,below_baseline
haskell,scope_ambiguity,107,51359,51466,0.03221408053872798,0.002079042474643454,-5.4958472031531726e-6,7.822405673054585e-4,0.04324037656205098,TRUE,above_baseline
debugging,scope_ambiguity,103,51116,51219,0.0780347202146274,0.0020109724906772876,-6.802035850763386e-5,7.086251106776063e-4,0.10004451309567616,FALSE,not_significant
asynchronous,scope_ambiguity,114,50982,51096,0.0029850872071068815,0.0022310944105213715,1.3099088956368085e-4,9.498577022944595e-4,0.005102713174541678,TRUE,above_baseline
jpa,scope_ambiguity,62,51022,51084,0.00873929060608482,0.001213687260198888,-7.793579835548186e-4,-1.746077252320082e-4,0.013549287761371815,TRUE,below_baseline
jsp,scope_ambiguity,54,50722,50776,5.867521974548494e-4,0.0010634945643611155,-9.111591944451681e-4,-3.431919060172037e-4,0.0011393246552521348,TRUE,below_baseline
web-scraping,scope_ambiguity,33,50614,50647,1.2722202553239597e-8,6.515687010089443e-4,-0.0012619497396510761,-8.162530875156378e-4,4.543643769014142e-8,TRUE,below_baseline
gradle,scope_ambiguity,70,50285,50355,0.10097485672431836,0.0013901300764571542,-6.263862579739547e-4,2.5306181703660532e-5,0.12543460462648243,FALSE,not_significant
batch-file,scope_ambiguity,92,50082,50174,0.43627265030581747,0.0018336190058596085,-2.317550726734979e-4,5.176528552081121e-4,0.4794204948415577,FALSE,not_significant
generics,scope_ambiguity,164,49790,49954,5.37072126261801e-18,0.0032830203787484486,0.0010904451344754156,0.0020942553938368786,3.4649814597535544e-17,TRUE,above_baseline
xamarin,scope_ambiguity,48,49843,49891,7.533262501888665e-5,9.62097372271552e-4,-0.0010011180675125585,-4.5602741712894013e-4,1.7519215120671315e-4,TRUE,below_baseline
pdf,scope_ambiguity,70,49645,49715,0.1253622058971482,0.0014080257467565121,-6.126716394110779e-4,4.738290373949936e-5,0.15103880228572072,FALSE,not_significant
google-cloud-platform,scope_ambiguity,56,49271,49327,0.0026965516962725537,0.0011352808806535974,-8.530231401048535e-4,-2.5775532777255457e-4,0.004730792449600971,TRUE,below_baseline
wcf,scope_ambiguity,71,49184,49255,0.17863466887819493,0.001441478022535783,-5.846532629793305e-4,8.626907886629385e-5,0.2053272056071206,FALSE,not_significant
amazon-s3,scope_ambiguity,61,49062,49123,0.015526749074519147,0.001241780835861002,-7.607566798438944e-4,-1.3702187761870435e-4,0.021868660668336825,TRUE,below_baseline
ssl,scope_ambiguity,67,48939,49006,0.08156940354831235,0.0013671795290372607,-6.510526067169399e-4,4.071435606858441e-6,0.10325240955482577,FALSE,not_significant
testing,scope_ambiguity,84,48689,48773,0.8652770402792348,0.0017222643675804236,-3.367655445449828e-4,3.9995405052122723e-4,0.8784538479992231,FALSE,not_significant
jenkins,scope_ambiguity,43,48488,48531,1.6152010948496508e-5,8.860316086625044e-4,-0.0010698649156992335,-5.394120961603605e-4,4.250529196972766e-5,TRUE,below_baseline
npm,scope_ambiguity,40,47465,47505,6.792531889444329e-6,8.420166298284391e-4,-0.0011100063929210995,-5.873005766066251e-4,1.913389264632205e-5,TRUE,below_baseline
unix,scope_ambiguity,103,47258,47361,0.010431797452652146,0.0021747851607863008,6.424940602478422e-5,9.039806863632145e-4,0.01585310713998014,TRUE,above_baseline
recursion,scope_ambiguity,167,47004,47171,1.7049546963577042e-22,0.003540310784168239,0.0013133900588721773,0.002385891280279698,1.6237663774835278e-21,TRUE,above_baseline
ionic-framework,scope_ambiguity,53,46338,46391,0.004076454666399983,0.00114246297773275,-8.560519576890748e-4,-2.4036231603002814e-4,0.006682712567868825,TRUE,below_baseline
network-programming,scope_ambiguity,92,46198,46290,0.12052875760124113,0.0019874702959602505,-1.0925348185520002e-4,7.028538445910983e-4,0.14609546375908017,FALSE,not_significant
google-app-engine,scope_ambiguity,49,46048,46097,0.00104411724930603,0.001062975898648502,-9.256232696885074e-4,-3.297651621990913e-4,0.0019335504616778334,TRUE,below_baseline
visual-studio-2010,scope_ambiguity,70,45597,45667,0.412056301808486,0.0015328355267479798,-5.170231356495193e-4,2.0135395996087618e-4,0.45531083072760886,FALSE,not_significant
mongoose,scope_ambiguity,35,45363,45398,1.8625114712882199e-6,7.709590730869201e-4,-0.0011755621900530016,-6.63859892957761e-4,5.7308045270406765e-6,TRUE,below_baseline
assembly,scope_ambiguity,182,44836,45018,8.243135499310768e-34,0.004042827313519037,0.0017657615252950434,0.0029385528725584275,9.697806469777374e-33,TRUE,above_baseline
.net-core,scope_ambiguity,73,44696,44769,0.757221437557285,0.0016305925975563448,-4.341903790354113e-4,3.140353449634982e-4,0.7887723307888386,FALSE,not_significant
android-fragments,scope_ambiguity,53,44243,44296,0.011407727501790992,0.001196496297634098,-8.165285204741522e-4,-1.718191134422546e-4,0.017026458957897003,TRUE,below_baseline
math,scope_ambiguity,226,44048,44274,4.407067701089684e-68,0.005104576049148484,0.002749892223534571,0.004077919645577795,9.793483780199296e-67,TRUE,above_baseline
join,scope_ambiguity,103,43514,43617,6.601033110501575e-4,0.0023614645665680813,2.1498465921944134e-4,0.0011266042447321185,0.001257339640095538,TRUE,above_baseline
winapi,scope_ambiguity,108,43329,43437,5.550826251409893e-5,0.0024863595552179017,3.2705926719712346e-4,0.001264319614054077,1.3216252979547365e-4,TRUE,above_baseline
svg,scope_ambiguity,48,43352,43400,0.0030459759527132826,0.0011059907834101382,-8.978242493389865e-4,-2.715344130253397e-4,0.005129944492990581,TRUE,below_baseline
rust,scope_ambiguity,78,43165,43243,0.5674094762911869,0.001803760146150822,-2.8718513735934744e-4,5.133652004763889e-4,0.6068550548568844,FALSE,not_significant
animation,scope_ambiguity,50,43190,43240,0.006874752411241297,0.001156336725254394,-8.550890757546607e-4,-2.1357770292115385e-4,0.010912305414668724,TRUE,below_baseline
session,scope_ambiguity,82,43080,43162,0.29070479144888794,0.0018998192854826005,-2.0199322031412347e-4,6.202915620947217e-4,0.3284799903377265,FALSE,not_significant
intellij-idea,scope_ambiguity,36,43058,43094,1.5617577452565484e-5,8.353831159790226e-4,-0.0011285608243139743,-5.820131729125833e-4,4.164687320684129e-5,TRUE,below_baseline
django-models,scope_ambiguity,46,42979,43025,0.0017113822276941329,0.0010691458454386985,-9.307644831136657e-4,-3.122840551935401e-4,0.0030560396923109516,TRUE,below_baseline
laravel-5,scope_ambiguity,51,42912,42963,0.011110710476692941,0.0011870679421828085,-8.296192270291264e-4,-1.7758511778985937e-4,0.016707835303297655,TRUE,below_baseline
curl,scope_ambiguity,46,42801,42847,0.001887636054533478,0.0010735874156883795,-9.276032384680202e-4,-3.065621593398235e-4,0.003340948769085802,TRUE,below_baseline
hadoop,scope_ambiguity,42,42711,42753,3.668188979190678e-4,9.823872008981826e-4,-0.0010056996219178212,-4.1086620547041647e-4,7.410482786243794e-4,TRUE,below_baseline
javascript,quantifier_distribution,1988,2480395,2482383,5.378186843455642e-10,8.008433831523983e-4,-1.6240886766011672e-4,-8.789007321196787e-5,3.0732496248317955e-9,TRUE,below_baseline
python,quantifier_distribution,2065,2168548,2170613,0.24040264237642917,9.513441594609449e-4,-1.745063514845401e-5,6.815324689346251e-5,0.2879073561394361,FALSE,not_significant
java,quantifier_distribution,1871,1884223,1886094,0.004225857267285872,9.919972175299852e-4,1.943846729902436e-5,1.1257026058406481e-4,0.00836803419264529,TRUE,above_baseline
c#,quantifier_distribution,1726,1602367,1604093,1.807706894793915e-9,0.0010759974639874372,9.781294473653444e-5,2.0219627606145869e-4,1.0042816082188416e-8,TRUE,above_baseline
php,quantifier_distribution,1297,1445164,1446461,0.25991241470098375,8.966712548765573e-4,-7.961246420889121e-5,2.096926678512449e-5,0.3022237380243997,FALSE,not_significant
android,quantifier_distribution,654,1369108,1369762,7.244044435306253e-65,4.7745520754700454e-4,-4.8711652189662157e-4,-4.0995877018625064e-4,2.897617774122501e-63,TRUE,below_baseline
html,quantifier_distribution,909,1172485,1173394,1.2868582102168442e-7,7.746758548279606e-4,-2.0312558388319976e-4,-9.950841363776024e-5,5.16417390956668e-7,TRUE,below_baseline
jquery,quantifier_distribution,836,1019033,1019869,5.334296030822502e-4,8.197131200183553e-4,-1.6315658429869368e-4,-4.940288284147701e-5,0.001403762113374343,TRUE,below_baseline
c++,quantifier_distribution,1141,807044,808185,1.5654925247289765e-44,0.0014118054653328136,4.030414310769697e-4,5.685837924117763e-4,3.913731311822441e-43,TRUE,above_baseline
css,quantifier_distribution,654,797162,797816,0.002106261065588605,8.197378844244788e-4,-1.7023727787703893e-4,-4.2272660450884715e-5,0.0045788284034534894,TRUE,below_baseline
sql,quantifier_distribution,1281,670714,671995,1.9023299538545015e-145,0.00190626418351327,8.752649301517766e-4,0.0010852777296978824,1.9023299538545016e-143,TRUE,above_baseline
ios,quantifier_distribution,439,668176,668615,7.427700461126092e-13,6.565811416136342e-4,-3.3202003435729564e-4,-2.0680338959231732e-4,6.424945562704203e-12,TRUE,below_baseline
mysql,quantifier_distribution,989,652757,653746,1.4210100419518771e-52,0.0015128199637167953,4.918221058367477e-4,6.818321144199615e-4,4.0600286912910777e-51,TRUE,above_baseline
r,quantifier_distribution,579,502451,503030,2.2252885007328355e-7,0.0011510247897739698,1.305342993099777e-4,3.195295730610806e-4,8.558801925895522e-7,TRUE,above_baseline
reactjs,quantifier_distribution,242,457758,458000,1.3880582929234361e-18,5.283842794759825e-4,-4.652800017970686e-4,-3.2993714642784764e-4,1.633009756380513e-17,TRUE,below_baseline
node.js,quantifier_distribution,280,455168,455448,6.8127431307612044e-12,6.147792942333702e-4,-3.842348169765172e-4,-2.3819230173362374e-4,4.8662450934008606e-11,TRUE,below_baseline
arrays,quantifier_distribution,548,415741,416289,2.839657809566018e-16,0.0013163931787772438,2.795785430245737e-4,5.012221073530326e-4,3.1551753439622422e-15,TRUE,above_baseline
c,quantifier_distribution,585,405553,406138,2.000260444234252e-26,0.0014403971064022574,3.971253526173495e-4,6.31683153010284e-4,3.3337674070570866e-25,TRUE,above_baseline
asp.net,quantifier_distribution,298,367643,367941,0.021481779375336935,8.099124587909475e-4,-2.08810851693707e-4,-2.334993790127933e-5,0.035507073347664356,TRUE,below_baseline
json,quantifier_distribution,227,356155,356382,1.6633976217843868e-8,6.36956973135568e-4,-3.7276984106935794e-4,-2.0530191983638725e-4,7.920941056116128e-8,TRUE,below_baseline
.net,quantifier_distribution,409,335457,335866,3.6305474479114795e-8,0.0012177475540840691,1.7317580169109455e-4,4.103335993001624e-4,1.544913807621906e-7,TRUE,above_baseline
sql-server,quantifier_distribution,639,334259,334898,9.308794943886375e-76,0.001908043643139105,8.337454342111092e-4,0.0011303561448902195,4.654397471943188e-74,TRUE,above_baseline
python-3.x,quantifier_distribution,283,334317,334600,0.12961656377755404,8.457860131500298e-4,-1.7946410206683984e-4,1.9050421190018263e-5,0.16943341670268502,FALSE,not_significant
ruby-on-rails,quantifier_distribution,255,332482,332737,0.0026145952516305223,7.663710377866002e-4,-2.544424658966853e-4,-6.480116570699563e-5,0.005504411056064257,TRUE,below_baseline
swift,quantifier_distribution,199,328025,328224,2.039315305465579e-9,6.062932631373696e-4,-4.047970356392576e-4,-2.3460214526288455e-4,1.1023325975489616e-8,TRUE,below_baseline
django,quantifier_distribution,189,304974,305163,2.9300902377270222e-8,6.19341138997847e-4,-3.957669932996609e-4,-2.1753643588152635e-4,1.2739522772726184e-7,TRUE,below_baseline
angular,quantifier_distribution,145,298072,298217,3.555205945253738e-15,4.862231194063383e-4,-5.198332018977291e-4,-3.597062664664755e-4,3.742322047635514e-14,TRUE,below_baseline
objective-c,quantifier_distribution,222,287245,287467,0.007011900994061012,7.722625553541798e-4,-2.5601340751029523e-4,-5.144718895822656e-5,0.013230001875586815,TRUE,below_baseline
excel,quantifier_distribution,462,286590,287052,9.946014623002564e-33,0.001609464487270599,5.36319091806624e-4,8.306241755576927e-4,1.989202924600513e-31,TRUE,above_baseline
pandas,quantifier_distribution,297,286616,286913,0.05618970045801057,0.0010351569988114864,-9.137417424181772e-6,2.2746570787027327e-4,0.08578580222597033,FALSE,not_significant
regex,quantifier_distribution,343,260371,260714,8.571010164248281e-11,0.0013156178801291838,2.499494436021502e-4,5.29300609479336e-4,5.356881352655175e-10,TRUE,above_baseline
angularjs,quantifier_distribution,134,256010,256144,2.3439235204871244e-11,5.231432319320382e-4,-4.922452105501009e-4,-3.134540327627039e-4,1.6164989796462925e-10,TRUE,below_baseline
typescript,quantifier_distribution,110,227161,227271,4.837685161916912e-12,4.8400367842795606e-4,-5.332409960336544e-4,-3.5073735428731487e-4,3.583470490308823e-11,TRUE,below_baseline
ruby,quantifier_distribution,180,226631,226811,0.03898628122882674,7.936123027542756e-4,-2.489162406029722e-4,-1.5844861065357924e-5,0.06091606442004178,FALSE,not_significant
linux,quantifier_distribution,232,223550,223782,0.08668641980731083,0.0010367232395813782,-2.3165018169402112e-5,2.446257901552772e-4,0.12383774258187262,FALSE,not_significant
ajax,quantifier_distribution,155,217499,217654,0.0010806286723146197,7.121394506877888e-4,-3.265912871550031e-4,-1.011155186463005e-4,0.0024559742552604995,TRUE,below_baseline
iphone,quantifier_distribution,135,216713,216848,3.6322174704810095e-6,6.225558916844979e-4,-4.091330404380395e-4,-1.9774088336984593e-4,1.3208063529021853e-5,TRUE,below_baseline
vba,quantifier_distribution,332,214944,215276,1.0618634602094613e-20,0.0015422062840260875,4.499991815698628e-4,7.82427679305431e-4,1.4158179469459485e-19,TRUE,above_baseline
xml,quantifier_distribution,173,211561,211734,0.10069863183293959,8.170629185676368e-4,-2.312479618288698e-4,1.3388091787262091e-5,0.13889466459715807,FALSE,not_significant
laravel,quantifier_distribution,144,209133,209277,3.6169984465924483e-4,6.88083258074227e-4,-3.509212185374558e-4,-1.248979724909716e-4,9.909584785184789e-4,TRUE,below_baseline
spring,quantifier_distribution,131,206509,206640,1.3511615996323652e-5,6.339527680991096e-4,-4.0125425633915214e-4,-1.8282591463950992e-4,4.580208812313102e-5,TRUE,below_baseline
asp.net-mvc,quantifier_distribution,160,197960,198120,0.08427576897513823,8.075913587724611e-4,-2.4408423515464274e-4,7.281245522683741e-6,0.12126009924480322,FALSE,not_significant
database,quantifier_distribution,342,191313,191655,1.4683698838040852e-34,0.0017844564451749236,6.691144675764004e-4,0.0010478127155965655,3.2630441862313e-33,TRUE,above_baseline
wordpress,quantifier_distribution,132,184904,185036,0.002718093919009608,7.133746946540133e-4,-3.348862356294377e-4,-9.035008223941707e-5,0.00566269566460335,TRUE,below_baseline
string,quantifier_distribution,215,184339,184554,7.824693396402566e-4,0.0011649706860864572,8.286771479162477e-5,3.9508795020440823e-4,0.0019084618040006258,TRUE,above_baseline
postgresql,quantifier_distribution,218,176168,176386,2.05853283799017e-5,0.0012359257537446283,1.4551405812394524e-4,4.7435174218843e-4,6.861776126633901e-5,TRUE,above_baseline
flutter,quantifier_distribution,64,171281,171345,6.011583751732568e-14,3.735154221016079e-4,-6.447858159476347e-4,-4.6016904702603093e-4,6.011583751732568e-13,TRUE,below_baseline
mongodb,quantifier_distribution,159,170951,171110,0.9650455020727018,9.292268131611244e-4,-1.4165196072708067e-4,1.4811987987244814e-4,0.9650455020727018,FALSE,not_significant
wpf,quantifier_distribution,141,167526,167667,0.25379430345405013,8.409526024799155e-4,-2.2432780656668453e-4,5.424730434963428e-5,0.30034828811130193,FALSE,not_significant
windows,quantifier_distribution,147,164263,164410,0.6718115105016194,8.941061979198346e-4,-1.7687691821375234e-4,1.1310360687654021e-4,0.6998036567725202,FALSE,not_significant
bash,quantifier_distribution,148,156073,156221,0.7818310424240487,9.473758329545963e-4,-1.3166527023520693e-4,1.744312289675183e-4,0.8018779922297934,FALSE,not_significant
xcode,quantifier_distribution,81,154903,154984,1.8770312976668837e-7,5.226345945387911e-4,-5.178016764250064e-4,-2.889148416742926e-4,7.360907049674053e-7,TRUE,below_baseline
amazon-web-services,quantifier_distribution,125,153745,153870,0.14397789687284474,8.123740820172873e-4,-2.564994907581653e-4,2.926194761585863e-5,0.1845870472728779,FALSE,not_significant
oracle-database,quantifier_distribution,207,151321,151528,2.071266718438402e-8,0.0013660841560635658,2.5371828468410837e-4,6.264643202661419e-4,9.633798690411172e-8,TRUE,above_baseline
git,quantifier_distribution,178,151320,151498,0.0015097961605728871,0.0011749330024158735,7.600333228225989e-5,4.218769653726057e-4,0.00335510257905086,TRUE,above_baseline
dataframe,quantifier_distribution,158,147585,147743,0.07090486162287558,0.0010694246089493242,-2.3679830141575057e-5,3.1054334086334204e-4,0.10427185532775822,FALSE,not_significant
spring-boot,quantifier_distribution,70,145482,145552,2.494912206040223e-8,4.8092777838847973e-4,-5.583640937063139e-4,-3.317660566936079e-4,1.1240042204150687e-7,TRUE,below_baseline
azure,quantifier_distribution,115,142394,142509,0.1406381240918335,8.06966577549488e-4,-2.6696179850348037e-4,2.890924642557518e-5,0.18264691440497854,FALSE,not_significant
list,quantifier_distribution,214,141223,141437,5.067566000329866e-13,0.0015130411419925478,3.841140652427579e-4,7.899825115654565e-4,4.6068781821180604e-12,TRUE,above_baseline
multithreading,quantifier_distribution,322,139014,139336,7.039146638118166e-64,0.002310960555778837,0.0011325487468062567,0.0016373866575745358,2.3463822127060554e-62,TRUE,above_baseline
firebase,quantifier_distribution,91,138848,138939,9.178586144850406e-4,6.549636891009724e-4,-4.061101794099913e-4,-1.3594814956494514e-4,0.0021596673282000957,TRUE,below_baseline
vb.net,quantifier_distribution,134,138710,138844,0.6328070988749369,9.65111924173893e-4,-1.2466850658326493e-4,2.0290664775416954e-4,0.6661127356578282,FALSE,not_significant
docker,quantifier_distribution,90,134218,134308,0.0020915861169323504,6.701015576138428e-4,-3.948274973315244e-4,-1.1695509461767128e-4,0.0045788284034534894,TRUE,below_baseline
react-native,quantifier_distribution,38,128315,128353,1.2307364198681907e-13,2.960585260960009e-4,-7.248449691447537e-4,-5.350236858401259e-4,1.1721299236839911e-12,TRUE,below_baseline
eclipse,quantifier_distribution,84,122020,122104,0.0063398897970447215,6.879381510843215e-4,-3.856283517859188e-4,-9.048105322231943e-5,0.012310465625329557,TRUE,below_baseline
algorithm,quantifier_distribution,578,120074,120652,0,0.004790637536054106,0.0034748381428736297,0.004254451222057701,0,TRUE,above_baseline
powershell,quantifier_distribution,84,118095,118179,0.015195282762091438,7.107861802858376e-4,-3.676466454990274e-4,-6.276670110617866e-5,0.02619876338291627,TRUE,below_baseline
macos,quantifier_distribution,69,114720,114789,3.0234659918275e-4,6.011028931343596e-4,-4.672065480280007e-4,-1.8257337288016137e-4,8.51680561078169e-4,TRUE,below_baseline
numpy,quantifier_distribution,143,113947,114090,2.9002238549412243e-4,0.0012533964414059076,1.2173527657980212e-4,5.330718990551319e-4,8.286353871260642e-4,TRUE,above_baseline
visual-studio,quantifier_distribution,74,113406,113480,0.0024586663689653374,6.520972858653507e-4,-4.2292570539782e-4,-1.2486543004835984e-4,0.005231205040351782,TRUE,below_baseline
forms,quantifier_distribution,82,111688,111770,0.034839644600685275,7.336494587098505e-4,-3.515492140706848e-4,-3.3137575686495414e-5,0.05486558204832327,FALSE,not_significant
image,quantifier_distribution,84,111297,111381,0.05987180646428815,7.541681256228621e-4,-3.3350686942841377e-4,-1.014258650274333e-5,0.09071485827922447,FALSE,not_significant
function,quantifier_distribution,114,110753,110867,0.2641564659908279,0.0010282590852102068,-8.678861258581361e-5,2.9132107582934604e-4,0.30538319767725775,FALSE,not_significant
scala,quantifier_distribution,85,110661,110746,0.08354144937962953,7.675220775468189e-4,-3.220331469749239e-4,5.091594891680305e-6,0.12107456431830366,FALSE,not_significant
vue.js,quantifier_distribution,65,105014,105079,0.0010702199935150427,6.185822095756526e-4,-4.582416280463559e-4,-1.5657965997922018e-4,0.0024559742552604995,TRUE,below_baseline
twitter-bootstrap,quantifier_distribution,68,101348,101416,0.007566194075667778,6.705056401356788e-4,-4.1526987401342653e-4,-9.570455289209715e-5,0.014142418833023883,TRUE,below_baseline
performance,quantifier_distribution,312,100846,101158,3.1366826920161767e-111,0.0030842839913798217,0.0018163643887069622,0.0025002178868758,2.0911217946774514e-109,TRUE,above_baseline
winforms,quantifier_distribution,98,98408,98506,0.47827626191059514,9.948632570604837e-4,-1.283813381950505e-4,2.6612214513913664e-4,0.5255783097918628,FALSE,not_significant
selenium,quantifier_distribution,37,98057,98094,1.638720502934886e-8,3.771892266601423e-4,-6.709326322493863e-4,-4.2667462160721057e-4,7.920941056116128e-8,TRUE,below_baseline
loops,quantifier_distribution,145,96045,96190,3.4351089298988446e-9,0.0015074332051148768,3.3596062227676034e-4,8.269200807761119e-4,1.807952068367813e-8,TRUE,above_baseline
kotlin,quantifier_distribution,41,94375,94416,6.937347557159464e-7,4.3424843246907307e-4,-6.251998299651815e-4,-3.5828901227355356e-4,2.569387984133135e-6,TRUE,below_baseline
sqlite,quantifier_distribution,90,93695,93785,0.7352873714770713,9.596417337527323e-4,-1.648943695579632e-4,2.3219212988654652e-4,0.7580282180175992,FALSE,not_significant
matlab,quantifier_distribution,96,93293,93389,0.3066698767351454,0.0010279583248562465,-1.0392402216825297e-4,3.0785496470386474e-4,0.3504798591258804,FALSE,not_significant
python-2.7,quantifier_distribution,70,93012,93082,0.08146695561466412,7.520250961517801e-4,-3.504965370071193e-4,2.5610221337982577e-6,0.1189298622111885,FALSE,not_significant
hibernate,quantifier_distribution,53,92787,92840,3.806445449798232e-4,5.708746230073244e-4,-5.092534485796874e-4,-2.0098301258254504e-4,0.0010287690404860086,TRUE,below_baseline
shell,quantifier_distribution,92,92352,92444,0.48998240830828665,9.95197092293713e-4,-1.344220434613987e-4,2.728305208719434e-4,0.5354998997904773,FALSE,not_significant
express,quantifier_distribution,49,92201,92250,8.20779041980992e-5,5.311653116531165e-4,-5.440150289661612e-4,-2.4564005490448703e-4,2.5254739753261294e-4,TRUE,below_baseline
dart,quantifier_distribution,38,91845,91883,3.355127497067982e-7,4.1356943068902846e-4,-6.444589630665561e-4,-3.803878827322684e-4,1.266085847950182e-6,TRUE,below_baseline
entity-framework,quantifier_distribution,98,90393,90491,0.12134139712853732,0.0010829806279077478,-5.766097330976003e-5,3.7163652194837434e-4,0.1596597330638649,FALSE,not_significant
csv,quantifier_distribution,123,89476,89599,1.1614853204150603e-5,0.0013727831783836874,2.0404408972266846e-4,6.895365598678251e-4,4.00512179453469e-5,TRUE,above_baseline
rest,quantifier_distribution,85,89294,89379,0.8061571515247774,9.510063885252688e-4,-1.7743350596877424e-4,2.274605758424306e-4,0.8226093382905892,FALSE,not_significant
apache,quantifier_distribution,61,89222,89283,0.01723537595394428,6.832207699114053e-4,-4.1460307880611814e-4,-7.094108854795262e-5,0.029212501616854708,TRUE,below_baseline
maven,quantifier_distribution,54,87031,87085,0.003033370500720659,6.20083826146868e-4,-4.7169771499813663e-4,-1.401203398850086e-4,0.0061905520422870595,TRUE,below_baseline
android-studio,quantifier_distribution,33,86729,86762,1.29104347739167e-7,3.8035084483990686e-4,-6.759643023023423e-4,-4.153197151947254e-4,5.16417390956668e-7,TRUE,below_baseline
linq,quantifier_distribution,128,86329,86457,9.042843097532193e-8,0.0014805047595914732,2.979297935072036e-4,8.110940184988615e-4,3.767851290638414e-7,TRUE,above_baseline
dictionary,quantifier_distribution,130,85626,85756,1.4868255314522553e-8,0.0015159289145948971,3.2925735802327613e-4,8.506147639896369e-4,7.434127657261276e-8,TRUE,above_baseline
qt,quantifier_distribution,62,84700,84762,0.06296704713502743,7.314598522923008e-4,-3.769497220470038e-4,-1.2116280545275843e-5,0.09398066736571259,FALSE,not_significant
asp.net-core,quantifier_distribution,66,83904,83970,0.18293640131908348,7.859949982136477e-4,-3.2994360824671945e-4,4.9947897497133634e-5,0.22725018797401672,FALSE,not_significant
unit-testing,quantifier_distribution,72,83306,83378,0.553885088899094,8.635371440907674e-4,-2.6220852297068433e-4,1.3729710397533776e-4,0.5955753644076279,FALSE,not_significant
facebook,quantifier_distribution,54,81790,81844,0.012393789500269143,6.597917990323053e-4,-4.425465878511728e-4,-8.985552126109783e-5,0.02174349035134937,TRUE,below_baseline
swing,quantifier_distribution,74,81026,81100,0.899295608346213,9.124537607891492e-4,-0.00022169928436143762,1.9462109876285463e-4,0.9038146817549879,FALSE,not_significant
file,quantifier_distribution,104,80462,80566,6.8139584529025e-4,0.0012908671151602414,1.1664009071289585e-4,6.131084324307056e-4,0.0016846849680586054,TRUE,above_baseline
class,quantifier_distribution,131,79341,79472,2.4643355814313446e-11,0.0016483793034024563,4.400803031217665e-4,0.001004692596506265,1.6428903876208965e-10,TRUE,above_baseline
apache-spark,quantifier_distribution,96,79118,79214,0.008293224334169477,0.0012119069861388138,4.332436622781554e-5,5.285038988729309e-4,0.015078589698489957,TRUE,above_baseline
tensorflow,quantifier_distribution,62,77779,77841,0.23555187160847854,7.964954201513341e-4,-3.280566346232085e-4,6.906176774899544e-5,0.28379743567286575,FALSE,not_significant
sorting,quantifier_distribution,146,76703,76849,9.044049874336652e-19,0.0018998295358430169,6.657189911941066e-4,0.0012819543733150458,1.1305062342920815e-17,TRUE,above_baseline
date,quantifier_distribution,65,76649,76714,0.47429846139085224,8.473029694710222e-4,-2.8494885663387157e-4,1.2756908839903469e-4,0.52408669766945,FALSE,not_significant
unity-game-engine,quantifier_distribution,56,74831,74887,0.10932613333116635,7.47793341968566e-4,-3.743643240375431e-4,1.796530079779365e-5,0.1497618264810498,FALSE,not_significant
t-sql,quantifier_distribution,165,73383,73548,1.2338837039718283e-31,0.002243432860172948,9.75295288287705e-4,0.00165958472488131,2.2434249163124154e-30,TRUE,above_baseline
go,quantifier_distribution,50,72718,72768,0.0343311117747181,6.871152154793316e-4,-4.296607312135675e-4,-4.809454500465056e-5,0.054493828213838254,FALSE,not_significant
authentication,quantifier_distribution,43,72619,72662,0.00308622342587729,5.917811235583937e-4,-5.114613782520531e-4,-1.5696208180804086e-4,0.0062347947997521014,TRUE,below_baseline
symfony,quantifier_distribution,34,72612,72646,5.010878160196564e-5,4.6802301572006715e-4,-6.157260936241769e-4,-3.002135821125701e-4,1.5907549714909726e-4,TRUE,below_baseline
for-loop,quantifier_distribution,98,71674,71772,1.1247471205944401e-4,0.0013654349885749318,1.6901199151989104e-4,7.098722784530912e-4,3.3080797664542357e-4,TRUE,above_baseline
.htaccess,quantifier_distribution,46,71650,71696,0.012384682049931543,6.415978576210668e-4,-4.701491384825501e-4,-9.864085345219766e-5,0.02174349035134937,TRUE,below_baseline
matplotlib,quantifier_distribution,57,71417,71474,0.2593174486436709,7.974927945826455e-4,-3.3581145968836955e-4,7.881134167677918e-5,0.3022237380243997,FALSE,not_significant
datetime,quantifier_distribution,74,71046,71120,0.3162232812884672,0.0010404949381327335,-1.227583828156851e-4,3.517625519042708e-4,0.3593446378278037,FALSE,not_significant
opencv,quantifier_distribution,62,70844,70906,0.6519418751196739,8.743970891038841e-4,-2.694961014067767e-4,1.6630457243766347e-4,0.6826616493399728,FALSE,not_significant
google-chrome,quantifier_distribution,47,69169,69216,0.03285625719113037,6.790337494220989e-4,-4.414082133207093e-4,-5.2509995011974136e-5,0.05257001150580859,FALSE,not_significant
codeigniter,quantifier_distribution,45,68561,68606,0.020160122743701606,6.559193073492114e-4,-4.620443474168752e-4,-7.810274506158324e-5,0.03360020457283601,TRUE,below_baseline
perl,quantifier_distribution,90,67943,68033,6.822974120637352e-4,0.001322887422280364,1.234946676415844e-4,6.702944697422621e-4,0.0016846849680586054,TRUE,above_baseline
validation,quantifier_distribution,51,66424,66475,0.17880988858076713,7.672057164347499e-4,-3.696217797948109e-4,5.204750548742947e-5,0.22351236072595893,FALSE,not_significant
http,quantifier_distribution,49,66360,66409,0.11132960379362965,7.378517971961631e-4,-3.9502227772831417e-4,1.8740164943759118e-5,0.15044541053193194,FALSE,not_significant
sockets,quantifier_distribution,79,64784,64863,0.014676409822589437,0.0012179516827775466,2.3268838415974947e-5,5.60648819962237e-4,0.025524190995807716,TRUE,above_baseline
object,quantifier_distribution,90,64610,64700,1.039887878871128e-4,0.0013910355486862441,1.7759603981561345e-4,7.524893503799935e-4,3.1041429220033675e-4,TRUE,above_baseline
google-maps,quantifier_distribution,24,64500,64524,3.755944120704266e-6,3.719546215361726e-4,-7.033237658381371e-4,-4.047526982663989e-4,1.341408614537238e-5,TRUE,below_baseline
uitableview,quantifier_distribution,57,63466,63523,0.8123892998256912,8.973127843458275e-4,-2.6184293537699697e-4,2.0448279689177061e-4,0.8247607104829352,FALSE,not_significant
xaml,quantifier_distribution,45,62173,62218,0.09674591659698703,7.232633642997203e-4,-4.143265847319595e-4,8.867606154518826e-6,0.13580213956258028,FALSE,not_significant
if-statement,quantifier_distribution,70,61946,62016,0.09744843601630941,0.0011287409700722394,-6.180560942172148e-5,0.00046730184238931893,0.13580213956258028,FALSE,not_significant
oop,quantifier_distribution,135,61860,61995,1.710129906792807e-24,0.0021775949673360755,8.844663785858139e-4,0.0016187378489094558,2.6309690873735493e-23,TRUE,above_baseline
ubuntu,quantifier_distribution,46,58883,58929,0.2463848359077798,7.806003835123624e-4,-3.7121530270666197e-4,8.043036255450547e-5,0.293315280842595,FALSE,not_significant
cordova,quantifier_distribution,8,58221,58229,3.968099198942257e-10,1.3738858644318124e-4,-8.845858043032182e-4,-6.926227299873006e-4,2.4049086054195497e-9,TRUE,below_baseline
visual-studio-code,quantifier_distribution,13,58187,58200,2.5290094959339044e-8,2.2336769759450173e-4,-8.246494468201642e-4,-5.806008651677136e-4,1.1240042204150687e-7,TRUE,below_baseline
email,quantifier_distribution,42,57923,57965,0.11120398693893087,7.245751746743725e-4,-4.20812850118148e-4,1.7977492290011647e-5,0.15044541053193194,FALSE,not_significant
android-layout,quantifier_distribution,41,57680,57721,0.08874945213086582,7.103134041336775e-4,-4.3337026618708375e-4,2.0113672775575744e-6,0.12588574770335578,FALSE,not_significant
ms-access,quantifier_distribution,99,57597,57696,4.848907241912885e-10,0.0017158901830282862,4.519629371946244e-4,0.0011278317216850667,2.852298377595815e-9,TRUE,above_baseline
web-services,quantifier_distribution,34,57637,57671,0.007947362781128602,5.895510741967367e-4,-5.349278958500614e-4,-1.3795566293334664e-4,0.014582317029593766,TRUE,below_baseline
spring-mvc,quantifier_distribution,28,57186,57214,6.00720924576963e-4,4.89390708567833e-4,-6.182405745172236e-4,-2.549637155239917e-4,0.0015403100630178538,TRUE,below_baseline
ggplot2,quantifier_distribution,74,57118,57192,0.003880263978816419,0.0012938872569590153,7.302998344760705e-5,6.627588232935423e-4,0.007760527957632838,TRUE,above_baseline
parsing,quantifier_distribution,61,56945,57006,0.25875044681726295,0.0010700628004069747,-1.2459534017731679e-4,4.1273523381438497e-4,0.3022237380243997,FALSE,not_significant
pointers,quantifier_distribution,69,56865,56934,0.025116508037114113,0.0012119296026978606,-1.0929949967834881e-7,5.719827977185184e-4,0.040839850466852214,TRUE,above_baseline
github,quantifier_distribution,41,56613,56654,0.11373256114641525,7.236911780280298e-4,-4.2407806452672754e-4,1.9474713405905758e-5,0.15164341486188698,FALSE,not_significant
user-interface,quantifier_distribution,43,56479,56522,0.19697577305086894,7.607657195428329e-4,-3.928568189470794e-4,6.240255085586394e-5,0.24317996672946782,FALSE,not_significant
kubernetes,quantifier_distribution,35,56478,56513,0.01662389085128999,6.193265266398882e-4,-5.121474010869933e-4,-1.0118525281011166e-4,0.028416907438102542,TRUE,below_baseline
c++11,quantifier_distribution,81,56428,56509,7.547282824416886e-5,0.0014333999893822223,1.9523373216046242e-4,8.19580539427101e-4,2.358525882630277e-4,TRUE,above_baseline
selenium-webdriver,quantifier_distribution,26,56120,56146,3.13203306693264e-4,4.630784027357247e-4,-6.412924070292684e-4,-2.845364946761635e-4,8.700091852590667e-4,TRUE,below_baseline
google-sheets,quantifier_distribution,59,55950,56009,0.32216391028961827,0.0010534021318002464,-1.4152002672387345e-4,3.9633858314748504e-4,0.36402701727640485,FALSE,not_significant
elasticsearch,quantifier_distribution,46,55885,55931,0.42121863495028944,8.224419373871377e-4,-3.4143859056901633e-4,1.343367581664104e-4,0.4680207055003216,FALSE,not_significant
google-apps-script,quantifier_distribution,63,55172,55235,0.0977775404850578,0.0011405811532542772,-6.716355182644155e-5,4.963401511581147e-4,0.13580213956258028,FALSE,not_significant
templates,quantifier_distribution,45,55161,55206,0.3922565352713839,8.151287903488751e-4,-3.492413140088967e-4,1.2751318752976572e-4,0.43827545840378085,FALSE,not_significant
ruby-on-rails-3,quantifier_distribution,37,55054,55091,0.04984129190136322,6.716160534388558e-4,-4.7105593565397504e-4,-3.769766464519473e-5,0.07667891061748189,FALSE,not_significant
security,quantifier_distribution,76,54862,54938,4.338954328609102e-4,0.0013833776256871383,1.463433126929284e-4,7.684262315044669e-4,0.0011570544876290938,TRUE,above_baseline
variables,quantifier_distribution,45,53622,53667,0.5056226916044174,8.385041086701325e-4,-3.326812517962139e-4,1.5770376195959755e-4,0.5495898821787145,FALSE,not_significant
machine-learning,quantifier_distribution,73,53448,53521,8.822666305100819e-4,0.0013639505988303656,1.250460846051486e-4,7.508694058787012e-4,0.0021259436879761014,TRUE,above_baseline
flask,quantifier_distribution,22,53407,53429,9.385593061043352e-5,4.117614029833985e-4,-6.866923131210914e-4,-3.4177058808899295e-4,2.8441191094070767e-4,TRUE,below_baseline
sql-server-2008,quantifier_distribution,99,53289,53388,1.9712212241700875e-12,0.0018543492919757248,5.6321311457596e-4,0.0012934997621986083,1.516324018592375e-11,TRUE,above_baseline
exception,quantifier_distribution,58,52986,53044,0.20544486905184553,0.0010934318678832667,-1.1407468778763433e-4,4.489527163772865e-4,0.2520795939286448,FALSE,not_significant
tkinter,quantifier_distribution,39,52281,52320,0.17484535802702958,7.454128440366973e-4,-4.1475760575520996e-4,5.359758665172325e-5,0.21993126795852777,FALSE,not_significant
delphi,quantifier_distribution,66,52100,52166,0.010981788919385047,0.0012651918874362611,3.391275272526795e-5,6.44485314970373e-4,0.01978700706195504,TRUE,above_baseline
nginx,quantifier_distribution,29,52021,52050,0.005696806518454969,5.571565802113353e-4,-5.719298769302017e-4,-1.6574266982400895e-4,0.011170208859715624,TRUE,below_baseline
listview,quantifier_distribution,52,51642,51694,0.5506720923128431,0.0010059194490656556,-1.9361709632899902e-4,3.5347028728342897e-4,0.5953211808787493,FALSE,not_significant
haskell,quantifier_distribution,88,51378,51466,5.381561016966396e-9,0.001709866708117981,4.267220620282638e-4,0.0011410256470308167,2.759774880495588e-8,TRUE,above_baseline
debugging,quantifier_distribution,41,51178,51219,0.3508204508367548,8.004841953181437e-4,-3.707406790568312e-4,1.1972336251623726e-4,0.39418028183905035,FALSE,not_significant
asynchronous,quantifier_distribution,66,51030,51096,0.006654373321806903,0.0012916862376702678,5.402841960415298e-5,6.773583485595013e-4,0.012771740000615437,TRUE,above_baseline
jpa,quantifier_distribution,25,51059,51084,0.0011848929631413775,4.893900242737452e-4,-6.28783794544144e-4,-2.44421864085247e-4,0.0026626808160480396,TRUE,below_baseline
jsp,quantifier_distribution,18,50758,50776,2.314737617970556e-5,3.5449818812037184e-4,-7.356897203647771e-4,-4.0729961057136036e-4,7.466895541840503e-5,TRUE,below_baseline
web-scraping,quantifier_distribution,26,50621,50647,0.002278592435297236,5.133571583706833e-4,-6.102892662735155e-4,-2.1498212416199924e-4,0.004900198785585453,TRUE,below_baseline
gradle,quantifier_distribution,21,50334,50355,1.746673290568485e-4,4.170390229371463e-4,-6.877038525250436e-4,-3.302038087775452e-4,5.062821132082565e-4,TRUE,below_baseline
batch-file,quantifier_distribution,49,50125,50174,0.709680041344423,9.76601427033922e-4,-2.2297544815669517e-4,3.241925950476579e-4,0.7354197319631326,FALSE,not_significant
generics,quantifier_distribution,56,49898,49954,0.15232648116887815,0.0011210313488409336,-9.86629590390595e-5,4.887399495440454e-4,0.19404647282659634,FALSE,not_significant
xamarin,quantifier_distribution,26,49865,49891,0.002965018957184172,5.211360766470906e-4,-6.054932102441538e-4,-2.0422034363854616e-4,0.006113441148833344,TRUE,below_baseline
pdf,quantifier_distribution,30,49685,49715,0.01813246710052005,6.034396057527909e-4,-5.387692679788612e-4,-1.063372276924382e-4,0.030474734622722773,TRUE,below_baseline
google-cloud-platform,quantifier_distribution,47,49280,49327,0.8448308267968594,9.528250248342692e-4,-2.457165362274187e-4,2.993808787190758e-4,0.8533644715119793,FALSE,not_significant
wcf,quantifier_distribution,32,49223,49255,0.043937887168855674,6.496802355090854e-4,-5.016710248642559e-4,-5.095421129445467e-5,0.06812075530055144,FALSE,not_significant
amazon-s3,quantifier_distribution,42,49081,49123,0.6052648398677435,8.549966410846243e-4,-3.297513678549086e-4,1.8775894284727595e-4,0.6473420747248594,FALSE,not_significant
ssl,quantifier_distribution,30,48976,49006,0.022460129922636025,6.121699383748928e-4,-5.331561478572985e-4,-9.448968256979711e-5,0.036819885119075454,TRUE,below_baseline
testing,quantifier_distribution,33,48740,48773,0.07038669513915552,6.766038586923092e-4,-4.804832893721404e-4,-1.8294700420122426e-5,0.10427185532775822,FALSE,not_significant
jenkins,quantifier_distribution,23,48508,48531,0.001065885206266051,4.7392388370320004e-4,-6.460934631405729e-4,-2.580444766299083e-4,0.0024559742552604995,TRUE,below_baseline
npm,quantifier_distribution,22,47483,47505,9.154909507816394e-4,4.6310914640564153e-4,-6.567434909058387e-4,-2.690239234597596e-4,0.0021596673282000957,TRUE,below_baseline
unix,quantifier_distribution,72,47289,47361,2.1873795128573767e-5,0.0015202381706467347,2.431480626728439e-4,9.453425714437443e-4,7.171736107729104e-5,TRUE,above_baseline
recursion,quantifier_distribution,91,47080,47171,8.782187830928415e-13,0.0019291513853850883,6.06988187564308e-4,0.0013993288760289872,7.025750264742732e-12,TRUE,above_baseline
ionic-framework,quantifier_distribution,13,46378,46391,4.842001274360259e-6,2.8022676812312734e-4,-7.985664416884097e-4,-4.929657292422169e-4,1.698947815565003e-5,TRUE,below_baseline
network-programming,quantifier_distribution,50,46240,46290,0.27607220735741067,0.001080146899978397,-1.4533062506628334e-4,4.536387178461962e-4,0.3173243762728858,FALSE,not_significant
google-app-engine,quantifier_distribution,53,46044,46097,0.11466679761291652,0.0011497494413953186,-8.584525758845754e-5,5.333584332022133e-4,0.15187655312969078,FALSE,not_significant
visual-studio-2010,quantifier_distribution,28,45639,45667,0.028042245885179527,6.13134210699192e-4,-5.402229434999822e-4,-8.54943422785151e-5,0.04522942884706375,TRUE,below_baseline
mongoose,quantifier_distribution,33,45365,45398,0.16344079462554287,7.269042689105247e-4,-4.473101936919989e-4,4.913302433616701e-5,0.20688708180448465,FALSE,not_significant
assembly,quantifier_distribution,84,44934,45018,5.982069644189433e-11,0.0018659202985472478,5.410855418971202e-4,0.001338769348020494,3.859399770444795e-10,TRUE,above_baseline
.net-core,quantifier_distribution,32,44737,44769,0.14204620981791596,7.147803167370278e-4,-4.590808882635519e-4,3.665581456072624e-5,0.18328543202311737,FALSE,not_significant
android-fragments,quantifier_distribution,24,44272,44296,0.00788552885468007,5.41809644211667e-4,-6.012352203099982e-4,-1.6713119844354916e-4,0.014582317029593766,TRUE,below_baseline
math,quantifier_distribution,102,44172,44274,1.9129179406917527e-21,0.002303835208022767,9.310952098733798e-4,0.0018245894989952732,2.732739915273933e-20,TRUE,above_baseline
join,quantifier_distribution,86,43531,43617,7.709934675245044e-13,0.001971708278882087,6.292290873828422e-4,0.0014622017632044508,6.424945562704203e-12,TRUE,above_baseline
winapi,quantifier_distribution,48,43389,43437,0.22035707614770844,0.0011050486912079563,-1.336256089493469e-4,4.917372841883782e-4,0.2670994862396466,FALSE,not_significant
svg,quantifier_distribution,23,43377,43400,0.006705163500323105,5.299539170506912e-4,-6.129095103197175e-4,-1.791683627557813e-4,0.012771740000615437,TRUE,below_baseline
rust,quantifier_distribution,37,43206,43243,0.6307612799394638,8.556298129176977e-4,-3.4621470985911286e-4,2.0548862851762692e-4,0.6661127356578282,FALSE,not_significant
animation,quantifier_distribution,30,43210,43240,0.1126686453387873,6.938020351526364e-4,-4.8067591684484415e-4,1.6294279973235706e-5,0.1512330809916608,FALSE,not_significant
session,quantifier_distribution,43,43119,43162,0.6316578961241077,9.962466984847784e-4,-2.2761948994306716e-4,3.681271797357426e-4,0.6661127356578282,FALSE,not_significant
intellij-idea,quantifier_distribution,24,43070,43094,0.011817456018761014,5.569220773193484e-4,-5.921562218882851e-4,-1.4598533064989942e-4,0.02110260003350181,TRUE,below_baseline
django-models,quantifier_distribution,32,42993,43025,0.2142771171864602,7.437536316095293e-4,-4.401270341863303e-4,7.564859022850766e-5,0.26131355754446367,FALSE,not_significant
laravel-5,quantifier_distribution,28,42935,42963,0.06178128799886341,6.517235761003654e-4,-5.158984658506338e-4,-3.264008912551671e-5,0.09290419247949384,FALSE,not_significant
curl,quantifier_distribution,18,42829,42847,5.786579203969312e-4,4.2009942353023546e-4,-7.003111727772089e-4,-3.114756873392014e-4,0.0015030075854465745,TRUE,below_baseline
hadoop,quantifier_distribution,61,42692,42753,6.744359625526292e-4,0.0014268004584473604,1.4280137712442724e-4,8.588138325934121e-4,0.0016846849680586054,TRUE,above_baseline
javascript,logical_structure,109,2482274,2482383,0.37677679819818055,4.39094209072492e-5,-1.2769398179514636e-5,4.634366717179401e-6,0.7611652488852133,FALSE,not_significant
python,logical_structure,69,2170544,2170613,8.272457666937333e-4,3.178825520716959e-5,-2.419068999404922e-5,-8.186672868445246e-6,0.02363559333410667,TRUE,below_baseline
java,logical_structure,91,1886003,1886094,0.9587759487407184,4.824786039296027e-5,-1.0026620061901831e-5,1.0568467570988728e-5,0.9764118653422997,FALSE,not_significant
c#,logical_structure,70,1604023,1604093,0.44130908695968823,4.3638367600880994e-5,-1.493462479528585e-5,6.257486720214198e-6,0.7930814909579893,FALSE,not_significant
php,logical_structure,61,1446400,1446461,0.32610742236866264,4.2171894022721664e-5,-1.6749004039542177e-5,5.1389188081518684e-6,0.7049553914824199,FALSE,not_significant
android,logical_structure,23,1369739,1369762,1.8181804212645642e-7,1.679123818590383e-5,-3.859286969936461e-5,-2.377852720566137e-5,1.8181804212645643e-5,TRUE,below_baseline
html,logical_structure,88,1173306,1173394,4.6812292818456045e-5,7.499612235958255e-5,1.1104399690377547e-5,4.2933971751953905e-5,0.0018724917127382417,TRUE,above_baseline
jquery,logical_structure,41,1019828,1019869,0.26535852221655026,4.0201241532000675e-5,-2.0392871121776544e-5,4.841480908944255e-6,0.6535882746796745,FALSE,not_significant
c++,logical_structure,36,808149,808185,0.6609181264166496,4.454425657491787e-5,-1.8248023978825943e-5,1.1382663851828047e-5,0.9404994137399785,FALSE,not_significant
css,logical_structure,124,797692,797816,1.5463311466533818e-39,1.5542430836182778e-4,7.995149491408569e-5,1.3494324853273625e-4,3.092662293306764e-37,TRUE,above_baseline
sql,logical_structure,39,671956,671995,0.24174968425576698,5.8036146102277545e-5,-8.366879295674467e-6,2.8485298223395918e-5,0.6198709852711974,FALSE,not_significant
ios,logical_structure,21,668594,668615,0.0525995728840782,3.140820950771371e-5,-3.02881804085994e-5,-2.8492738528068196e-6,0.3648869328583161,FALSE,not_significant
mysql,logical_structure,42,653704,653746,0.06219180008337373,6.42451349606728e-5,-3.359874283533566e-6,3.5896270928045525e-5,0.3648869328583161,FALSE,not_significant
r,logical_structure,15,503015,503030,0.06472399256413383,2.9819295071864502e-5,-3.3503287298373874e-5,-2.8119958347307585e-6,0.3648869328583161,FALSE,not_significant
reactjs,logical_structure,17,457983,458000,0.2922665912064473,3.711790393013101e-5,-2.872212247053585e-5,7.004057053964224e-6,0.679689746991738,FALSE,not_significant
node.js,logical_structure,19,455429,455448,0.5452550136634798,4.1717166394407266e-5,-2.5223514521813676e-5,1.270397403379457e-5,0.8774102628012005,FALSE,not_significant
arrays,logical_structure,21,416268,416289,0.8197415440907166,5.044572400423744e-5,-1.9285736007767827e-5,2.4223310739409063e-5,0.9613823415416336,FALSE,not_significant
c,logical_structure,25,406113,406138,0.21652059379676708,6.155543189753236e-5,-1.0710659180417533e-5,3.786764969864862e-5,0.609917165624696,FALSE,not_significant
asp.net,logical_structure,18,367923,367941,0.9346305413869946,4.892088677260757e-5,-2.1826778320321632e-5,2.3714678588703126e-5,0.9764118653422997,FALSE,not_significant
json,logical_structure,10,356372,356382,0.08742485002064393,2.8059778552227665e-5,-3.7530381735657856e-5,-2.3039344367204533e-6,0.40650801845020385,FALSE,not_significant
.net,logical_structure,23,335843,335866,0.08943176405904484,6.847969130546111e-5,-7.621212213534015e-6,4.86267215476226e-5,0.40650801845020385,FALSE,not_significant
sql-server,logical_structure,17,334881,334898,0.8173528530721689,5.07617244653596e-5,-2.1505353010630037e-5,2.70749286645156e-5,0.9613823415416336,FALSE,not_significant
python-3.x,logical_structure,16,334584,334600,0.9895026481115895,4.781829049611476e-5,-2.3753984495074497e-5,2.343669221047038e-5,0.9895026481115895,FALSE,not_significant
ruby-on-rails,logical_structure,10,332727,332737,0.13724364109446408,3.0053766187709813e-5,-3.6757650632716636e-5,9.113097313026227e-7,0.4861668984224725,FALSE,not_significant
swift,logical_structure,14,328210,328224,0.6616672158480442,4.265379740664912e-5,-2.783903239504342e-5,1.719275393150802e-5,0.9404994137399785,FALSE,not_significant
django,logical_structure,10,305153,305163,0.2272063655190978,3.276937243374852e-5,-3.570807537729042e-5,5.292946967953813e-6,0.6192718129017811,FALSE,not_significant
angular,logical_structure,10,298207,298217,0.2568575048069306,3.353262892457506e-5,-3.541356760242807e-5,6.524952174744555e-6,0.6421437620173265,FALSE,not_significant
objective-c,logical_structure,22,287445,287467,0.028581581497853246,7.653052350356736e-5,-3.5460310834645406e-6,6.065320481376562e-5,0.30844851383648203,FALSE,not_significant
excel,logical_structure,13,287039,287052,0.8361504489703672,4.528796176302551e-5,-2.7464221108521225e-5,2.208627135773861e-5,0.9613823415416336,FALSE,not_significant
pandas,logical_structure,13,286900,286913,0.8375074536767705,4.530990230487988e-5,-2.7454131070040314e-5,2.212006240296643e-5,0.9613823415416336,FALSE,not_significant
regex,logical_structure,6,260708,260714,0.06644447460998684,2.3013723850656276e-5,-4.358743205758277e-5,-6.338993517938312e-6,0.3648869328583161,FALSE,not_significant
angularjs,logical_structure,4,256140,256144,0.01825358907071902,1.5616215878568305e-5,-4.791621033661125e-5,-1.6805231183085783e-5,0.3042264845119837,FALSE,not_significant
typescript,logical_structure,6,227265,227271,0.13855756605040467,2.6400200641524877e-5,-4.2883901043325085e-5,-2.6957095045880027e-7,0.4861668984224725,FALSE,not_significant
ruby,logical_structure,11,226800,226811,0.9715281883732021,4.849852961276129e-5,-2.827333409054426e-5,2.9316520039233198e-05,0.9764118653422997,FALSE,not_significant
linux,logical_structure,18,223764,223782,0.027842263221009474,8.043542376062418e-5,-4.803101133790471e-6,6.972007537820519e-5,0.30844851383648203,FALSE,not_significant
ajax,logical_structure,4,217650,217654,0.046570283832110565,1.8377792275813908e-5,-4.7823500546799395e-5,-1.1374788178406425e-5,0.35823295255469667,FALSE,not_significant
iphone,logical_structure,8,216840,216848,0.457703452811446,3.6892200988710984e-5,-3.680043237522739e-5,1.463096107581572e-5,0.7930814909579893,FALSE,not_significant
vba,logical_structure,7,215269,215276,0.301844925729088,3.25163975547669e-5,-3.970907126964648e-5,8.787993102346644e-6,0.6838573965987671,FALSE,not_significant
xml,logical_structure,12,211722,211734,0.5654178484817075,5.667488452492278e-5,-2.3488419450039165e-5,4.088431522305109e-5,0.8874957650549746,FALSE,not_significant
laravel,logical_structure,8,209269,209277,0.5210594286538892,3.822684767079039e-5,-3.6385332057518524e-5,1.6885154122265658e-5,0.8627234817816951,FALSE,not_significant
spring,logical_structure,13,206627,206640,0.32976509829100875,6.291134339914828e-5,-1.9376395931910398e-5,4.924520945337331e-5,0.7049553914824199,FALSE,not_significant
asp.net-mvc,logical_structure,12,198108,198120,0.42082853811485615,6.0569351907934585e-5,-2.1789529506669804e-5,4.6974360045705335e-5,0.7930814909579893,FALSE,not_significant
database,logical_structure,9,191646,191655,0.9489208357323998,4.6959380136182205e-5,-3.182287922202102e-5,2.9787766217551793e-5,0.9764118653422997,FALSE,not_significant
wordpress,logical_structure,8,185028,185036,0.7691591241275327,4.323482997903111e-5,-3.483062158943032e-5,2.53464082706589e-5,0.9613823415416336,FALSE,not_significant
string,logical_structure,8,184546,184554,0.7747911685690043,4.3347746459030963e-5,-3.479561152032419e-5,2.5537231161552478e-5,0.9613823415416336,FALSE,not_significant
postgresql,logical_structure,10,176376,176386,0.5987187505727175,5.6693841914891204e-5,-2.6531143359670042e-5,4.396495391261881e-5,0.9211057701118731,FALSE,not_significant
flutter,logical_structure,2,171343,171345,0.030177556770374588,1.1672356940675247e-5,-5.271984900987412e-5,-1.988931038560903e-5,0.30844851383648203,FALSE,not_significant
mongodb,logical_structure,3,171107,171110,0.06940209326309502,1.7532581380398573e-5,-5.047882564115057e-5,-1.0409884874885925e-5,0.3648869328583161,FALSE,not_significant
wpf,logical_structure,10,167657,167667,0.49233396661601814,5.964202854467486e-5,-2.540467656359771e-5,4.873486037611379e-5,0.8344643501966409,FALSE,not_significant
windows,logical_structure,4,164406,164410,0.1669979454686043,2.4329420351560123e-5,-4.765214785460582e-5,3.5711528089242363e-7,0.530152207836839,FALSE,not_significant
bash,logical_structure,7,156214,156221,0.8569478358113244,4.480831642352821e-5,-3.6478665059196013e-5,3.0141424629418794e-5,0.9613823415416336,FALSE,not_significant
xcode,logical_structure,4,154980,154984,0.20847835949137142,2.580911577969339e-5,-4.761323078361942e-5,3.2775890661725623e-6,0.6042850999749896,FALSE,not_significant
amazon-web-services,logical_structure,8,153862,153870,0.8207450270615939,5.199194124910639e-5,-3.2119737735304997e-5,4.014974695668414e-5,0.9613823415416336,FALSE,not_significant
oracle-database,logical_structure,9,151519,151528,0.5227092671527248,5.9394963307111556e-5,-2.7484892497401548e-5,5.032094583479102e-5,0.8627234817816951,FALSE,not_significant
git,logical_structure,19,151479,151498,1.5911393218385408e-5,1.2541419688708762e-4,2.0979820503141603e-5,1.3389469999420002e-4,7.955696609192704e-4,TRUE,above_baseline
dataframe,logical_structure,5,147738,147743,0.43382830115827437,3.384255091611785e-5,-4.392843252627786e-5,1.565966108167992e-5,0.7930814909579893,FALSE,not_significant
spring-boot,logical_structure,15,145537,145552,0.002578263937009691,1.0305595251181708e-4,2.854648643504438e-6,1.0730338310329609e-4,0.06445659842524228,FALSE,not_significant
azure,logical_structure,8,142501,142509,0.6576386234751905,5.6136805394747e-5,-3.0838974471326696e-5,4.715871198398706e-5,0.9404994137399785,FALSE,not_significant
list,logical_structure,2,141435,141437,0.06641704943250862,1.4140571420491103e-5,-5.363110951913892e-5,-1.4041620916712523e-5,0.3648869328583161,FALSE,not_significant
multithreading,logical_structure,11,139325,139336,0.0967199007506747,7.894585749555033e-5,-1.5765672620884766e-5,7.770351433515178e-5,0.42986622555855425,FALSE,not_significant
firebase,logical_structure,1,138938,138939,0.02826413822538446,7.197403176933762e-6,-5.5159122955847806e-5,-2.6399943967118315e-5,0.30844851383648203,FALSE,not_significant
vb.net,logical_structure,2,138842,138844,0.07115295190737163,1.440465558468497e-5,-5.3729431346911396e-5,-1.3415130760552312e-5,0.3648869328583161,FALSE,not_significant
docker,logical_structure,5,134303,134308,0.570376844371447,3.722786431188016e-5,-4.349846933832179e-5,2.2000324685248468e-5,0.8874957650549746,FALSE,not_significant
react-native,logical_structure,1,128352,128353,0.037738174945895264,7.791013844631601e-6,-5.570851151545215e-5,-2.4663334072118284e-5,0.3412589552736623,FALSE,not_significant
eclipse,logical_structure,4,122100,122104,0.44344050677411967,3.2758959575443885e-5,-4.7441532112807046e-5,1.7005577986861176e-5,0.7930814909579893,FALSE,not_significant
algorithm,logical_structure,10,120642,120652,0.0813592050511849,8.288300235387726e-5,-1.6537915567601268e-5,8.635004699852216e-5,0.38937895851004256,FALSE,not_significant
powershell,logical_structure,9,118170,118179,0.1635979667522123,7.61556621734826e-5,-2.165158849277052e-5,7.800903956290207e-5,0.5277353766200397,FALSE,not_significant
macos,logical_structure,5,114784,114789,0.8292443086897205,4.355818066191011e-5,-4.2699358068101156e-5,3.386184611508774e-5,0.9613823415416336,FALSE,not_significant
numpy,logical_structure,3,114087,114090,0.2909912300283982,2.6295030239284775e-5,-5.156698618703319e-5,8.203173388769101e-6,0.679689746991738,FALSE,not_significant
visual-studio,logical_structure,5,113475,113480,0.8492664861582973,4.406062742333451e-5,-4.26361411659493e-5,3.480352273578468e-5,0.9613823415416336,FALSE,not_significant
forms,logical_structure,6,111764,111770,0.7835999768925291,5.368166771047687e-5,-3.733803556894983e-5,4.8747497713069935e-5,0.9613823415416336,FALSE,not_significant
image,logical_structure,1,111380,111381,0.06034341942949834,8.978191971700739e-6,-5.6815189075041584e-5,-2.118230025839058e-5,0.3648869328583161,FALSE,not_significant
function,logical_structure,6,110861,110867,0.7683891782316395,5.4118899221589835e-5,-3.724990779928448e-5,4.953383296563051e-5,0.9613823415416336,FALSE,not_significant
scala,logical_structure,2,110744,110746,0.15095648132194756,1.805934300110162e-5,-5.510075369002708e-5,-4.734433584603316e-6,0.4949392830227789,FALSE,not_significant
vue.js,logical_structure,4,105075,105079,0.6433666196484328,3.806659751234785e-5,-4.731829473781393e-5,2.7497616485675996e-5,0.9404994137399785,FALSE,not_significant
twitter-bootstrap,logical_structure,6,101410,101416,0.6080043667677466,5.9162262364912836e-5,-3.6234140408229964e-5,5.8604791861221996e-5,0.92685266124997,FALSE,not_significant
performance,logical_structure,5,101153,101158,0.9470047592127291,4.942762806698432e-5,-4.19623238266227e-5,4.4863706683757696e-5,0.9764118653422997,FALSE,not_significant
winforms,logical_structure,4,98502,98506,0.7388434349055265,4.060666355348913e-5,-4.726085547957667e-5,3.252030930972129e-5,0.9613823415416336,FALSE,not_significant
selenium,logical_structure,2,98092,98094,0.2126157937540762,2.038860684649418e-5,-5.598196133416041e-5,8.053017503151271e-7,0.6074736964402176,FALSE,not_significant
loops,logical_structure,5,96185,96190,0.8580363309344615,5.1980455348788854e-5,-4.164259917141341e-5,4.964963659215748e-5,0.9613823415416336,FALSE,not_significant
kotlin,logical_structure,0,94416,94416,0.033305482990002994,0,-5.076556060062107e-5,-4.518831267621257e-5,0.3171950760952666,FALSE,not_significant
sqlite,logical_structure,2,93783,93785,0.23905981334656382,2.132537186117183e-5,-5.6337432834287115e-5,3.0343032797971347e-6,0.6198709852711974,FALSE,not_significant
matlab,logical_structure,5,93384,93389,0.8065447384862512,5.353949608626284e-5,-4.1447542422317625e-5,5.257266131800966e-5,0.9613823415416336,FALSE,not_significant
python-2.7,logical_structure,5,93077,93082,0.800852335948557,5.371607829655573e-5,-4.1425458548459997e-5,5.290374186473781e-5,0.9613823415416336,FALSE,not_significant
hibernate,logical_structure,7,92833,92840,0.229130570773659,7.539853511417492e-5,-2.850085780848666e-5,8.334405476000285e-5,0.6192718129017811,FALSE,not_significant
shell,logical_structure,9,92435,92444,0.030844851383648203,9.735623728960235e-5,-1.4283613672348782e-5,1.1304221497471985e-4,0.30844851383648203,FALSE,not_significant
express,logical_structure,6,92244,92250,0.45549181998613053,6.504065040650406e-5,-3.505165801714041e-5,6.917908555331489e-5,0.7930814909579893,FALSE,not_significant
dart,logical_structure,1,91882,91883,0.10466893509229386,1.0883406070763907e-5,-5.8606006320662026e-5,-1.5581054814643803e-5,0.4453997237969951,FALSE,not_significant
entity-framework,logical_structure,9,90482,90491,0.025944844081666897,9.945740460377275e-5,-1.3553759041495744e-5,1.1651469497220759e-4,0.30844851383648203,FALSE,not_significant
csv,logical_structure,2,89597,89599,0.26797119261866653,2.2321677697295727e-5,-5.6716046152981824e-5,5.405528270739639e-6,0.6535882746796745,FALSE,not_significant
rest,logical_structure,3,89376,89379,0.5344372987968254,3.356493135971537e-5,-5.249520040214951e-5,2.367118984474661e-5,0.8690037378810169,FALSE,not_significant
apache,logical_structure,10,89273,89283,0.005959068520654204,1.1200340490350907e-4,-5.4447891990554555e-6,1.3349772572923994e-4,0.11918137041308409,FALSE,not_significant
maven,logical_structure,12,87073,87085,1.407936968670258e-4,1.3779640581041512e-4,1.1810758204381099e-5,1.678281801396155e-4,0.00469312322890086,TRUE,above_baseline
android-studio,logical_structure,1,86761,86762,0.12127210790274537,1.1525783176966874e-5,-5.9212613429144396e-5,-1.3689693493755505e-5,0.4615642537118007,FALSE,not_significant
linq,logical_structure,8,86449,86457,0.059457344586695195,9.253154747446707e-5,-1.9622949144171546e-5,1.0873217081627204e-4,0.3648869328583161,FALSE,not_significant
dictionary,logical_structure,5,85751,85756,0.6630520866866848,5.830495825364989e-5,-4.0852126207195635e-5,6.150816943766177e-5,0.9404994137399785,FALSE,not_significant
qt,logical_structure,0,84762,84762,0.04373364882852263,0,-5.076556060062107e-5,-4.518831267621257e-5,0.34986919062818106,FALSE,not_significant
asp.net-core,logical_structure,2,83968,83970,0.31257274229050286,2.3818030248898416e-5,-5.728559516089803e-5,8.967782381861223e-6,0.6869730599791272,FALSE,not_significant
unit-testing,logical_structure,5,83373,83378,0.6179258148915154,5.996785722852551e-5,-4.064460430153908e-5,6.462644548175647e-5,0.9292117517165646,FALSE,not_significant
facebook,logical_structure,2,81842,81844,0.33132903399673735,2.443673329749279e-5,-5.752136752638002e-5,1.0440960844531958e-5,0.7049553914824199,FALSE,not_significant
swing,logical_structure,7,81093,81100,0.11609413775102584,8.631319358816276e-5,-2.5662300761996735e-5,1.0233481466148862e-4,0.4615642537118007,FALSE,not_significant
file,logical_structure,1,80565,80566,0.14517252278698095,1.2412183799617704e-5,-6.005134273386783e-5,-1.1078162943730396e-5,0.4873151410774741,FALSE,not_significant
class,logical_structure,9,79463,79472,0.008142593762040967,1.1324743305818402e-4,-8.764814406356372e-6,1.3930580724589076e-4,0.14804715930983578,FALSE,not_significant
apache-spark,logical_structure,2,79212,79214,0.3561293489287056,2.524806221122529e-5,-5.7830763300397844e-5,1.2373014446014787e-5,0.7452571551795089,FALSE,not_significant
tensorflow,logical_structure,3,77838,77841,0.7042252595569507,3.854010097506455e-5,-5.313649028134146e-5,3.4262818954636926e-5,0.9613823415416336,FALSE,not_significant
sorting,logical_structure,13,76836,76849,1.4157463270438262e-6,1.69162903876433e-4,2.9195155952290857e-5,2.1317677852374152e-4,9.438308846958842e-5,TRUE,above_baseline
date,logical_structure,3,76711,76714,0.7231486916919866,3.910629089866257e-5,-5.320968099401594e-5,3.5468389514507434e-5,0.9613823415416336,FALSE,not_significant
unity-game-engine,logical_structure,4,74883,74887,0.8302123364517352,5.3413810140611854e-5,-4.6980531031622234e-5,5.78542780360123e-5,0.9613823415416336,FALSE,not_significant
t-sql,logical_structure,6,73542,73548,0.18944500106364454,8.157937673356176e-5,-3.173033540420516e-5,9.893521559449503e-5,0.5740757607989229,FALSE,not_significant
go,logical_structure,4,72764,72768,0.7857415425413367,5.496921723834653e-5,-4.6947214759839404e-5,6.093177595969882e-5,0.9613823415416336,FALSE,not_significant
authentication,logical_structure,1,72661,72662,0.18319896046581283,1.3762351710660317e-5,-6.133187905712778e-5,-7.097290798385226e-6,0.572496751455665,FALSE,not_significant
symfony,logical_structure,2,72644,72646,0.42665265412522024,2.7530765630592185e-5,-5.8702410546512e-5,1.7810068530862734e-5,0.7930814909579893,FALSE,not_significant
for-loop,logical_structure,3,71769,71772,0.8113857810319329,4.179903026249791e-5,-5.355823920507912e-5,4.12024264532413e-5,0.9613823415416336,FALSE,not_significant
.htaccess,logical_structure,5,71691,71696,0.4012254971984948,6.973889756750726e-5,-3.942720037246937e-5,8.295112223065024e-5,0.7930814909579893,FALSE,not_significant
matplotlib,logical_structure,2,71472,71474,0.44065663149697804,2.7982203318689312e-5,-5.887496711571784e-5,1.8885500476262825e-5,0.7930814909579893,FALSE,not_significant
datetime,logical_structure,2,71118,71120,0.44497751371940664,2.81214848143982e-5,-5.8928216289768365e-5,1.9217312641731123e-5,0.7930814909579893,FALSE,not_significant
opencv,logical_structure,1,70905,70906,0.19302182298567425,1.4103178856514259e-5,-6.165559497112821e-5,-6.091920592676912e-6,0.5761845462258933,FALSE,not_significant
google-chrome,logical_structure,2,69214,69216,0.46896497882400434,2.8895053166897826e-5,-5.922404777760944e-5,2.106028083457145e-5,0.8016495364512894,FALSE,not_significant
codeigniter,logical_structure,1,68605,68606,0.20675664330583965,1.4575984607760255e-5,-6.210492883175915e-5,-4.69697522955398e-6,0.6042850999749896,FALSE,not_significant
perl,logical_structure,7,68026,68033,0.039244779856471165,1.0289124395513942e-4,-2.135426848375066e-5,1.3118288311719586e-4,0.3412589552736623,FALSE,not_significant
validation,logical_structure,2,66473,66475,0.5058144070102907,3.0086498683715683e-5,-5.967995085247362e-5,2.3899074943071344e-5,0.8501082470761188,FALSE,not_significant
http,logical_structure,3,66406,66409,0.9170700082107958,4.517459982833652e-5,-5.3996122146296234e-5,4.839144852613564e-5,0.9756063917136125,FALSE,not_significant
sockets,logical_structure,3,64860,64863,0.9494743566681489,4.625132972572962e-5,-5.413598187048432e-5,5.068476804510992e-5,0.9764118653422997,FALSE,not_significant
object,logical_structure,4,64696,64700,0.6117227564249802,6.182380216383307e-5,-4.680161896357e-5,7.449535001440251e-5,0.92685266124997,FALSE,not_significant
google-maps,logical_structure,0,64524,64524,0.078493983374269,0,-5.076556060062107e-5,-4.518831267621257e-5,0.38937895851004256,FALSE,not_significant
uitableview,logical_structure,1,63522,63523,0.24101990856764227,1.57423295499268e-5,-6.321452593286689e-5,-1.2546882441131612e-6,0.6198709852711974,FALSE,not_significant
xaml,logical_structure,6,62212,62218,0.08176958128710894,9.643511523996271e-5,-2.8751221577211836e-5,1.2566757878030362e-4,0.38937895851004256,FALSE,not_significant
if-statement,logical_structure,5,62011,62016,0.24150645650850383,8.062435500515996e-5,-3.807379804568271e-5,1.0336863477916898e-4,0.6198709852711974,FALSE,not_significant
oop,logical_structure,2,61993,61995,0.5724347684604586,3.226066618275668e-5,-6.051261168206447e-5,2.9080070770744184e-5,0.8874957650549746,FALSE,not_significant
ubuntu,logical_structure,6,58923,58929,0.059832870210509356,1.0181744132769943e-4,-2.767248600425138e-5,1.353534953828166e-4,0.3648869328583161,FALSE,not_significant
cordova,logical_structure,1,58228,58229,0.28341375569794147,1.7173573305397655e-5,-6.457797865194224e-5,2.97125198590392e-6,0.6747946564236702,FALSE,not_significant
visual-studio-code,logical_structure,3,58197,58200,0.9011877587926761,5.154639175257732e-5,-5.482482658307808e-5,6.196373681139909e-5,0.9668990023074342,FALSE,not_significant
email,logical_structure,2,57963,57965,0.6398420702964418,3.4503579746398686e-5,-6.137241906638982e-5,3.442570528235355e-5,0.9404994137399785,FALSE,not_significant
android-layout,logical_structure,6,57715,57721,0.05282469582668889,1.0394830304395281e-4,-2.7245484507618603e-05,1.3918821731869057e-4,0.3648869328583161,FALSE,not_significant
ms-access,logical_structure,3,57693,57696,0.889278665926011,5.199667221297837e-5,-5.488347440715146e-5,6.292294555627456e-5,0.9613823415416336,FALSE,not_significant
web-services,logical_structure,3,57668,57671,0.8886858099093585,5.201921242912382e-5,-5.48864104656732e-5,6.29709620470872e-5,0.9613823415416336,FALSE,not_significant
spring-mvc,logical_structure,3,57211,57214,0.8778133238230651,5.243471877512497e-5,-5.494053806058331e-5,6.385610233399961e-5,0.9613823415416336,FALSE,not_significant
ggplot2,logical_structure,4,57188,57192,0.44905683010830155,6.993985172751433e-5,-4.6631191055453035e-5,9.055702123364807e-5,0.7930814909579893,FALSE,not_significant
parsing,logical_structure,2,57004,57006,0.6570124232327729,3.5084026242851626e-5,-6.159504570720192e-5,3.580922491607153e-5,0.9404994137399785,FALSE,not_significant
pointers,logical_structure,3,56931,56934,0.8711192486367237,5.2692591421646116e-5,-5.497413491098725e-5,6.440544447744583e-5,0.9613823415416336,FALSE,not_significant
github,logical_structure,4,56650,56654,0.43762904911823625,7.060401736858827e-5,-4.6617317051827755e-5,9.187147851217066e-5,0.7930814909579893,FALSE,not_significant
user-interface,logical_structure,3,56519,56522,0.8612249394366476,5.30766781076395e-5,-5.5024181133712366e-5,6.522366407215773e-5,0.9613823415416336,FALSE,not_significant
kubernetes,logical_structure,1,56512,56513,0.29886604186728577,1.7695043618282518e-5,-6.507516623993677e-5,4.5113801996681705e-6,0.6838573965987671,FALSE,not_significant
c++11,logical_structure,3,56506,56509,0.8609118860035683,5.3088888495637866e-5,-5.502577224749003e-5,6.524967596193212e-5,0.9613823415416336,FALSE,not_significant
selenium-webdriver,logical_structure,2,56144,56146,0.6727975996293925,3.562141559505575e-5,-6.180119652379791e-5,3.709015443707577e-5,0.9449189557349073,FALSE,not_significant
google-sheets,logical_structure,4,56005,56009,0.42399783482360265,7.141709368137263e-5,-4.660034528950257e-5,9.348065937541419e-5,0.7930814909579893,FALSE,not_significant
elasticsearch,logical_structure,1,55930,55931,0.3043165414864513,1.7879172551894298e-5,-6.525076789517696e-5,5.055239722131914e-6,0.6838573965987671,FALSE,not_significant
google-apps-script,logical_structure,1,55234,55235,0.3109797529961789,1.810446275006789e-5,-6.54656561327655e-5,5.720708356067639e-6,0.6869730599791272,FALSE,not_significant
templates,logical_structure,2,55204,55206,0.6904794144257803,3.6227946237727784e-5,-6.203391331004156e-5,3.853593250866349e-5,0.9589991867024726,FALSE,not_significant
ruby-on-rails-3,logical_structure,4,55087,55091,0.40474204260119,7.260714091230872e-5,-4.657552942302364e-5,9.583593797080745e-5,0.7930814909579893,FALSE,not_significant
security,logical_structure,5,54933,54938,0.14619454232324222,9.101168590046961e-5,-3.6784142429360866e-5,1.2285364095346646e-4,0.4873151410774741,FALSE,not_significant
variables,logical_structure,3,53664,53667,0.7912735230946414,5.5900273911342166e-5,-5.5392286977827496e-5,7.12389615236782e-5,0.9613823415416336,FALSE,not_significant
machine-learning,logical_structure,2,53519,53521,0.7233252182274007,3.736850955699632e-5,-6.247164450967155e-5,4.125479034683055e-5,0.9613823415416336,FALSE,not_significant
flask,logical_structure,2,53427,53429,0.7251619769321195,3.7432854816672596e-5,-6.249634348069782e-5,4.140817983720937e-5,0.9613823415416336,FALSE,not_significant
sql-server-2008,logical_structure,2,53386,53388,0.7259819996425594,3.746160185809545e-5,-6.2507378192607307e-05,4.147670863196457e-5,0.9613823415416336,FALSE,not_significant
exception,logical_structure,5,53039,53044,0.12462234850218619,9.426136792097127e-5,-3.638093722029418e-5,1.2894979978540308e-4,0.4615642537118007,FALSE,not_significant
tkinter,logical_structure,2,52318,52320,0.7476640837987896,3.82262996941896e-5,-6.2800942914785e-5,4.329966902633055e-5,0.9613823415416336,FALSE,not_significant
delphi,logical_structure,7,52159,52166,0.0045956753230837035,1.3418701836445193e-4,-1.322766596504407e-5,1.856478294171143e-4,0.10212611829074897,FALSE,not_significant
nginx,logical_structure,6,52044,52050,0.02704726215297261,1.1527377521613833e-4,-2.49765282008001e-5,1.5957020535624312e-4,0.30844851383648203,FALSE,not_significant
listview,logical_structure,0,51694,51694,0.11528477017366572,0,-5.076556060062107e-5,-4.518831267621257e-5,0.4615642537118007,FALSE,not_significant
haskell,logical_structure,6,51460,51466,0.02501782057988902,1.1658182100804414e-4,-2.4714523799895216e-5,1.619242925391499e-4,0.30844851383648203,FALSE,not_significant
debugging,logical_structure,2,51217,51219,0.7706746958183194,3.904800952771433e-5,-6.311645856534157e-5,4.525860434393658e-5,0.9613823415416336,FALSE,not_significant
asynchronous,logical_structure,5,51091,51096,0.10432910184672112,9.785501800532331e-5,-3.5935173026747275e-5,1.3569133576056026e-4,0.4453997237969951,FALSE,not_significant
jpa,logical_structure,2,51082,51084,0.7735429261361689,3.9151201941899616e-5,-6.31560863219408e-5,4.550461692890639e-5,0.9613823415416336,FALSE,not_significant
jsp,logical_structure,1,50775,50776,0.3577234344861642,1.9694343784465103e-5,-6.698301750586447e-5,1.0417831797961037e-5,0.7452571551795089,FALSE,not_significant
web-scraping,logical_structure,0,50647,50647,0.11903257608027758,0,-5.076556060062107e-5,-4.518831267621257e-5,0.4615642537118007,FALSE,not_significant
gradle,logical_structure,0,50355,50355,0.120101690049255,0,-5.076556060062107e-5,-4.518831267621257e-5,0.4615642537118007,FALSE,not_significant
batch-file,logical_structure,1,50173,50174,0.36461571197950066,1.9930641368039225e-5,-6.720865584127067e-5,1.1116065300515483e-5,0.7517849731536095,FALSE,not_significant
generics,logical_structure,2,49952,49954,0.7979582017982979,4.00368338871762e-5,-6.349622441146604e-5,4.761601890898481e-5,0.9613823415416336,FALSE,not_significant
xamarin,logical_structure,2,49889,49891,0.7993410028303742,4.008739051131467e-5,-6.351564339128151e-5,4.773655113707721e-5,0.9613823415416336,FALSE,not_significant
pdf,logical_structure,1,49714,49715,0.36997103709843865,2.011465352509303e-5,-6.738438652512e-5,1.1659820298472426e-5,0.7550429328539564,FALSE,not_significant
google-cloud-platform,logical_structure,2,49325,49327,0.8118231350429304,4.054574573762848e-5,-6.369170912727252e-5,4.882932732569585e-5,0.9613823415416336,FALSE,not_significant
wcf,logical_structure,0,49255,49255,0.12422576324581375,0,-5.076556060062107e-5,-4.518831267621257e-5,0.4615642537118007,FALSE,not_significant
amazon-s3,logical_structure,3,49120,49123,0.6756170533504587,6.107118864890174e-5,-5.606716580828954e-5,8.225566982925938e-5,0.9449189557349073,FALSE,not_significant
ssl,logical_structure,4,49002,49006,0.2830645571776812,8.162265844998571e-5,-4.638834583046826e-5,1.1367978945360605e-4,0.6747946564236702,FALSE,not_significant
testing,logical_structure,2,48771,48773,0.8242652983050118,4.100629446620056e-5,-6.386863489749733e-5,4.9927350553064826e-5,0.9613823415416336,FALSE,not_significant
jenkins,logical_structure,2,48529,48531,0.8297571989078895,4.121077249593044e-5,-6.394719323954398e-5,5.041486495457122e-5,0.9613823415416336,FALSE,not_significant
npm,logical_structure,4,47501,47505,0.25515976397897233,8.42016629828439e-5,-4.633502220036167e-5,1.1878447488921585e-4,0.6421437620173265,FALSE,not_significant
unix,logical_structure,5,47356,47361,0.0709702953265642,1.0557209518380101e-4,-3.497828868812863e-5,1.5016860577889702e-4,0.3648869328583161,FALSE,not_significant
recursion,logical_structure,3,47168,47171,0.6247043295448912,6.359839732038752e-5,-5.6397299031693615e-5,8.764022039563503e-5,0.9323945217087929,FALSE,not_significant
ionic-framework,logical_structure,0,46391,46391,0.13572193253584633,0,-5.076556060062107e-5,-4.518831267621257e-5,0.4861668984224725,FALSE,not_significant
network-programming,logical_structure,2,46288,46290,0.8822864541363026,4.3205875999135884e-5,-6.471385634759821e-5,5.5171735069036344e-5,0.9613823415416336,FALSE,not_significant
google-app-engine,logical_structure,2,46095,46097,0.8869536861858003,4.338677137340825e-5,-6.478338341256886e-5,5.560305288255172e-5,0.9613823415416336,FALSE,not_significant
visual-studio-2010,logical_structure,4,45663,45667,0.22244568361605638,8.7590601528456e-5,-4.6265075495661736e-5,1.254924052757401e-4,0.6179046767112677,FALSE,not_significant
mongoose,logical_structure,2,45396,45398,0.9040505671574509,4.405480417639543e-5,-6.504016036551385e-5,5.719589544147107e-5,0.9668990023074342,FALSE,not_significant
assembly,logical_structure,5,45013,45018,0.05380752522621548,1.1106668443733618e-4,-3.429723172398862e-5,1.6047672732182733e-4,0.3648869328583161,FALSE,not_significant
.net-core,logical_structure,3,44766,44769,0.5614584543918364,6.701065469409636e-5,-5.6843303049143076e-5,9.491073916050217e-5,0.8874957650549746,FALSE,not_significant
android-fragments,logical_structure,0,44296,44296,0.1448855298823975,0,-5.076556060062107e-5,-4.518831267621257e-5,0.4873151410774741,FALSE,not_significant
math,logical_structure,3,44271,44274,0.5483814142507503,6.775985905949315e-5,-5.6941264141627654e-5,9.650710898378032e-5,0.8774102628012005,FALSE,not_significant
join,logical_structure,4,43613,43617,0.18808526570407288,9.170736180846918e-5,-4.6180272592773103e-5,1.3364112293287782e-4,0.5740757607989229,FALSE,not_significant
winapi,logical_structure,3,43434,43437,0.526261323886834,6.906554320049727e-5,-5.7112014733564966e-5,9.928922785772587e-5,0.8627234817816951,FALSE,not_significant
svg,logical_structure,5,43395,43400,0.04362465931793068,1.152073732718894e-4,-3.378410472619324e-5,1.6824497799313842e-4,0.34986919062818106,FALSE,not_significant
rust,logical_structure,2,43241,43243,0.958692650231742,4.6250260157713385e-5,-6.588423936690997e-5,6.24308864055031e-5,0.9764118653422997,FALSE,not_significant
animation,logical_structure,1,43239,43240,0.4558363364172336,2.312673450508788e-5,-7.026294496541444e-5,2.056254069875656e-5,0.7930814909579893,FALSE,not_significant
session,logical_structure,2,43160,43162,0.9608040775674953,4.633705574347806e-5,-6.591761508290049e-5,6.263785329302298e-5,0.9764118653422997,FALSE,not_significant
intellij-idea,logical_structure,2,43092,43094,0.9625798823665769,4.64101731099457e-5,-6.594573140100333e-5,6.281220434406108e-5,0.9764118653422997,FALSE,not_significant
django-models,logical_structure,1,43024,43025,0.45905442371629984,2.324230098779779e-5,-7.037345405529297e-5,2.090418275405491e-5,0.7930814909579893,FALSE,not_significant
laravel-5,logical_structure,1,42962,42963,0.45998726475563384,2.327584200358448e-5,-7.040552804081435e-5,2.100333877114967e-5,0.7930814909579893,FALSE,not_significant
curl,logical_structure,2,42845,42847,0.9690552089505806,4.667771372558172e-5,-6.604861309008585e-5,6.345016726441565e-5,0.9764118653422997,FALSE,not_significant
hadoop,logical_structure,2,42751,42753,0.9715298060155884,4.6780342899913456e-5,-6.608807975697265e-5,6.369489227996591e-5,0.9764118653422997,FALSE,not_significant
javascript,epistemic,15847,2466536,2482383,5.547667795633478e-51,0.006383785257955763,-9.488027219342983e-4,-7.392423359994784e-4,3.579140513311921e-50,TRUE,below_baseline
python,epistemic,16187,2154426,2170613,1.3565447364070177e-4,0.007457340391861654,1.1010737793406376e-4,3.489578319439417e-4,2.0869919021646429e-4,TRUE,above_baseline
java,epistemic,18330,1867764,1886094,2.57e-322,0.00971849759343914,0.002346590256797708,0.002634789356235268,1.0277e-320,TRUE,above_baseline
c#,epistemic,16057,1588036,1604093,0,0.010010018122390659,0.0026244288143687042,0.0029399918565673113,0,TRUE,above_baseline
php,epistemic,12283,1434178,1446461,2.5434060909492732e-67,0.008491760234116233,0.0011105779955570077,0.0014173268988301548,2.3121873554084304e-66,TRUE,above_baseline
android,epistemic,9289,1360473,1369762,1.9015885843251294e-9,0.006781470065602637,-5.879448818792365e-4,-3.0473056076079134e-4,4.474326080765011e-9,TRUE,below_baseline
html,epistemic,5733,1167661,1173394,9.925108904053095e-191,0.004885826925994167,-0.002472672086567156,-0.0022112896352898125,2.481277226013274e-189,TRUE,below_baseline
jquery,epistemic,6507,1013362,1019869,3.4803915675494455e-23,0.006380231186554352,-0.0010058222830220257,-6.893309177145732e-4,1.481017688318913e-22,TRUE,below_baseline
c++,epistemic,11326,796859,808185,0,0.014014118054653328,0.006527773202850191,0.007044847332611162,0,TRUE,above_baseline
css,epistemic,2897,794919,797816,1.736515405042104e-309,0.003631163075195283,-0.0037329662733174853,-0.0034603231501372515,5.78838468347368e-308,TRUE,below_baseline
sql,epistemic,6847,665148,671995,9.25145515297083e-174,0.010189063906725497,0.0027187372038334702,0.0032037750357722205,2.0558789228824066e-172,TRUE,above_baseline
ios,epistemic,4876,663739,668615,0.5368723833267602,0.0072926871218862875,-1.418981918603637e-4,2.71656861787636e-4,0.5534766838420208,FALSE,not_significant
mysql,epistemic,6142,647604,653746,7.558588513428035e-92,0.009395086164963151,0.0019309509376099735,0.0024036058184710263,8.892457074621219e-91,TRUE,above_baseline
r,epistemic,2224,500806,503030,1.4703145166138964e-120,0.00442120748265511,-0.0029930862660570543,-0.002620114342478028,2.2620223332521483e-119,TRUE,below_baseline
reactjs,epistemic,2324,455676,458000,1.777634614305389e-65,0.005074235807860262,-0.00236215561695063,-0.0019449883411741488,1.545769229830773e-64,TRUE,below_baseline
node.js,epistemic,2941,452507,455448,1.1584320599334858e-9,0.006457378229786935,-0.001005537899610972,-5.353212146604609e-4,2.7914025540565922e-9,TRUE,below_baseline
arrays,epistemic,3797,412492,416289,3.6951178321411744e-46,0.009121067335432836,0.0016024616827073298,0.0021840574143130397,2.0528432400784302e-45,TRUE,above_baseline
c,epistemic,7056,399082,406138,0,0.017373405098759533,0.009742317420591454,0.01054887720308231,0,TRUE,above_baseline
asp.net,epistemic,2840,365101,367941,4.904830787994867e-4,0.007718628801900305,2.0599327744730202e-4,7.756487525080049e-4,7.212986452933628e-4,TRUE,above_baseline
json,epistemic,2732,353650,356382,0.002188982149520371,0.007665931500468598,1.49747016701244e-4,7.265004103906492e-4,0.003019285723476374,TRUE,above_baseline
.net,epistemic,3274,332592,335866,2.1110980313738057e-65,0.009747935188438247,0.002186109339519709,0.002854145463511482,1.7592483594781715e-64,TRUE,above_baseline
sql-server,epistemic,3529,331369,334898,5.870110347833412e-111,0.010537536802250237,0.0029622227461164456,0.0036572352845387255,8.385871925476303e-110,TRUE,above_baseline
python-3.x,epistemic,2202,332398,334600,1.1401034379682815e-5,0.006580992229527794,-9.22896376531316e-4,-3.7073473825839816e-4,2.000181470119792e-5,TRUE,below_baseline
ruby-on-rails,epistemic,1993,330744,332737,5.1932956092472234e-17,0.005989715601210565,-0.001502478969926671,-9.737054014975012e-4,1.7310985364157412e-16,TRUE,below_baseline
swift,epistemic,2281,325943,328224,0.061524090105320166,0.006949522277469046,-5.645257921121981e-4,7.954773204986649e-6,0.06991373875604565,FALSE,not_significant
django,epistemic,2071,303092,305163,0.004230603308874683,0.0067865370310293185,-7.34551782730678e-4,-1.4798972905598768e-4,0.005640804411832911,TRUE,below_baseline
angular,epistemic,1522,296695,298217,2.5450658312534318e-42,0.005103666122320324,-0.002382153419557342,-0.001866129909647313,1.3051619647453498e-41,TRUE,below_baseline
objective-c,epistemic,2637,284830,287467,2.434653985047633e-34,0.009173226839950324,0.0015952452984253017,0.002295592807630044,1.1066609022943786e-33,TRUE,above_baseline
excel,epistemic,1948,285104,287052,0.005483094339044215,0.006786226885721054,-7.438442902307868e-4,-1.393175121724078e-4,0.007214597814531862,TRUE,below_baseline
pandas,epistemic,1273,285640,286913,3.356759409582593e-69,0.004436885048777852,-0.0030364928926919447,-0.0025453525835976536,3.356759409582593e-68,TRUE,below_baseline
regex,epistemic,2092,258622,260714,1.8338288543268774e-6,0.0080241183825954885,4.521524570342498e-4,0.0011404687343114246,3.5265939506286104e-6,TRUE,above_baseline
angularjs,epistemic,1289,254855,256144,5.013351916008295e-39,0.005032325566868636,-0.0024716242711249996,-0.001919340168983031,2.3873104361944263e-38,TRUE,below_baseline
typescript,epistemic,1159,226112,227271,7.62617434505356e-33,0.005099638757254555,-0.002422991742380118,-0.0018333463169560743,3.3894108200238046e-32,TRUE,below_baseline
ruby,epistemic,1627,225184,226811,0.7606738924562747,0.007173373425451147,-4.034125643448145e-4,2.945438414018054e-4,0.7722577588388575,FALSE,not_significant
linux,epistemic,2294,221488,223782,3.9376609094083463e-63,0.010251047894826214,0.002604516443164476,0.0034419637726426497,3.150128727526677e-62,TRUE,above_baseline
ajax,epistemic,2014,215640,217654,1.4018678485304324e-28,0.009253218410872302,0.0016217207186353705,0.002429100529263931,6.095077602306227e-28,TRUE,above_baseline
iphone,epistemic,1601,215247,216848,0.39562379686261057,0.007383051722865786,-2.0667888428818235e-4,5.17166756174452e-4,0.4164461019606427,FALSE,not_significant
vba,epistemic,1595,213681,215276,0.32297001259381564,0.007409093442836173,-1.8257416116705178e-4,5.451454729940958e-4,0.3454224733623697,FALSE,not_significant
xml,epistemic,1372,210362,211734,5.189935993229717e-5,0.006479828464016171,-0.0010914380674711922,-4.0452057834176853e-4,8.23799364004717e-5,TRUE,below_baseline
laravel,epistemic,1351,207926,209277,3.26494411503832e-5,0.006455558900404727,-0.0011170611158909322,-4.274366571449172e-4,5.3523674017021635e-5,TRUE,below_baseline
spring,epistemic,1633,205007,206640,3.130941901905952e-4,0.007902632597754549,2.9153263819859087e-4,0.0010581169834652038,4.7081833111367697e-4,TRUE,above_baseline
asp.net-mvc,epistemic,1383,196737,198120,0.1957827627819632,0.006980617807389461,-6.153874333434306e-4,1.2100747427704907e-4,0.21280735084995997,FALSE,not_significant
database,epistemic,1574,190081,191655,4.047860801906436e-7,0.008212673814927865,5.793751146256564e-4,0.0013903569413847708,8.260940412053951e-7,TRUE,above_baseline
wordpress,epistemic,858,184178,185036,2.4084677301534895e-39,0.004636935515251087,-0.002902292112001292,-0.0022794524313418376,1.1748623073919461e-38,TRUE,below_baseline
string,epistemic,1937,182617,184554,5.137312674313152e-61,0.010495573111392872,0.002801574681665248,0.003733955967275193,3.80541679578752e-60,TRUE,above_baseline
postgresql,epistemic,1353,175033,176386,0.028734171844700174,0.00767067681108478,3.4287219969322954e-5,8.514508283549336e-4,0.034412181849940326,TRUE,above_baseline
flutter,epistemic,583,170762,171345,1.0310679554724623e-77,0.0034024920482068344,-0.0041031385865818995,-0.0035474928908497344,1.1456310616360692e-76,TRUE,below_baseline
mongodb,epistemic,932,170178,171110,4.1883772979818066e-18,0.00544678861551049,-0.002131417135870362,-0.001430621206953961,1.4958490349935026e-17,TRUE,below_baseline
wpf,epistemic,1122,166545,167667,0.009812275736864624,0.00669183560271252,-9.277060077630537e-4,-1.4423836065720938e-4,0.012420602198562815,TRUE,below_baseline
windows,epistemic,1469,162941,164410,4.0536923661083756e-16,0.008934979624110455,0.0012510308139891263,0.0021633128603864814,1.2667788644088673e-15,TRUE,above_baseline
bash,epistemic,1324,154897,156221,6.718091236469304e-9,0.008475172992107335,7.915137799271671e-4,0.0017032166304422004,1.5268389173793876e-8,TRUE,above_baseline
xcode,epistemic,1006,153978,154984,6.394689623127155e-4,0.006490992618592887,-0.0011380702136275925,-3.35560123031936e-4,9.267666120474138e-4,TRUE,below_baseline
amazon-web-services,epistemic,1046,152824,153870,0.04719824822915141,0.006797946318320661,-8.418375622101786e-4,-1.7885374993802756e-5,0.05488168398738537,FALSE,not_significant
oracle-database,epistemic,1793,149735,151528,2.1950653232449228e-98,0.011832796578850113,0.004059468473684728,0.005150509110170196,2.7438316540561535e-97,TRUE,above_baseline
git,epistemic,970,150528,151498,1.5653347492064406e-4,0.006402724788446052,-0.00122816402627549,-4.2200197067770914e-4,2.3898240445899857e-4,TRUE,below_baseline
dataframe,epistemic,595,147148,147743,1.2571925793914384e-47,0.004027263559018024,-0.0035252812064756355,-0.0028758072493336186,7.395250467008462e-47,TRUE,below_baseline
spring-boot,epistemic,981,144571,145552,0.02842556406815113,0.006739859294272837,-9.096651402216759e-4,-6.623184507795286e-5,0.03424766755198932,TRUE,below_baseline
azure,epistemic,566,141943,142509,1.4671410757553232e-47,0.00397167898167835,-0.003584455023387658,-0.002927802587100945,8.383663290030419e-47,TRUE,below_baseline
list,epistemic,1169,140268,141437,4.434015389301442e-6,0.008265163995277049,5.642903277506904e-4,0.001510422088958105,8.061846162366259e-6,TRUE,above_baseline
multithreading,epistemic,2085,137251,139336,1.1187442298163752e-251,0.014963828443474766,0.007097632976039432,0.008374408337064796,3.1964120851896435e-250,TRUE,above_baseline
firebase,epistemic,894,138045,138939,4.980214242904165e-4,0.006434478440178784,-0.0012151376657992558,-3.715210276884797e-4,7.270385756064474e-4,TRUE,below_baseline
vb.net,epistemic,1183,137661,138844,1.4603615305614926e-8,0.00852035377834116,8.078904571461468e-4,0.001777201525690871,3.2817113046325676e-8,TRUE,above_baseline
docker,epistemic,881,133427,134308,0.003930149238973187,0.006559549691753284,-0.001101325964853737,-2.351902254849985e-4,0.005275368106004277,TRUE,below_baseline
react-native,epistemic,472,127881,128353,7.875075005338927e-51,0.003677358534666116,-0.0038833419337045206,-0.00321755657080855,4.921921878336829e-50,TRUE,below_baseline
eclipse,epistemic,769,121335,122104,1.2952951909624583e-4,0.006297909978379087,-0.0013749270003930224,-4.848686166941064e-4,2.0082095983914083e-4,TRUE,below_baseline
algorithm,epistemic,2102,118550,120652,0,0.017422007094785003,0.009455145022284459,0.010933253593440244,0,TRUE,above_baseline
powershell,epistemic,723,117456,118179,6.9544194203597235e-6,0.006117838194603102,-0.0015558501249577565,-6.640890596813416e-4,1.2530485442089592e-5,TRUE,below_baseline
macos,epistemic,757,114032,114789,0.011517426508582989,0.006594708552213191,-0.0011025693691262826,-1.636291002926374e-4,0.014487328941613822,TRUE,below_baseline
numpy,epistemic,867,113223,114090,0.1395602666533845,0.0075992637391533,-1.336075435049434e-4,8.765194479662415e-4,0.15506696294820502,FALSE,not_significant
visual-studio,epistemic,752,112728,113480,0.017071369759764792,0.00662671836446951,-0.0010743762243941833,-1.2780262051209873e-4,0.021206670509024583,TRUE,below_baseline
forms,epistemic,637,111133,111770,1.7255290318424182e-9,0.005699203721928961,-0.0019712376890416764,-0.0010859704409457045,4.108402456767662e-9,TRUE,below_baseline
image,epistemic,740,110641,111381,0.021693607148713302,0.006643862059058547,-0.0010622586420829918,-1.0563281364521764e-4,0.026617922881856812,TRUE,below_baseline
function,epistemic,865,110002,110867,0.024330268477766853,0.007802141304445867,5.530338759669729e-5,0.0010933636474497344,0.029671059119227867,TRUE,above_baseline
scala,epistemic,725,110021,110746,0.007565336224894497,0.006546511837899337,-0.0011574851182388022,-2.0510677980782588e-4,0.009699149006274997,TRUE,below_baseline
vue.js,epistemic,505,104574,105079,2.156007396289214e-20,0.004805907935933916,-0.002841437995073547,-0.0020023617069039232,8.454930965840054e-20,TRUE,below_baseline
twitter-bootstrap,epistemic,332,101084,101416,6.854529752466187e-50,0.0032736451841918436,-0.004307372287332051,-0.0036009529181295647,4.154260456040114e-49,TRUE,below_baseline
performance,epistemic,1483,99675,101158,6.273205763807018e-170,0.01466023448466755,0.0066909946200901385,0.008173858775399659,1.2546411527614035e-168,TRUE,above_baseline
winforms,epistemic,862,97644,98506,1.8176497130736438e-8,0.008750735995776906,9.403210065009758e-4,0.0021055354112075337,3.994834534227789e-8,TRUE,above_baseline
selenium,epistemic,774,97320,98094,0.014513229006960116,0.007890390849593247,1.0785736939030767e-4,0.0012173087559508838,0.018141536258700144,TRUE,above_baseline
loops,epistemic,821,95369,96190,1.794210914685583e-6,0.00853519076827113,7.250458802534821e-4,0.0018897200824434762,3.4839046887098702e-6,TRUE,above_baseline
kotlin,epistemic,553,93863,94416,6.89747842173723e-7,0.0058570581257414,-0.0018586745503354654,-8.828247720270373e-4,1.3524467493602412e-6,TRUE,below_baseline
sqlite,epistemic,839,92946,93785,5.771835602084665e-10,0.008945993495761582,0.0011146003080694474,0.002321771109608414,1.4251445931073245e-9,TRUE,above_baseline
matlab,epistemic,850,92539,93389,1.5446642529499044e-11,0.009101714334664682,0.001263869637926478,0.0024839434575575827,4.1747682512159576e-11,TRUE,above_baseline
python-2.7,epistemic,743,92339,93082,0.006703198958807091,0.007982209234868181,1.81726719331682e-4,0.0013270761765593773,0.008762351580139988,TRUE,above_baseline
hibernate,epistemic,893,91947,92840,9.676711822182858e-18,0.009618698836708316,0.001762138547566757,0.0030196435520045716,3.280241295655206e-17,TRUE,above_baseline
shell,epistemic,774,91670,92444,4.13321025868839e-5,0.008372636406905802,5.564661953722218e-4,0.0017331910445940791,6.613136413901424e-5,TRUE,above_baseline
express,epistemic,622,91628,92250,0.08242770713902534,0.0067425474254742546,-0.0010144503226374097,4.392959974061617e-5,0.09261540127980375,FALSE,not_significant
dart,epistemic,339,91544,91883,1.1332074638427563e-36,0.0036894746579889644,-0.003931835544141843,-0.0031448307137255304,5.2707323899663087e-36,TRUE,below_baseline
entity-framework,epistemic,797,89694,90491,2.183094749044904e-8,0.008807505718800764,9.699767022681099e-4,0.002189419161488115,4.745858150097617e-8,TRUE,above_baseline
csv,epistemic,767,88832,89599,2.623495936972616e-6,0.008560363396912912,7.283722633387636e-4,0.0019367389566417575,4.997135118043078e-6,TRUE,above_baseline
rest,epistemic,597,88782,89379,0.05335221483833414,0.006679421340583359,-0.0010834783584202827,-1.3294534258302053e-5,0.060973959815239016,FALSE,not_significant
apache,epistemic,639,88644,89283,0.8031737413140735,0.007157017573334229,-6.2477083723191e-4,4.831904100550652e-4,0.8112866073879531,FALSE,not_significant
maven,epistemic,555,86530,87085,0.0029509226920980164,0.006373083768731699,-0.001384345020507197,-3.251030158747079e-4,0.003987733367700022,TRUE,below_baseline
android-studio,epistemic,432,86330,86762,5.749468887468577e-15,0.00497913833244969,-0.0027182659636220746,-0.0017790729453238477,1.742263299232902e-14,TRUE,below_baseline
linq,epistemic,981,85476,86457,4.0829906004258e-46,0.011346681009056525,0.0034120503749406066,0.004825696069327142,2.207021946176108e-45,TRUE,above_baseline
dictionary,epistemic,778,84978,85756,1.9927056297733284e-10,0.009072251504267922,0.0012089362737697604,0.002479951160920782,5.044824379172984e-10,TRUE,above_baseline
qt,epistemic,772,83990,84762,1.1399019515376347e-10,0.009107854934994455,0.001239596944138049,0.0025204973520055593,2.922825516763166e-10,TRUE,above_baseline
asp.net-core,epistemic,500,83470,83970,1.365009899064829e-5,0.005954507562224604,-0.001794786400134919,-7.518140492611756e-4,2.3333502548116733e-5,TRUE,below_baseline
unit-testing,epistemic,537,82841,83378,0.007375704624404828,0.00644054786634364,-0.001331305996505142,-2.4321384465288154e-4,0.009517038225038486,TRUE,below_baseline
facebook,epistemic,425,81419,81844,6.686055995298537e-12,0.0051928058257172185,-0.002528589677786353,-0.0015414142446245126,1.8572377764718158e-11,TRUE,below_baseline
swing,epistemic,600,80500,81100,0.5672641777697228,0.007398273736128237,-4.2029974300835033e-4,7.612316414195214e-4,0.5818094130971515,FALSE,not_significant
file,epistemic,947,79619,80566,1.0940336945999994e-51,0.011754338058237966,0.0037815251375600506,0.005271535405070579,7.293557963999997e-51,TRUE,above_baseline
class,epistemic,658,78814,79472,4.762270273967146e-4,0.008279645661365008,4.2091404946424465e-4,0.0016827616994204693,7.055215220692067e-4,TRUE,above_baseline
apache-spark,epistemic,499,78715,79214,0.002068401931207295,0.006299391521700709,-0.0014804360217944273,-3.7639650864945695e-4,0.0028928698338563565,TRUE,below_baseline
tensorflow,epistemic,452,77389,77841,2.947930573947076e-6,0.0058067085469097265,-0.0019559455877360913,-8.862528922897583e-4,5.459130692494585e-6,TRUE,below_baseline
sorting,epistemic,760,76089,76849,3.577786323819293e-18,0.009889523611237622,0.001961271054710547,0.0033621605939193945,1.301013208661561e-17,TRUE,above_baseline
date,epistemic,680,76034,76714,9.315055178162383e-8,0.008864092603696848,9.721322283564399e-4,0.002300437405191954,2.003237672723093e-7,TRUE,above_baseline
unity-game-engine,epistemic,614,74273,74887,0.0017365774096446008,0.00819901985658392,3.244526667402147e-4,0.001617971472582323,0.0024458836755557756,TRUE,above_baseline
t-sql,epistemic,834,72714,73548,2.1599417686958002e-39,0.011339533365965083,0.0033457503295614265,0.004877700828523438,1.0799708843479002e-38,TRUE,above_baseline
go,epistemic,409,72359,72768,3.186926032382829e-7,0.005620602462620933,-0.0021514569191788944,-0.001062953729424543,6.570981510067687e-7,TRUE,below_baseline
authentication,epistemic,481,72181,72662,0.05330680989225146,0.006619691172827613,-0.0011987205600745066,-1.7512668115570156e-5,0.060973959815239016,FALSE,not_significant
symfony,epistemic,543,72103,72646,0.43302837439803066,0.007474602868705779,-3.804683665308336e-4,8.740585300970882e-4,0.453432852772807,FALSE,not_significant
for-loop,epistemic,680,71092,71772,1.3288900175683236e-12,0.009474446859499526,0.001537089756286926,0.002956188388866824,3.743352162164291e-12,TRUE,above_baseline
.htaccess,epistemic,385,71311,71696,4.459304162759074e-9,0.005369895112698059,-0.0023939500993899786,-0.0013218752490592066,1.025127393737718e-8,TRUE,below_baseline
matplotlib,epistemic,312,71162,71474,1.776625378348516e-19,0.0043652237177155325,-0.0033470975788101476,-0.00237807055960409,6.704246710749117e-19,TRUE,below_baseline
datetime,epistemic,663,70457,71120,4.6675309569978695e-11,0.009322272215973003,0.00138735759958752,0.002801571258513183,1.2282976202625974e-10,TRUE,above_baseline
opencv,epistemic,630,70276,70906,1.9944873038987955e-7,0.008885002679603982,9.656407949312649e-4,0.002348748990431396,4.198920639786938e-7,TRUE,above_baseline
google-chrome,epistemic,401,68815,69216,8.602818375856634e-6,0.005793458159963015,-0.0020007724449132066,-8.67926809006067e-4,1.536217567117256e-5,TRUE,below_baseline
codeigniter,epistemic,416,68190,68606,3.2384004117536064e-4,0.006063609596828266,-0.001746112587657435,-5.822837925313359e-4,4.833433450378517e-4,TRUE,below_baseline
perl,epistemic,708,67325,68033,1.5412426795704311e-22,0.010406714388605529,0.002415585311164582,0.003942227892201174,6.42184449821013e-22,TRUE,above_baseline
validation,epistemic,371,66104,66475,5.533932305408348e-7,0.005581045505829259,-0.0022141076078514158,-0.0010794169543353683,1.117966122304717e-6,TRUE,below_baseline
http,epistemic,575,65834,66409,1.3924817228650006e-5,0.008658464967097834,7.25193255863906e-4,0.0021361211044864585,2.3601385133305093e-5,TRUE,above_baseline
sockets,epistemic,1026,63837,64863,3.213013296690595e-146,0.01581795476619953,0.00762933983181065,0.009550954126743108,5.8418423576192645e-145,TRUE,above_baseline
object,epistemic,534,64166,64700,0.00210446604996756,0.008253477588871716,3.27704461650922e-4,0.0017236351422472067,0.0029228695138438336,TRUE,above_baseline
google-maps,epistemic,290,64234,64524,2.6221406824432274e-16,0.004494451676895419,-0.003250598071291802,-0.0022161141487626627,8.458518330462024e-16,TRUE,below_baseline
uitableview,epistemic,487,63036,63523,0.19242009723783468,0.007666514490814351,-2.404323160697129e-4,0.0011178457238531126,0.2102951882380707,FALSE,not_significant
xaml,epistemic,344,61874,62218,5.808393104111224e-7,0.005528946607091196,-0.0022825079037573515,-0.0011152144559055596,1.1616786208222447e-6,TRUE,below_baseline
if-statement,epistemic,560,61456,62016,1.227727244656756e-7,0.009029927760577915,0.001056832527174459,0.002547407420136068,2.6121856269292677e-7,TRUE,above_baseline
oop,epistemic,516,61479,61995,0.001304211715932179,0.008323251875151223,3.7947444232957974e-4,0.0018114137341275628,0.0018631595941888271,TRUE,above_baseline
ubuntu,epistemic,439,58490,58929,0.525488400271762,0.007449642790476676,-4.732707997201613e-4,9.1694080682821e-4,0.544547565048458,FALSE,not_significant
cordova,epistemic,254,57975,58229,3.422977299484228e-16,0.0043620876195710045,-0.0034020797615815406,-0.002329360573121753,1.0866594601537232e-15,TRUE,below_baseline
visual-studio-code,epistemic,244,57956,58200,5.699881924762641e-18,0.0041924398625429555,-0.0035614122801552513,-0.0025093235686041403,1.9999585700921547e-17,TRUE,below_baseline
email,epistemic,480,57485,57965,0.0028007269213949472,0.008280859139135685,3.145338486744486e-4,0.0017915688557516196,0.0038105128182244177,TRUE,above_baseline
android-layout,epistemic,257,57464,57721,3.674095360634926e-15,0.0044524523137159785,-0.003319565183516086,-0.0022311457628972596,1.130490880195362e-14,TRUE,below_baseline
ms-access,epistemic,458,57238,57696,0.04426379827467966,0.007938158624514698,-1.4561775804707e-5,0.0014352634509887997,0.05177052429787095,FALSE,not_significant
web-services,epistemic,387,57284,57671,0.14293026984941248,0.0067104784033569734,-0.0011845233982413356,1.498646311099799e-4,0.15793399983360495,FALSE,not_significant
spring-mvc,epistemic,395,56819,57214,0.36094719654618385,0.006903904638724787,-0.0010032443054904174,3.554380090946892e-4,0.3839863793044509,FALSE,not_significant
ggplot2,epistemic,136,57056,57192,1.2221511992022625e-42,0.0023779549587354875,-0.005250483865761565,-0.0044492217906127625,6.432374732643487e-42,TRUE,below_baseline
parsing,epistemic,517,56489,57006,2.190627470165431e-7,0.009069220783777147,0.001062460264825751,0.0026203657288832397,4.563807229511315e-7,TRUE,above_baseline
pointers,epistemic,888,56046,56934,2.9455263883047395e-122,0.015597007060807251,0.007350811899555167,0.009387586648214033,4.909210647174566e-121,TRUE,above_baseline
github,epistemic,285,56369,56654,6.876022072801412e-10,0.005030536237511914,-0.0027808345458438743,-0.0016137085529776,1.6770785543418079e-9,TRUE,below_baseline
user-interface,epistemic,277,56245,56522,6.762176820187643e-11,0.004900746611938714,-0.002903780295137372,-0.0017503420548305023,1.7564095636851021e-10,TRUE,below_baseline
kubernetes,epistemic,272,56241,56513,1.276101358880369e-11,0.004813051864172845,-0.002986380450212297,-0.001843131395287316,3.496168106521559e-11,TRUE,below_baseline
c++11,epistemic,774,55735,56509,2.497029171959087e-73,0.013696933231874568,0.005510208510068839,0.007428042379834994,2.628451759956934e-72,TRUE,above_baseline
selenium-webdriver,epistemic,445,55701,56146,0.05119622083493812,0.007925764969899904,-3.6303599275082366e-5,0.0014322179652295867,0.05918638246813656,FALSE,not_significant
google-sheets,epistemic,232,55777,56009,7.00390838413178e-18,0.0041421914335196125,-0.003618612189670102,-0.0025526205171359758,2.415140822114407e-17,TRUE,below_baseline
elasticsearch,epistemic,374,55557,55931,0.13136083173815008,0.006686810534408468,-0.0012172785038063242,1.3528399877795676e-4,0.1467718790370392,FALSE,not_significant
google-apps-script,epistemic,312,54923,55235,1.20057634378572e-5,0.005648592378021182,-0.0022051465908136504,-9.532842269892878e-4,2.069959213423655e-5,TRUE,below_baseline
templates,epistemic,423,54783,55206,0.22880834986712914,0.007662210629279426,-2.937769200510313e-4,0.0011625826047645814,0.24736037823473422,FALSE,not_significant
ruby-on-rails-3,epistemic,311,54780,55091,1.1804760442744821e-5,0.005645205205932004,-0.002209162529508639,-9.560426324726564e-4,2.0530018161295342e-5,TRUE,below_baseline
security,epistemic,472,54466,54938,1.6445811207403547e-4,0.008591503149004332,5.911994030509029e-4,0.0021361913211124578,2.491789576879325e-4,TRUE,above_baseline
variables,epistemic,429,53238,53667,0.0364337953052992,0.00799373916932193,1.1758114986767888e-5,0.0015201046498117883,0.04311691752106415,TRUE,above_baseline
machine-learning,epistemic,364,53157,53521,0.24433468118144455,0.00680106873937333,-0.0011238678209259214,2.7038972582727936e-4,0.2627254636359619,FALSE,not_significant
flask,epistemic,340,53089,53429,0.018478402518939153,0.006363585318834341,-0.0015393395595706646,-1.8910537660595688e-4,0.02281284261597426,TRUE,below_baseline
sql-server-2008,epistemic,547,52841,53388,2.0538373665905622e-16,0.010245748108189106,0.00216305539876887,0.003872825243764039,6.733893005214958e-16,TRUE,above_baseline
exception,epistemic,703,52341,53044,4.438176054958678e-60,0.01325314832968856,0.005051564960176318,0.0069991161253555,3.170125753541913e-59,TRUE,above_baseline
tkinter,epistemic,250,52070,52320,3.856070484637958e-11,0.0047782874617737,-0.0030413986625507546,-0.0018576419877471481,1.028285462570122e-10,TRUE,below_baseline
delphi,epistemic,699,51467,52166,6.203189613200568e-62,0.01339953226239313,0.005184470055366901,0.007158978895574057,4.771684317846591e-61,TRUE,above_baseline
nginx,epistemic,325,51725,52050,0.008116809801477543,0.006243996157540826,-0.0016613903222967373,-3.062329364669138e-4,0.010339885097423621,TRUE,below_baseline
listview,epistemic,294,51400,51694,3.6083509284820824e-5,0.005687313808178899,-0.0021896413500050193,-8.913466074824853e-4,5.8199208523904554e-5,TRUE,below_baseline
haskell,epistemic,426,51040,51466,0.004997125314607932,0.008277309291571134,2.660007412957253e-4,0.0018330022680012393,0.006618709025970772,TRUE,above_baseline
debugging,epistemic,466,50753,51219,6.02812466531332e-7,0.009098186219957437,0.0010473810060497638,0.0026933758600198076,1.1936880525372912e-6,TRUE,above_baseline
asynchronous,epistemic,548,50548,51096,1.1954012530689787e-20,0.010724909973383436,0.0026033308796233295,0.004390873493298239,4.879188788036648e-20,TRUE,above_baseline
jpa,epistemic,490,50594,51084,2.9916544810338715e-10,0.009592044475765405,0.0015183317699996135,0.0032101416076858948,7.479136202584678e-10,TRUE,above_baseline
jsp,epistemic,384,50392,50776,0.37364554580258014,0.007562628013234599,-4.19491950237055e-4,0.0010891324028609508,0.39539211196040225,FALSE,not_significant
web-scraping,epistemic,445,50202,50647,3.547094483951912e-5,0.008786305210575157,7.450302488404885e-4,0.002371964598464524,5.767633307238881e-5,TRUE,above_baseline
gradle,epistemic,282,50073,50355,1.6474411865764254e-5,0.005600238308013107,-0.0022802554022267833,-9.748835555923056e-4,2.745735310960709e-5,TRUE,below_baseline
batch-file,epistemic,405,49769,50174,0.02578533917192266,0.008071909754055886,6.040423762780297e-5,0.0016277996966386661,0.03125495657202747,TRUE,above_baseline
generics,epistemic,441,49513,49954,2.4756271220279127e-5,0.008828121872122353,7.793075251570678e-4,0.0024213206452423355,4.091945656244484e-5,TRUE,above_baseline
xamarin,epistemic,272,49619,49891,2.881464073880347e-6,0.005451885109538795,-0.002422957061391241,-0.0011288882933764722,5.3859141567856956e-6,TRUE,below_baseline
pdf,epistemic,345,49370,49715,0.44846960458817114,0.006939555466157096,-0.001018771848546797,4.422672070156856e-4,0.4671558381126783,FALSE,not_significant
google-cloud-platform,epistemic,317,49010,49327,0.035817351860400394,0.006426500699414114,-0.001507300002384986,-9.531417263208819e-5,0.042639704595714756,TRUE,below_baseline
wcf,epistemic,381,48874,49255,0.18417013821484687,0.007735255304030048,-2.670063401667204e-4,0.001281901374381513,0.20238476726906252,FALSE,not_significant
amazon-s3,epistemic,352,48771,49123,0.8710128027696219,0.007165686134804471,-8.087877492581001e-4,6.845444450217387e-4,0.8710128027696219,FALSE,not_significant
ssl,epistemic,417,48589,49006,8.241463647497403e-4,0.008509162143411011,4.6741361793880426e-4,0.0020952950950379155,0.001185822107553583,TRUE,above_baseline
testing,epistemic,302,48471,48773,0.006970973761187412,0.006191950464396285,-0.0017328750708730063,-3.3883957417972586e-4,0.009053212676866769,TRUE,below_baseline
jenkins,epistemic,245,48286,48531,1.4786811944762727e-8,0.005048319630751479,-0.00281095015884066,-0.0015480261535016854,3.285958209947273e-8,TRUE,below_baseline
npm,epistemic,204,47301,47505,4.576192584053058e-14,0.00429428481212504,-0.003522527447187373,-0.00234451850240785,1.3264326330588573e-13,TRUE,below_baseline
unix,epistemic,451,46910,47361,3.912666249471528e-9,0.009522602985578851,0.0014194735372205314,0.003170116860091868,9.099223835980298e-9,TRUE,above_baseline
recursion,epistemic,512,46659,47171,1.6343746098738673e-20,0.010854126476012804,0.0026906397845395313,0.0045619975936407745,6.537498439495469e-20,TRUE,above_baseline
ionic-framework,epistemic,199,46192,46391,8.238712499352293e-14,0.004289625142807872,-0.0035338726962444826,-0.0023424925919850754,2.3539178569577983e-13,TRUE,below_baseline
network-programming,epistemic,477,45813,46290,6.002601556478097e-15,0.010304601425793907,0.0021561976110816726,0.003997389666660839,1.7918213601427157e-14,TRUE,above_baseline
google-app-engine,epistemic,296,45801,46097,0.04109701300867086,0.006421242163264421,-0.0015365220870170587,-7.660916029940217e-5,0.048349427069024536,TRUE,below_baseline
visual-studio-2010,epistemic,340,45327,45667,0.5837713282992218,0.00744520112991876,-5.717724297088991e-4,0.0010065591157011164,0.595685028876757,FALSE,not_significant
mongoose,epistemic,256,45142,45398,6.515841281470107e-5,0.005639014934578615,-0.0022784528855096884,-8.991328191783833e-4,1.026116737239387e-4,TRUE,below_baseline
assembly,epistemic,717,44301,45018,7.880054970441081e-105,0.015926962548314008,0.007542179953620962,0.00985612956916175,1.0506739960588109e-103,TRUE,above_baseline
.net-core,epistemic,320,44449,44769,0.8417539517567121,0.0071478031673702785,-8.610969204341444e-4,7.010876813293988e-4,0.8459838711122734,FALSE,not_significant
android-fragments,epistemic,288,44008,44296,0.07146320086599171,0.006501715730540003,-0.0014753196923212055,2.313557955590964e-5,0.08074937950959515,FALSE,not_significant
math,epistemic,606,43668,44274,9.653309731960983e-58,0.013687491530017618,0.0053768583599482465,0.007542509126241687,6.657454987559299e-57,TRUE,above_baseline
join,epistemic,393,43224,43617,1.135964565783699e-5,0.009010248297682096,8.949901150003684e-4,0.002669890906518521,2.000181470119792e-5,TRUE,above_baseline
winapi,epistemic,621,42816,43437,1.6430896353180523e-67,0.014296567442502935,0.0059518712912732035,0.008185648019887365,1.5648472717314785e-66,TRUE,above_baseline
svg,epistemic,160,43240,43400,3.180894005563387e-18,0.003686635944700461,-0.004112376592279237,-0.0029699670921651436,1.1781088909494026e-17,TRUE,below_baseline
rust,epistemic,236,43007,43243,1.4066826848572633e-5,0.00545753069861018,-0.0024654984833339458,-0.0010750556932909976,2.3641725795920393e-5,TRUE,below_baseline
animation,epistemic,150,43090,43240,2.8890718653277164e-20,0.003469010175763182,-0.004314029326002925,-0.0032035658963160134,1.1111814866645064e-19,TRUE,below_baseline
session,epistemic,446,42716,43162,2.8216316968909483e-14,0.010333163430795607,0.002150724077750856,0.004059987209995055,8.298916755561613e-14,TRUE,above_baseline
intellij-idea,epistemic,229,42865,43094,2.772275727384098e-6,0.005313964821088783,-0.00260111300483566,-0.0012265729268320768,5.230708919592638e-6,TRUE,below_baseline
django-models,epistemic,243,42782,43025,1.1063694394793681e-4,0.005647879140034864,-0.002288859005400099,-8.709982883754763e-4,1.7287022491865127e-4,TRUE,below_baseline
laravel-5,epistemic,257,42706,42963,0.002316258582839309,0.005981891394921212,-0.0019758640810454723,-5.159687029574072e-4,0.0031729569627935734,TRUE,below_baseline
curl,epistemic,391,42456,42847,3.622737014029079e-6,0.009125493033351226,9.966605296534313e-4,0.002798709963203719,6.647223878952439e-6,TRUE,above_baseline
hadoop,epistemic,254,42499,42753,0.0016985878036690765,0.005941103548289009,-0.002015959970480149,-5.574485067871354e-4,0.0024093444023674843,TRUE,below_baseline
javascript,comparison_measurement,6858,2475525,2482383,7.992625477434003e-17,0.002762667968641422,-3.7494458973518624e-4,-2.369697159997111e-4,3.0740867220900015e-16,TRUE,below_baseline
python,comparison_measurement,7577,2163036,2170613,1.0183935690554341e-26,0.0034907189812278835,3.405338049649621e-4,5.036539144730633e-4,6.364959806596463e-26,TRUE,above_baseline
java,comparison_measurement,6231,1879863,1886094,2.133817625979365e-8,0.003303652946247642,1.501615102190507e-4,3.198941392584918e-4,4.7950957887176744e-8,TRUE,above_baseline
c#,comparison_measurement,6238,1597855,1604093,1.2557140144231084e-72,0.003888801958489938,7.213208206429015e-4,9.190328533192326e-4,2.283116389860197e-71,TRUE,above_baseline
php,comparison_measurement,3802,1442659,1446461,1.061384180577736e-20,0.002628484279907996,-5.265015147410151e-4,-3.5378016846073456e-4,4.8244735480806184e-20,TRUE,below_baseline
android,comparison_measurement,2660,1367102,1369762,2.9649347639823834e-121,0.0019419431988914862,-0.0012036976976440457,-0.0010496661475907236,9.883115879941278e-120,TRUE,below_baseline
html,comparison_measurement,3038,1170356,1173394,3.526543151745188e-20,0.002589070678731952,-5.741590864704354e-4,-3.849497990834025e-4,1.5006566603171013e-19,TRUE,below_baseline
jquery,comparison_measurement,2594,1017275,1019869,4.4240708630455654e-21,0.0025434639154636525,-6.254197491649575e-4,-4.249026629254791e-4,2.0577073781607283e-20,TRUE,below_baseline
c++,comparison_measurement,5186,802999,808185,0,0.006416847627709003,0.003172721294662484,0.0035237237177377797,0,TRUE,above_baseline
css,comparison_measurement,2174,795642,797816,4.5251646590750755e-8,0.002724939083698497,-4.602219715165734e-4,-2.2715010410417446e-4,9.837314476250164e-8,TRUE,below_baseline
sql,comparison_measurement,2384,669611,671995,2.8275660467102066e-12,0.0035476454437905042,3.3513131566168745e-4,6.229093289015793e-4,8.70020322064679e-12,TRUE,above_baseline
ios,comparison_measurement,1630,666985,668615,2.917021839272763e-20,0.002437875309408254,-7.510340456086352e-4,-5.104655785925982e-4,1.2682703649012014e-19,TRUE,below_baseline
mysql,comparison_measurement,1970,651776,653746,0.4257150551167941,0.0030134027588696525,-1.8994242556708075e-4,7.949770028864415e-5,0.4504921218167133,FALSE,not_significant
r,comparison_measurement,1647,501383,503030,0.00915447155925621,0.0032741585988907223,4.610454517765537e-5,3.649624095860475e-4,0.011736501999046424,TRUE,above_baseline
reactjs,comparison_measurement,769,457231,458000,3.6013741858594357e-64,0.0016790393013100438,-0.0015102304137645938,-0.0012689412266330604,5.14482026551348e-63,TRUE,below_baseline
node.js,comparison_measurement,1067,454381,455448,1.4627887852755221e-18,0.00234274823909645,-8.680366847885751e-4,-5.837170800362664e-4,5.970566470512335e-18,TRUE,below_baseline
arrays,comparison_measurement,1908,414381,416289,3.922044913997843e-68,0.004583354352385002,0.0013083397775854682,0.0017211186841667937,6.536741523329738e-67,TRUE,above_baseline
c,comparison_measurement,2904,403234,406138,0,0.0071502789692173595,0.003821570670420635,0.004341737024996343,0,TRUE,above_baseline
asp.net,comparison_measurement,942,366999,367941,3.022228240999696e-8,0.002560193074433129,-6.732256782286163e-4,-3.436384159228673e-4,6.716062757777103e-8,TRUE,below_baseline
json,comparison_measurement,935,355447,356382,1.8168650699266845e-6,0.002623589294633287,-6.144509449066094e-4,-2.7562070884455843e-4,3.1325259826322145e-6,TRUE,below_baseline
.net,comparison_measurement,1524,334342,335866,2.1519556792697516e-52,0.00453752389345751,0.0012405170580639389,0.0016972804858333397,2.68994459908719e-51,TRUE,above_baseline
sql-server,comparison_measurement,1369,333529,334898,4.341718926723032e-26,0.004087811811357488,8.019458342915411e-4,0.001236427545405694,2.631344804074565e-25,TRUE,above_baseline
python-3.x,comparison_measurement,1044,333556,334600,0.5926741939388595,0.0031201434548714883,-1.3875961628410726e-4,2.417962830093421e-4,0.6078709681424199,FALSE,not_significant
ruby-on-rails,comparison_measurement,790,331947,332737,5.904544120168531e-13,0.002374247528829075,-8.612354995979842e-4,-5.275196857616074e-4,1.935916104973289e-12,TRUE,below_baseline
swift,comparison_measurement,827,327397,328224,1.562397781121869e-8,0.0025196207468070587,-7.219513203788825e-4,-3.760574290247419e-4,3.550904048004248e-8,TRUE,below_baseline
django,comparison_measurement,548,304615,305163,9.227143198230315e-37,0.001795761609369419,-0.0014247211037523191,-0.0011210059205265847,7.689285998525264e-36,TRUE,below_baseline
angular,comparison_measurement,428,297789,298217,3.5299056394967445e-58,0.0014351965179718125,-0.0017711120043289012,-0.0014957452027452155,4.706540852662326e-57,TRUE,below_baseline
objective-c,comparison_measurement,806,286661,287467,0.010679311394431183,0.002803800088357968,-4.5939731720550574e-4,-7.025274909629986e-5,0.013604218336855009,TRUE,below_baseline
excel,comparison_measurement,1070,285982,287052,2.352509567997186e-10,0.0037275476220336385,4.348830982432733e-4,8.82961902806262e-4,6.110414462330352e-10,TRUE,above_baseline
pandas,comparison_measurement,845,286068,286913,0.234459487889984,0.002945143649817192,-3.230111106178585e-4,7.60481672345011e-5,0.25346971663782053,FALSE,not_significant
regex,comparison_measurement,1146,259568,260714,5.39571858718346e-34,0.004395621255475348,0.0010720884268334869,0.0015819038410994676,4.316574869746768e-33,TRUE,above_baseline
angularjs,comparison_measurement,521,255623,256144,3.9744442169573984e-21,0.002034012118183522,-0.0012105062887945313,-8.587197178561664e-4,1.892592484265428e-20,TRUE,below_baseline
typescript,comparison_measurement,537,226734,227271,1.3515796407685408e-9,0.0023628179574164765,-9.066532685674214e-4,-5.049610596173672e-4,3.218046763734621e-9,TRUE,below_baseline
ruby,comparison_measurement,761,226050,226811,0.014093076724527706,0.0033552164577555763,4.7568454853757255e-5,5.256142176396537e-4,0.017727140533997113,TRUE,above_baseline
linux,comparison_measurement,866,222916,223782,9.612342756294166e-12,0.003869837609816697,5.430095945288378e-4,0.0010594153820868142,2.7861863061722218e-11,TRUE,above_baseline
ajax,comparison_measurement,545,217109,217654,2.0850399224626754e-6,0.002503974197579645,-7.757878960540034e-4,-3.5351395180444864e-4,3.5641708076285046e-6,TRUE,below_baseline
iphone,comparison_measurement,531,216317,216848,1.9910695053546767e-7,0.0024487198406256917,-8.291149608893576e-4,-4.106956008770007e-4,3.877322996317853e-7,TRUE,below_baseline
vba,comparison_measurement,921,214355,215276,6.543824928434634e-24,0.004278228878277188,9.329967145960082e-4,0.0014862107989406265,3.635458293574797e-23,TRUE,above_baseline
xml,comparison_measurement,598,211136,211734,0.042935433557398955,0.002824298412158652,-4.714654161984007e-4,-1.718800250203684e-5,0.051113611377855896,FALSE,not_significant
laravel,comparison_measurement,308,208969,209277,1.1460174778530244e-39,0.0014717336353254299,-0.0017626354307555853,-0.0014311475416112966,1.0418340707754769e-38,TRUE,below_baseline
spring,comparison_measurement,330,206310,206640,1.566966525254396e-33,0.001596980255516841,-0.0016452435313149974,-0.0012980462006690623,1.2053588655803047e-32,TRUE,below_baseline
asp.net-mvc,comparison_measurement,521,197599,198120,4.323743311386688e-4,0.0026297193620028266,-6.655130949855618e-4,-2.1229842402652676e-4,6.358446046156894e-4,TRUE,below_baseline
database,comparison_measurement,625,191030,191655,0.12934251282808004,0.003261068065012653,-6.377242470341976e-5,4.486583117109841e-4,0.14866955497480464,FALSE,not_significant
wordpress,comparison_measurement,289,184747,185036,1.3494575803561423e-31,0.0015618582329924987,-0.0016880687228851283,-0.001325465054147616,9.995982076712166e-31,TRUE,below_baseline
string,comparison_measurement,983,183571,184554,5.944863084222925e-68,0.005326354346153429,0.001924904217252833,0.0025905542320362835,9.145943206496809e-67,TRUE,above_baseline
postgresql,comparison_measurement,470,175916,176386,0.002228850239870263,0.0026646105699998867,-6.456196399202865e-4,-1.6240946309768178e-4,0.0030119597836084635,TRUE,below_baseline
flutter,comparison_measurement,206,171139,171345,3.234981108314007e-44,0.0012022527648895504,-0.002031954083771723,-0.0017007906294669178,3.4052432719094815e-43,TRUE,below_baseline
mongodb,comparison_measurement,417,170693,171110,2.4759487560944663e-6,0.002437028811875402,-8.662756724314087e-4,-3.969169468355291e-4,4.196523315414349e-6,TRUE,below_baseline
wpf,comparison_measurement,461,167206,167667,0.018517288847333075,0.002749497515909511,-5.707564482413309e-4,-6.749876295738898e-5,0.022860850428806263,TRUE,below_baseline
windows,comparison_measurement,572,163838,164410,0.002722419951962098,0.003479107110273098,1.249950215902278e-4,6.959689559382263e-4,0.003654254969076642,TRUE,above_baseline
bash,comparison_measurement,640,155581,156221,2.5738498767847387e-13,0.004096760358722579,7.106102672929153e-4,0.0013456602071345012,8.579499589282463e-13,TRUE,above_baseline
xcode,comparison_measurement,328,154656,154984,1.3538811858956471e-11,0.0021163474939348576,-0.0011821493335669904,-7.224059215810361e-4,3.813749819424358e-11,TRUE,below_baseline
amazon-web-services,comparison_measurement,330,153540,153870,6.237771228419639e-11,0.0021446675765256387,-0.0011561729386304904,-6.91742151335974e-4,1.7327142301165662e-10,TRUE,below_baseline
oracle-database,comparison_measurement,468,151060,151528,0.8888999189930703,0.0030885380919698007,-2.6036021437882655e-4,3.0018615530068635e-4,0.8933667527568545,FALSE,not_significant
git,comparison_measurement,557,150941,151498,2.0236830816435513e-5,0.003676616192953042,3.024109060963061e-4,9.135712367920366e-4,3.186902490777246e-5,TRUE,above_baseline
dataframe,comparison_measurement,404,147339,147743,0.020574435715178425,0.0027344781140223227,-6.013557262911253e-4,-6.693828868197112e-5,0.025090775262412712,TRUE,below_baseline
spring-boot,comparison_measurement,208,145344,145552,1.4184436224436685e-29,0.0014290425414971969,-0.0018349227175383617,-0.0014442424424849862,9.782369809956334e-29,TRUE,below_baseline
azure,comparison_measurement,303,142206,142509,1.3716564860640295e-10,0.0021261815043260427,-0.00118262514371766,-7.022620906479962e-4,3.6096223317474465e-10,TRUE,below_baseline
list,comparison_measurement,644,140793,141437,9.145487014265896e-24,0.004553263997398135,0.0011330703870932961,0.0018362073646852315,4.9435064941977814e-23,TRUE,above_baseline
multithreading,comparison_measurement,848,138488,139336,3.835740993970819e-91,0.006086007923293334,0.002608403054011679,0.003426362549557248,8.523868875490709e-90,TRUE,above_baseline
firebase,comparison_measurement,454,138485,138939,0.18125364249941778,0.003267621042327928,-1.019120045190672e-4,4.999038461571818e-4,0.2025180363121986,FALSE,not_significant
vb.net,comparison_measurement,551,138293,138844,1.546745434958414e-9,0.003968482613580709,5.684092650284059e-4,0.0012313057191152713,3.6394010234315626e-9,TRUE,above_baseline
docker,comparison_measurement,246,134062,134308,2.7800437508728044e-16,0.0018316109241445038,-0.001466769304861131,-0.001007259089867603,1.0490731135369073e-15,TRUE,below_baseline
react-native,comparison_measurement,141,128212,128353,3.1744313089801703e-37,0.0010985329520930558,-0.0021526780427131224,-0.001787506296118508,2.7603750512871043e-36,TRUE,below_baseline
eclipse,comparison_measurement,272,121832,122104,1.1367613066274529e-7,0.002227609251130184,-0.001106386507344914,-5.756452334124596e-4,2.343837745623614e-7,TRUE,below_baseline
algorithm,comparison_measurement,1150,119502,120652,0,0.009531545270695886,0.005914212836512487,0.007011627461861544,0,TRUE,above_baseline
powershell,comparison_measurement,459,117720,118179,4.382311874519004e-7,0.0038839387708476127,4.599903822965804e-4,0.0011706369163809033,8.115392360220378e-7,TRUE,above_baseline
macos,comparison_measurement,293,114496,114789,0.0016041957423213018,0.0025525093867879325,-8.088589147999103e-4,-2.233725546419663e-4,0.0022436304088409814,TRUE,below_baseline
numpy,comparison_measurement,629,113461,114090,5.59399502454383e-50,0.005513191340170041,0.002014329125909078,0.002874803311413263,6.215550027270921e-49,TRUE,above_baseline
visual-studio,comparison_measurement,337,113143,113480,0.5477078148912519,0.0029696862883327457,-4.1631153737795213e-4,2.184338710257019e-4,0.5675728651722817,FALSE,not_significant
forms,comparison_measurement,258,111512,111770,4.4847518269865174e-6,0.0023083117115505055,-0.0010425329220568548,-4.7809389785987577e-4,7.537398028548769e-6,TRUE,below_baseline
image,comparison_measurement,333,111048,111381,0.6348479484367872,0.002989737926576346,-4.002930575943172e-4,2.4251866772926782e-4,0.6478040290171297,FALSE,not_significant
function,comparison_measurement,468,110399,110867,4.6213161687372e-12,0.004221274139284007,7.703631830833558e-4,0.001534934852466916,1.3794973638021493e-11,TRUE,above_baseline
scala,comparison_measurement,391,110355,110746,0.005568883158616069,0.0035306015567153665,1.1193376664806273e-4,8.120191037649285e-4,0.007279585828256299,TRUE,above_baseline
vue.js,comparison_measurement,165,104914,105079,1.760689467716534e-18,0.001570247147384349,-0.001738816216698915,-0.0012579397315501289,7.042757870866137e-18,TRUE,below_baseline
twitter-bootstrap,comparison_measurement,197,101219,101416,9.472504417594256e-11,0.0019424942809813048,-0.0013980337743012294,-8.542279067539028e-4,2.526001178025135e-10,TRUE,below_baseline
performance,comparison_measurement,1139,100019,101158,0,0.011259613673659028,0.007540401513182838,0.008841575591117475,0,TRUE,above_baseline
winforms,comparison_measurement,353,98153,98506,0.0035591036138230645,0.0035835380585954157,1.4109070362193857e-4,8.887351705511511e-4,0.004683031070819822,TRUE,above_baseline
selenium,comparison_measurement,178,97916,98094,1.3176609992818853e-12,0.001814586009337982,-0.0015212991568270017,-9.86779067514776e-4,4.25051935252221e-12,TRUE,below_baseline
loops,comparison_measurement,450,95740,96190,2.2992988706962215e-19,0.004678240981390997,0.001177814052320019,0.002041417667444234,9.580411961234257e-19,TRUE,above_baseline
kotlin,comparison_measurement,207,94209,94416,1.1693990516736087e-6,0.00219242501270971,-0.0011753697329797469,-5.770304846185747e-4,2.05157728363791e-6,TRUE,below_baseline
sqlite,comparison_measurement,211,93574,93785,5.983047803861159e-6,0.002249826731353628,-0.0011228412479224476,-5.147555323880377e-4,9.808275088296982e-6,TRUE,below_baseline
matlab,comparison_measurement,449,92940,93389,9.709370172248246e-22,0.004807846748546403,0.0012950248238609743,0.00218341843021409,4.854685086124123e-21,TRUE,above_baseline
python-2.7,comparison_measurement,326,92756,93082,0.016997270834669925,0.0035022883049354333,5.349509410249823e-5,8.138312727506268e-4,0.021246588543337407,TRUE,above_baseline
hibernate,comparison_measurement,166,92674,92840,1.8330767792848403e-12,0.0017880224041361482,-0.0015532690873996094,-0.001007936347345836,5.8192913628090165e-12,TRUE,below_baseline
shell,comparison_measurement,336,92108,92444,0.0019076205290092796,0.003634632858811821,1.7744363284396587e-4,9.545718417619349e-4,0.0026131788068620267,TRUE,above_baseline
express,comparison_measurement,180,92070,92250,8.873075614765989e-10,0.001951219512195122,-0.0014030447014531401,-8.317665171743577e-4,2.190882867843454e-9,TRUE,below_baseline
dart,comparison_measurement,140,91743,91883,2.701749810861624e-17,0.001523676849906947,-0.0017981299044549867,-0.001291766638748861,1.0595097297496564e-16,TRUE,below_baseline
entity-framework,comparison_measurement,273,90218,90491,0.7787635835047161,0.00301687460631444,-4.0977244075923773e-4,3.062714103703764e-4,0.7866298823279961,FALSE,not_significant
csv,comparison_measurement,351,89248,89599,4.5898433959948305e-6,0.003917454435875401,4.3920206974083943e-4,0.0012584565589922204,7.649738993324719e-6,TRUE,above_baseline
rest,comparison_measurement,223,89156,89379,0.0019624368825993665,0.0024949932310721758,-9.014454515499824e-4,-2.4581832932340787e-4,0.002669982153196417,TRUE,below_baseline
apache,comparison_measurement,205,89078,89283,3.0767446095920707e-5,0.002296069800521936,-0.001087291624208079,-4.578190177657905e-4,4.80741345248761e-5,TRUE,below_baseline
maven,comparison_measurement,165,86920,87085,3.9433877891401065e-10,0.0018947005798932077,-0.0014636067848839988,-8.842422983473275e-4,9.983260225671156e-10,TRUE,below_baseline
android-studio,comparison_measurement,168,86594,86762,1.7114835161208808e-9,0.001936331573730435,-0.0014256577326990905,-8.389293628577811e-4,3.980194223536933e-9,TRUE,below_baseline
linq,comparison_measurement,416,86041,86457,2.4710894708529682e-20,0.004811640468672288,0.0012812165998767316,0.0022048140944501034,1.0982619870457637e-19,TRUE,above_baseline
dictionary,comparison_measurement,429,85327,85756,1.8019849991314267e-24,0.005002565418163161,0.0014612185333233144,0.0024066620599852654,1.0297057137893868e-23,TRUE,above_baseline
qt,comparison_measurement,248,84514,84762,0.45306729423992936,0.0029258394091692033,-5.07077501265857e-4,2.215060765865219e-4,0.47194509816659314,FALSE,not_significant
asp.net-core,comparison_measurement,207,83763,83970,0.001593495794664606,0.002465166130760986,-9.396051891977875e-4,-2.673127922979818e-4,0.0022436304088409814,TRUE,below_baseline
unit-testing,comparison_measurement,277,83101,83378,0.1863672106093008,0.0033222192904603133,-1.3762360877870688e-4,6.448119466815918e-4,0.20593061945779095,FALSE,not_significant
facebook,comparison_measurement,132,81712,81844,5.349892909661592e-14,0.0016128243976345242,-0.001731615669211163,-0.0011799857785375304,1.844790658503997e-13,TRUE,below_baseline
swing,comparison_measurement,228,80872,81100,0.1859630407206211,0.00281134401972873,-6.223650262752805e-4,1.0780282271499844e-4,0.20593061945779095,FALSE,not_significant
file,comparison_measurement,325,80241,80566,7.69696617603609e-7,0.004033959734875754,5.270849357033177e-4,0.001403584291030449,1.3868407524389353e-6,TRUE,above_baseline
class,comparison_measurement,346,79126,79472,6.381887283415094e-11,0.004353734648681297,8.268222192196478e-4,0.0017433968351252042,1.7484622694287927e-10,TRUE,above_baseline
apache-spark,comparison_measurement,161,79053,79214,1.388788700100062e-7,0.002032469008003636,-0.0013505754490843553,-7.217367779261148e-4,2.777577400200124e-7,TRUE,below_baseline
tensorflow,comparison_measurement,156,77685,77841,8.136133461770659e-8,0.002004085250703357,-0.001379499267045839,-7.495804745651887e-4,1.7310922259086507e-7,TRUE,below_baseline
sorting,comparison_measurement,408,76441,76849,4.166362571818734e-29,0.005309112675506513,0.0017262171303114473,0.002754757977683837,2.777575047879156e-28,TRUE,above_baseline
date,comparison_measurement,284,76430,76714,0.0015463050251082145,0.0037020622050733896,2.030992998974671e-4,0.0010637748672315704,0.002193340461146404,TRUE,above_baseline
unity-game-engine,comparison_measurement,210,74677,74887,0.19145974984124406,0.002804225032382122,-6.437944705687649e-4,1.1499429231526758e-4,0.2103953294958726,FALSE,not_significant
t-sql,comparison_measurement,374,73174,73548,6.083523367552335e-23,0.005085114483058682,0.0015019565204263752,0.002531022202673248,3.119755573103762e-22,TRUE,above_baseline
go,comparison_measurement,299,72469,72768,4.1180114152565724e-7,0.004108948988566403,5.750088661128994e-4,0.0015056388680021642,7.697217598610416e-7,TRUE,above_baseline
authentication,comparison_measurement,158,72504,72662,1.3422321073659106e-5,0.00217445157028433,-0.0012335903230902899,-5.547567793587915e-4,2.1305271545490643e-5,TRUE,below_baseline
symfony,comparison_measurement,101,72545,72646,3.0116801082557e-16,0.0013903036643449053,-0.0019501886050918656,-0.0014064543092360655,1.1154370771317408e-15,TRUE,below_baseline
for-loop,comparison_measurement,362,71410,71772,1.3859446198160591e-21,0.005043749651674748,0.001456384398766157,0.0024938646615655976,6.7607054625173614e-21,TRUE,above_baseline
.htaccess,comparison_measurement,142,71554,71696,1.4237661652285842e-7,0.001980584690917206,-0.0014142383382243142,-7.618425229590157e-4,2.819338941046701e-7,TRUE,below_baseline
matplotlib,comparison_measurement,197,71277,71474,0.13158911468345919,0.0027562470268908974,-6.973787345987198e-4,7.262254536277284e-5,0.14977788813343573,FALSE,not_significant
datetime,comparison_measurement,262,70858,71120,0.003062902720143693,0.0036839145106861643,1.6948120963595207e-4,0.001061097568718635,0.004083870293524924,TRUE,above_baseline
opencv,comparison_measurement,203,70703,70906,0.3227446053696306,0.0028629453078723942,-5.995795263707335e-4,1.8821989909778033e-4,0.34334532486130914,FALSE,not_significant
google-chrome,comparison_measurement,140,69076,69216,6.677992638212484e-7,0.0020226537216828477,-0.0013814192405203094,-7.105235591317368e-4,1.214180479674997e-6,TRUE,below_baseline
codeigniter,comparison_measurement,109,68497,68606,2.5106434049822892e-12,0.0015887823222458677,-0.0017786994556351068,-0.0011809861428908994,7.845760640569654e-12,TRUE,below_baseline
perl,comparison_measurement,429,67604,68033,2.568357386801967e-52,0.006305763379536401,0.0026419043937444798,0.003832372122310581,3.021596925649373e-51,TRUE,above_baseline
validation,comparison_measurement,181,66294,66475,0.10741407534134141,0.002722828130876269,-7.425517092159339e-4,5.0957727950730314e-5,0.12490008760621095,FALSE,not_significant
http,comparison_measurement,172,66237,66409,0.025926204162178664,0.0025900103901579604,-8.658203280204496e-4,-9.140913468137129e-5,0.031236390556841766,TRUE,below_baseline
sockets,comparison_measurement,297,64566,64863,3.920515281508981e-12,0.004578881642847232,9.90223112260817e-4,0.002030289930415905,1.1880349337906004e-11,TRUE,above_baseline
object,comparison_measurement,245,64455,64700,9.779420339663825e-4,0.003786707882534776,2.442956475781887e-4,0.0011918698744736215,0.001417307295603453,TRUE,above_baseline
google-maps,comparison_measurement,94,64430,64524,1.3874400785460784e-13,0.0014568222676833427,-0.0019069332460205225,-0.0013166724616305338,4.703186706935859e-13,TRUE,below_baseline
uitableview,comparison_measurement,150,63373,63523,0.0012836984877573562,0.00236134943248902,-0.0010853732590786673,-3.291781189610347e-4,0.001833854982510509,TRUE,below_baseline
xaml,comparison_measurement,156,62062,62218,0.011449541157908244,0.0025073129962390303,-9.549033511282673e-4,-1.6772089941141367e-4,0.014493090073301577,TRUE,below_baseline
if-statement,comparison_measurement,274,61742,62016,1.319264145974278e-9,0.004418214654282766,8.271296699501182e-4,0.0018720493955976724,3.2038070284221056e-9,TRUE,above_baseline
oop,comparison_measurement,382,61613,61995,7.486858124840837e-44,0.006161787240906525,0.0024767594076925067,0.0037095648311028014,7.486858124840837e-43,TRUE,above_baseline
ubuntu,comparison_measurement,111,58818,58929,2.0259955503493754e-7,0.0018836226645624395,-0.0015357930379215643,-8.342118759712984e-4,3.8961452891334146e-7,TRUE,below_baseline
cordova,comparison_measurement,87,58142,58229,6.639219825565443e-12,0.001494100877569596,-0.0018890346533349998,-0.00126001383454355,1.952711713401601e-11,TRUE,below_baseline
visual-studio-code,comparison_measurement,119,58081,58200,8.099901871826299e-6,0.0020446735395189004,-0.0013916164880901532,-6.562866758897878e-4,1.3170572149311055e-5,TRUE,below_baseline
email,comparison_measurement,142,57823,57965,0.0071184153288738235,0.002449754161994307,-0.0010219198020849337,-2.1582211694419392e-4,0.009244695232303667,TRUE,below_baseline
android-layout,comparison_measurement,110,57611,57721,4.4757645904153474e-7,0.0019057188891391348,-0.0015193945772054116,-8.064178875340606e-4,8.212412092505225e-7,TRUE,below_baseline
ms-access,comparison_measurement,238,57458,57696,4.640283672576739e-6,0.004125069328896284,5.329804843979745e-4,0.0015799079303768513,7.669890367895437e-6,TRUE,above_baseline
web-services,comparison_measurement,146,57525,57671,0.019841412689469165,0.0025316016715506927,-9.477528987278613e-4,-1.2629400118849488e-4,0.024345291643520447,TRUE,below_baseline
spring-mvc,comparison_measurement,117,57097,57214,9.715403385050192e-6,0.002044954032229874,-0.0013945043136997712,-6.528378648582224e-4,1.5544645416080307e-5,TRUE,below_baseline
ggplot2,comparison_measurement,161,57031,57192,0.2734884142497972,0.002815079032032452,-6.88340484094512e-4,1.8124830514167453e-4,0.2940735637094593,FALSE,not_significant
parsing,comparison_measurement,261,56745,57006,7.721253527918387e-11,0.004578465424692138,9.552125172198135e-4,0.0020644680891467202,2.08682527781578e-10,TRUE,above_baseline
pointers,comparison_measurement,355,56579,56934,2.7348769289514084e-42,0.0062352899848947905,0.0025196865011201408,0.0038136432256516985,2.6046446942394364e-41,TRUE,above_baseline
github,comparison_measurement,139,56515,56654,0.008177785450744037,0.0024534896035584425,-0.001023115992525258,-2.071550433755989e-4,0.0105519812267665,TRUE,below_baseline
user-interface,comparison_measurement,194,56328,56522,0.1185012241615163,0.003432291850960688,-1.1900019625840413e-4,8.463336551620381e-4,0.13699563486880498,FALSE,not_significant
kubernetes,comparison_measurement,105,56408,56513,1.9968213431036945e-7,0.0018579795799196644,-0.0015663940225153924,-8.548970606630205e-4,3.877322996317853e-7,TRUE,below_baseline
c++11,comparison_measurement,429,56080,56509,1.0803130346171206e-83,0.007591711054876215,0.0038070835818141825,0.005239088284920506,2.160626069234241e-82,TRUE,above_baseline
selenium-webdriver,comparison_measurement,90,56056,56146,3.494569711101349e-10,0.0016029637017775087,-0.0017973139686350906,-0.0011340088708276337,8.960435156670127e-10,TRUE,below_baseline
google-sheets,comparison_measurement,155,55854,56009,0.19793248635078745,0.0027674123801531897,-7.368474671892541e-4,1.344219844778917e-4,0.21631965721397536,FALSE,not_significant
elasticsearch,comparison_measurement,100,55831,55931,4.441411728205294e-8,0.00178791725518943,-0.0016315272631105765,-9.298884695283053e-4,9.761344457594054e-8,TRUE,below_baseline
google-apps-script,comparison_measurement,146,55089,55235,0.07097054388123927,0.002643251561509912,-8.541411342036785e-4,3.3940142057609047e-6,0.08349475750734033,FALSE,not_significant
templates,comparison_measurement,303,54903,55206,1.0832207041385189e-24,0.005488533855015759,0.0018032124399333916,0.0030366050270803848,6.371886494932465e-24,TRUE,above_baseline
ruby-on-rails-3,comparison_measurement,142,54949,55091,0.03735295882612089,0.00257755350238696,-9.1505712266074e-4,-6.708611558308184e-5,0.044734082426492086,TRUE,below_baseline
security,comparison_measurement,272,54666,54938,1.6892103667404875e-15,0.004951035712985548,0.0012950642282450815,0.002469756954708272,6.032894166930313e-15,TRUE,above_baseline
variables,comparison_measurement,233,53434,53667,1.0197089453522432e-7,0.004341587940447575,7.162622802904106e-4,0.0018296633575869974,2.1281725300013366e-7,TRUE,above_baseline
machine-learning,comparison_measurement,174,53347,53521,0.44596323547777417,0.0032510603314586796,-3.0034989202736543e-4,6.652203119269829e-4,0.46943498471344647,FALSE,not_significant
flask,comparison_measurement,85,53344,53429,6.744114717152234e-10,0.0015908963297085852,-0.001816397932123881,-0.0011390596514766903,1.6860286792880586e-9,TRUE,below_baseline
sql-server-2008,comparison_measurement,217,53171,53388,3.260905277958262e-5,0.004064583801603357,0.00045580260481287356,0.0015361147553760981,5.055667097609709e-5,TRUE,above_baseline
exception,comparison_measurement,228,52816,53044,3.179642162078086e-7,0.00429831837719629,6.725190506518189e-4,0.0017868674607230185,5.999324834109596e-7,TRUE,above_baseline
tkinter,comparison_measurement,200,52120,52320,0.0018461955668826057,0.00382262996941896,2.247699480829587e-4,0.00128323974773722,0.002546476643976008,TRUE,above_baseline
delphi,comparison_measurement,306,51860,52166,9.656462143394275e-31,0.005865889659931756,0.002141580876677024,0.003452948200168746,6.89747295956734e-30,TRUE,above_baseline
nginx,comparison_measurement,74,51976,52050,1.1230801391296992e-11,0.0014217098943323726,-0.001971374017772957,-0.0013224564365800395,3.2088003975134266e-11,TRUE,below_baseline
listview,comparison_measurement,94,51600,51694,2.806455719599173e-7,0.0018183928502340696,-0.0016181693190956417,-8.822952234539608e-4,5.345629942093663e-7,TRUE,below_baseline
haskell,comparison_measurement,413,51053,51466,2.335922121654569e-91,0.008024715346053705,0.004184948363008877,0.005727232086080791,5.839805304136423e-90,TRUE,above_baseline
debugging,comparison_measurement,157,51062,51219,0.9890544033448186,0.0030652687479255747,-4.826145131505109e-4,4.7590176598391853e-4,0.9890544033448186,FALSE,not_significant
asynchronous,comparison_measurement,205,50891,51096,1.1800107181699657e-4,0.004012055738218256,3.948716843243168e-4,0.0014919895490944537,1.7744522077743844e-4,TRUE,above_baseline
jpa,comparison_measurement,101,50983,51084,8.306325881299586e-6,0.0019771356980659307,-0.001477339503183641,-7.056393437022393e-4,1.339729980854772e-5,TRUE,below_baseline
jsp,comparison_measurement,95,50681,50776,1.0818845161241082e-6,0.0018709626595241847,-0.0015741976533184335,-8.211272706509389e-4,1.9319366359359076e-6,TRUE,below_baseline
web-scraping,comparison_measurement,146,50501,50647,0.44979746872053494,0.0028826978893122988,-6.533794923580793e-4,2.815250279649351e-4,0.4709921138434921,FALSE,not_significant
gradle,comparison_measurement,89,50266,50355,1.32198997239621e-7,0.0017674510972098103,-0.001668722735047121,-9.336253135510003e-4,2.670686812921637e-7,TRUE,below_baseline
batch-file,comparison_measurement,158,50016,50174,0.7449409115106271,0.0031490413361501975,-4.1033410522807337e-4,5.711665345107267e-4,0.7562851893508904,FALSE,not_significant
generics,comparison_measurement,287,49667,49954,3.637399780652739e-27,0.005745285662809785,0.002013509293610772,0.0033398117889910555,2.3467095359049926e-26,TRUE,above_baseline
xamarin,comparison_measurement,93,49798,49891,1.1658420091726818e-6,0.001864063658776132,-0.001583712754490893,-8.254101709745848e-4,2.05157728363791e-6,TRUE,below_baseline
pdf,comparison_measurement,140,49575,49715,0.3090548688402012,0.0028160514935130243,-7.189193486903259e-4,2.1377209269863277e-4,0.33053996667401203,FALSE,not_significant
google-cloud-platform,comparison_measurement,104,49223,49327,1.1663413176600973e-4,0.002108378778356681,-0.00136564092402839,-5.548517622759898e-4,1.767183814636511e-4,TRUE,below_baseline
wcf,comparison_measurement,129,49126,49255,0.07147446907290206,0.0026190234493960003,-9.015107545825757e-4,2.307410356834562e-6,0.08359587026070416,FALSE,not_significant
amazon-s3,comparison_measurement,100,49023,49123,3.530502536987511e-5,0.0020357062882967246,-0.0014321251800488606,-6.337124863754319e-4,5.4315423645961706e-5,TRUE,below_baseline
ssl,comparison_measurement,112,48894,49006,0.0017348636181350118,0.0022854344365996,-0.001206553395423705,-3.598279743948367e-4,0.002409532802965294,TRUE,below_baseline
testing,comparison_measurement,135,48638,48773,0.23031657258987095,0.002767924876468538,-7.674975677824571e-4,1.660970777017917e-4,0.2503441006411641,FALSE,not_significant
jenkins,comparison_measurement,75,48456,48531,1.3295799167951736e-9,0.0015454039685973914,-0.0018734109461154237,-0.0011730313597075352,3.2038070284221056e-9,TRUE,below_baseline
npm,comparison_measurement,82,47423,47505,1.2415762905638828e-7,0.0017261340911483,-0.0017164396585740676,-9.685424021470739e-4,2.533829164416087e-7,TRUE,below_baseline
unix,comparison_measurement,174,47187,47361,0.01737211043231501,0.0036739089123962753,5.994676784145292e-5,0.001150620813933356,0.021580261406602495,TRUE,above_baseline
recursion,comparison_measurement,264,46907,47171,3.804106834695951e-23,0.005596658964194102,0.0018544468162485911,0.0032016208691218713,2.0021614919452375e-22,TRUE,above_baseline
ionic-framework,comparison_measurement,51,46340,46391,1.775269020684118e-14,0.0010993511672522688,-0.0022716459285419804,-0.001666901979971224,6.229014107663572e-14,TRUE,below_baseline
network-programming,comparison_measurement,160,46130,46290,0.13180454155742344,0.0034564700799308706,-1.472679288533666e-4,9.229578456973662e-4,0.14977788813343573,FALSE,not_significant
google-app-engine,comparison_measurement,100,45997,46097,4.8584999957995814e-4,0.0021693385686704122,-0.001324591038149558,-4.7398206752735937e-4,7.09270072379501e-4,TRUE,below_baseline
visual-studio-2010,comparison_measurement,162,45505,45667,0.06462656423370684,0.003547419361902468,-6.695515832227299e-5,0.0010245436391094673,0.07648114110497851,FALSE,not_significant
mongoose,comparison_measurement,95,45303,45398,1.7167568621512757e-4,0.002092603198378783,-0.0013969683526524126,-5.550754936077626e-4,2.5623236748526505e-4,TRUE,below_baseline
assembly,comparison_measurement,418,44600,45018,5.491770032414832e-125,0.009285174818961305,0.005330288979766908,0.007102810415137961,2.196708012965933e-123,TRUE,above_baseline
.net-core,comparison_measurement,131,44638,44769,0.586020215572762,0.0029261319216422076,-6.433340092955679e-4,3.5834760956224147e-4,0.6041445521368679,FALSE,not_significant
android-fragments,comparison_measurement,68,44228,44296,5.459183506931324e-9,0.0015351273252663898,-0.001898766947313285,-0.001168228645171677,1.2549847142370859e-8,TRUE,below_baseline
math,comparison_measurement,387,43887,44274,9.651914153023108e-103,0.008741021818674618,0.004805052329087426,0.006539741065244067,2.7576897580066023e-101,TRUE,above_baseline
join,comparison_measurement,168,43449,43617,0.0031423404749332286,0.0038517091959557053,2.0134618093016119e-4,0.0013648219679635075,0.004162040364149972,TRUE,above_baseline
winapi,comparison_measurement,226,43211,43437,9.754776995557696e-16,0.005202937587770794,0.0014573807726129444,0.0028112441599109023,3.547191634748253e-15,TRUE,above_baseline
svg,comparison_measurement,107,43293,43400,0.023192627640361844,0.002465437788018433,-0.0010702856689479181,-1.3608899803295752e-4,0.028112275927711327,TRUE,below_baseline
rust,comparison_measurement,194,43049,43243,1.0215228144006415e-7,0.004486275235298199,7.873781311598881e-4,0.002047922096418768,2.1281725300013366e-7,TRUE,above_baseline
animation,comparison_measurement,117,43123,43240,0.17292491995629178,0.002705827937095282,-8.529321321475511e-4,1.2733776332037353e-4,0.19539538978112067,FALSE,not_significant
session,comparison_measurement,117,43045,43162,0.17918023013993184,0.0027107177609934667,-8.489250252892243e-4,1.3311030425841597e-4,0.20132610128082232,FALSE,not_significant
intellij-idea,comparison_measurement,85,43009,43094,3.925104575155078e-5,0.001972432357172692,-0.001515685825362022,-6.766997033103355e-4,5.992526068939051e-5,TRUE,below_baseline
django-models,comparison_measurement,77,42948,43025,1.636033558980379e-6,0.00178965717606043,-0.0016789657930407443,-8.789700978561375e-4,2.8452757547484854e-6,TRUE,below_baseline
laravel-5,comparison_measurement,70,42893,42963,6.996923643840029e-8,0.0016293089402509135,-0.0018213374213159536,-0.0010572949411999611,1.5047147621161353e-7,TRUE,below_baseline
curl,comparison_measurement,91,42756,42847,4.0992525298540503e-4,0.0021238359745139684,-0.0013812574001886835,-5.083208938011215e-4,6.072966710894889e-4,TRUE,below_baseline
hadoop,comparison_measurement,94,42659,42753,0.0011537967484565896,0.0021986761162959326,-0.001314491243269336,-4.254067671565405e-4,0.001660139206412359,TRUE,below_baseline
