topic,category,n_questions,n_miscomm,miscomm_rate
validation,comprehension_failure,66475,4268.0,0.06420458819104927
oracle-database,comprehension_failure,151528,10845.0,0.07157093078506943
jsp,comprehension_failure,50776,3003.0,0.0591421143847487
delphi,comprehension_failure,52166,4784.0,0.09170724226507687
visual-studio,comprehension_failure,113480,7169.0,0.06317412759957702
pdf,comprehension_failure,49715,2832.0,0.05696469878306346
ggplot2,comprehension_failure,57192,3226.0,0.056406490418240314
google-cloud-platform,comprehension_failure,49327,2381.0,0.0482697103006467
google-sheets,comprehension_failure,56009,3974.0,0.07095288257244371
intellij-idea,comprehension_failure,43094,2092.0,0.048545041073003205
database,comprehension_failure,191655,14082.0,0.07347577678641308
android,comprehension_failure,1369762,75541.0,0.0551489966870157
eclipse,comprehension_failure,122104,7123.0,0.058335517263971695
docker,comprehension_failure,134308,6158.0,0.0458498376865116
join,comprehension_failure,43617,3548.0,0.08134442992411216
session,comprehension_failure,43162,3003.0,0.0695750891988323
winforms,comprehension_failure,98506,8136.0,0.08259395366779688
security,comprehension_failure,54938,4233.0,0.07705049328333759
algorithm,comprehension_failure,120652,16442.0,0.136276232470245
xcode,comprehension_failure,154984,8783.0,0.056670365973261756
exception,comprehension_failure,53044,4011.0,0.07561646934620316
wcf,comprehension_failure,49255,2946.0,0.05981118668155517
rust,comprehension_failure,43243,2696.0,0.06234535069259765
hadoop,comprehension_failure,42753,1825.0,0.04268706289617103
web-scraping,comprehension_failure,50647,2697.0,0.05325093292791281
vue.js,comprehension_failure,105079,5301.0,0.05044775835323899
react-native,comprehension_failure,128353,4725.0,0.03681254041588432
hibernate,comprehension_failure,92840,5203.0,0.05604265402843602
entity-framework,comprehension_failure,90491,6651.0,0.07349902200218807
facebook,comprehension_failure,81844,3742.0,0.045721127999609014
winapi,comprehension_failure,43437,3779.0,0.08699956258489307
curl,comprehension_failure,42847,2128.0,0.049665087404018954
gradle,comprehension_failure,50355,1959.0,0.038903783139708076
github,comprehension_failure,56654,3360.0,0.05930737458961415
sql,comprehension_failure,671995,51280.0,0.0763100915929434
php,comprehension_failure,1446461,99927.0,0.06908378449194275
.net,comprehension_failure,335866,25492.0,0.07589931698951367
multithreading,comprehension_failure,139336,14050.0,0.10083539071022564
xamarin,comprehension_failure,49891,2847.0,0.05706440039285643
dictionary,comprehension_failure,85756,7522.0,0.0877139791967909
google-app-engine,comprehension_failure,46097,2467.0,0.053517582489099075
npm,comprehension_failure,47505,1732.0,0.03645932007157141
java,comprehension_failure,1886094,140759.0,0.07462989649508454
c++,comprehension_failure,808185,84211.0,0.1041976775119558
swing,comprehension_failure,81100,6740.0,0.08310727496917386
excel,comprehension_failure,287052,20383.0,0.07100804035505762
parsing,comprehension_failure,57006,4071.0,0.0714135354173245
recursion,comprehension_failure,47171,4830.0,0.10239341968582391
svg,comprehension_failure,43400,2744.0,0.06322580645161291
rest,comprehension_failure,89379,4772.0,0.05339061748285391
batch-file,comprehension_failure,50174,3479.0,0.06933870131940846
pandas,comprehension_failure,286913,14872.0,0.05183452823678258
mongoose,comprehension_failure,45398,2007.0,0.04420899599101282
dataframe,comprehension_failure,147743,7812.0,0.052875601551342535
.net-core,comprehension_failure,44769,2606.0,0.05820992204427171
python,comprehension_failure,2170613,146253.0,0.06737866215672715
mysql,comprehension_failure,653746,47285.0,0.07232931444322413
jpa,comprehension_failure,51084,3254.0,0.06369900555947068
if-statement,comprehension_failure,62016,5516.0,0.08894478844169247
linux,comprehension_failure,223782,15011.0,0.0670786747817072
regex,comprehension_failure,260714,22078.0,0.08468283252913154
matplotlib,comprehension_failure,71474,4375.0,0.06121106975963287
list,comprehension_failure,141437,12517.0,0.08849876623514356
git,comprehension_failure,151498,11455.0,0.07561155922850467
apache-spark,comprehension_failure,79214,3599.0,0.04543388794909991
r,comprehension_failure,503030,30135.0,0.05990696379937578
python-3.x,comprehension_failure,334600,21511.0,0.06428870292887029
django,comprehension_failure,305163,17102.0,0.05604218073619672
wpf,comprehension_failure,167667,11446.0,0.06826626587223485
animation,comprehension_failure,43240,2504.0,0.05790934320074006
sorting,comprehension_failure,76849,6962.0,0.09059324129136358
qt,comprehension_failure,84762,5752.0,0.06786059790944055
vb.net,comprehension_failure,138844,9957.0,0.07171357782835412
google-maps,comprehension_failure,64524,3042.0,0.047145248279709874
laravel,comprehension_failure,209277,10632.0,0.050803480554480425
node.js,comprehension_failure,455448,23420.0,0.051421896681948326
object,comprehension_failure,64700,5891.0,0.09105100463678516
firebase,comprehension_failure,138939,7073.0,0.0509072326704525
go,comprehension_failure,72768,4124.0,0.05667326297273527
machine-learning,comprehension_failure,53521,3662.0,0.06842174099886027
flask,comprehension_failure,53429,2589.0,0.04845683056018267
kubernetes,comprehension_failure,56513,2571.0,0.045493957142604353
tensorflow,comprehension_failure,77841,3787.0,0.04865045413085649
linq,comprehension_failure,86457,7937.0,0.09180286153810564
c,comprehension_failure,406138,44765.0,0.11022115635572145
string,comprehension_failure,184554,16849.0,0.09129577251102658
angularjs,comprehension_failure,256144,14337.0,0.05597242176275845
c++11,comprehension_failure,56509,6940.0,0.12281229538657559
date,comprehension_failure,76714,5265.0,0.0686315405271528
templates,comprehension_failure,55206,5300.0,0.09600405752997862
ubuntu,comprehension_failure,58929,2603.0,0.04417179996266694
macos,comprehension_failure,114789,5707.0,0.049717307407504206
testing,comprehension_failure,48773,2467.0,0.05058126422405839
uitableview,comprehension_failure,63523,4578.0,0.07206838467956488
math,comprehension_failure,44274,5560.0,0.12558160545692731
class,comprehension_failure,79472,8308.0,0.10453996376082142
express,comprehension_failure,92250,4659.0,0.05050406504065041
javascript,comprehension_failure,2482383,174903.0,0.07045770132973034
spring,comprehension_failure,206640,11080.0,0.05361982191250484
objective-c,comprehension_failure,287467,19802.0,0.06888442847352913
selenium,comprehension_failure,98094,4945.0,0.05041083042795686
http,comprehension_failure,66409,4005.0,0.060308090770829256
json,comprehension_failure,356382,22157.0,0.06217205133817084
powershell,comprehension_failure,118179,6098.0,0.05159969199265521
sqlite,comprehension_failure,93785,5564.0,0.05932718451778003
visual-studio-2010,comprehension_failure,45667,2962.0,0.06486084043182166
perl,comprehension_failure,68033,6459.0,0.09493922067232079
ms-access,comprehension_failure,57696,4532.0,0.07854963948973932
email,comprehension_failure,57965,3097.0,0.05342879323729837
unity-game-engine,comprehension_failure,74887,5243.0,0.07001215164180699
spring-boot,comprehension_failure,145552,6914.0,0.04750192371111355
css,comprehension_failure,797816,56626.0,0.07097626520400693
c#,comprehension_failure,1604093,128178.0,0.07990683831922463
web-services,comprehension_failure,57671,3234.0,0.05607671099859548
windows,comprehension_failure,164410,10585.0,0.06438172860531598
datetime,comprehension_failure,71120,4985.0,0.07009280089988751
visual-studio-code,comprehension_failure,58200,2725.0,0.0468213058419244
android-studio,comprehension_failure,86762,3821.0,0.04404001751919043
wordpress,comprehension_failure,185036,8791.0,0.04750967379320781
unit-testing,comprehension_failure,83378,4570.0,0.05481062150687232
mongodb,comprehension_failure,171110,8353.0,0.0488165507568231
azure,comprehension_failure,142509,6520.0,0.045751496396718806
ruby,comprehension_failure,226811,14618.0,0.06445013689812222
sql-server-2008,comprehension_failure,53388,3922.0,0.07346220124372518
codeigniter,comprehension_failure,68606,3815.0,0.05560738127860537
csv,comprehension_failure,89599,6018.0,0.06716592819116285
network-programming,comprehension_failure,46290,3244.0,0.0700799308705984
typescript,comprehension_failure,227271,12764.0,0.05616202683140392
google-apps-script,comprehension_failure,55235,4763.0,0.08623155607857337
asp.net-core,comprehension_failure,83970,5283.0,0.06291532690246517
html,comprehension_failure,1173394,85353.0,0.07274027308815283
unix,comprehension_failure,47361,3613.0,0.07628639597981461
ios,comprehension_failure,668615,39898.0,0.059672606806607686
pointers,comprehension_failure,56934,7260.0,0.1275160712403836
swift,comprehension_failure,328224,21186.0,0.06454738227551916
sql-server,comprehension_failure,334898,24661.0,0.0736373462964843
amazon-s3,comprehension_failure,49123,2431.0,0.049488019868493376
django-models,comprehension_failure,43025,2524.0,0.05866356769320163
for-loop,comprehension_failure,71772,6423.0,0.08949172379200802
image,comprehension_failure,111381,7693.0,0.06906923083829379
flutter,comprehension_failure,171345,6599.0,0.038512941725757976
jquery,comprehension_failure,1019869,74695.0,0.07323979844470221
debugging,comprehension_failure,51219,3286.0,0.06415587965403463
listview,comprehension_failure,51694,3317.0,0.064166054087515
android-layout,comprehension_failure,57721,3293.0,0.0570502936539561
maven,comprehension_failure,87085,5030.0,0.057759660102199004
ruby-on-rails,comprehension_failure,332737,17700.0,0.05319516615224637
xml,comprehension_failure,211734,12645.0,0.05972115956813738
shell,comprehension_failure,92444,6784.0,0.07338496819696248
function,comprehension_failure,110867,9911.0,0.08939540169752948
android-fragments,comprehension_failure,44296,2791.0,0.06300794654144844
jenkins,comprehension_failure,48531,2025.0,0.041725907152129565
postgresql,comprehension_failure,176386,10025.0,0.05683557651967843
sockets,comprehension_failure,64863,5346.0,0.08241986957125018
assembly,comprehension_failure,45018,4778.0,0.10613532364831844
reactjs,comprehension_failure,458000,23397.0,0.05108515283842795
dart,comprehension_failure,91883,3957.0,0.043065637822012774
laravel-5,comprehension_failure,42963,2147.0,0.04997323278169588
matlab,comprehension_failure,93389,8270.0,0.08855432652667873
asp.net-mvc,comprehension_failure,198120,13501.0,0.06814556834241874
forms,comprehension_failure,111770,7980.0,0.07139661805493425
file,comprehension_failure,80566,6690.0,0.08303750961944245
loops,comprehension_failure,96190,8361.0,0.08692171743424472
google-chrome,comprehension_failure,69216,3566.0,0.05151987979657883
oop,comprehension_failure,61995,6754.0,0.10894426969916929
variables,comprehension_failure,53667,4877.0,0.09087521195520525
ssl,comprehension_failure,49006,2312.0,0.047177896584091744
authentication,comprehension_failure,72662,3984.0,0.05482920921527071
twitter-bootstrap,comprehension_failure,101416,5951.0,0.058679103888932715
.htaccess,comprehension_failure,71696,4238.0,0.05911068957821915
amazon-web-services,comprehension_failure,153870,7498.0,0.048729446935724965
ionic-framework,comprehension_failure,46391,1789.0,0.03856351447479037
tkinter,comprehension_failure,52320,4042.0,0.07725535168195719
kotlin,comprehension_failure,94416,5007.0,0.053031265887137774
opencv,comprehension_failure,70906,4710.0,0.06642597241418216
performance,comprehension_failure,101158,9456.0,0.09347753020028075
xaml,comprehension_failure,62218,4011.0,0.06446687453791507
arrays,comprehension_failure,416289,37870.0,0.09097045562097485
generics,comprehension_failure,49954,5111.0,0.10231412899867878
vba,comprehension_failure,215276,16804.0,0.07805793493004329
cordova,comprehension_failure,58229,2219.0,0.03810815916467739
spring-mvc,comprehension_failure,57214,2982.0,0.05212011046247422
python-2.7,comprehension_failure,93082,6375.0,0.06848799982810855
t-sql,comprehension_failure,73548,5607.0,0.07623592755751346
numpy,comprehension_failure,114090,8674.0,0.07602769743185205
haskell,comprehension_failure,51466,4765.0,0.09258539618388839
asp.net,comprehension_failure,367941,23390.0,0.06356997453396061
bash,comprehension_failure,156221,11881.0,0.07605251534684837
apache,comprehension_failure,89283,4602.0,0.051543966936594875
scala,comprehension_failure,110746,6734.0,0.06080580788470916
ruby-on-rails-3,comprehension_failure,55091,2772.0,0.050316748652229945
elasticsearch,comprehension_failure,55931,2499.0,0.04468005220718385
user-interface,comprehension_failure,56522,3919.0,0.06933583383461307
symfony,comprehension_failure,72646,3940.0,0.05423560829226661
ajax,comprehension_failure,217654,15452.0,0.07099341156146913
iphone,comprehension_failure,216848,12991.0,0.059908322880543055
asynchronous,comprehension_failure,51096,4338.0,0.08489901362141851
nginx,comprehension_failure,52050,2223.0,0.04270893371757925
selenium-webdriver,comprehension_failure,56146,2650.0,0.047198375663448866
angular,comprehension_failure,298217,15583.0,0.052253895653165315
.net,intent_confusion,335866,2345.0,0.006981951135274187
php,intent_confusion,1446461,7805.0,0.005395928407333485
dictionary,intent_confusion,85756,733.0,0.008547506879985074
npm,intent_confusion,47505,151.0,0.0031786127776023574
sql,intent_confusion,671995,4502.0,0.00669945460903727
multithreading,intent_confusion,139336,1522.0,0.010923235918929781
google-app-engine,intent_confusion,46097,126.0,0.0027333665965247195
xamarin,intent_confusion,49891,144.0,0.002886292116814656
shell,intent_confusion,92444,656.0,0.007096187962442127
jenkins,intent_confusion,48531,135.0,0.0027817271434753045
jquery,intent_confusion,1019869,5393.0,0.005287934038587309
ruby-on-rails,intent_confusion,332737,1137.0,0.0034171132155426057
android-layout,intent_confusion,57721,228.0,0.003950035515670206
android-fragments,intent_confusion,44296,196.0,0.004424778761061947
xml,intent_confusion,211734,802.0,0.003787771449082339
listview,intent_confusion,51694,191.0,0.003694819514837312
postgresql,intent_confusion,176386,758.0,0.004297393217148753
reactjs,intent_confusion,458000,1889.0,0.004124454148471616
laravel-5,intent_confusion,42963,177.0,0.004119824034634453
function,intent_confusion,110867,1072.0,0.009669243327590716
sockets,intent_confusion,64863,391.0,0.0060280899742534266
maven,intent_confusion,87085,486.0,0.005580754435321812
dart,intent_confusion,91883,326.0,0.0035479903790690335
assembly,intent_confusion,45018,494.0,0.010973388422408815
debugging,intent_confusion,51219,195.0,0.003807180928952147
regex,intent_confusion,260714,1643.0,0.006301924714438043
python,intent_confusion,2170613,12117.0,0.005582294033989477
list,intent_confusion,141437,1115.0,0.00788336856692379
r,intent_confusion,503030,1618.0,0.003216507961751784
mysql,intent_confusion,653746,3753.0,0.005740761702557262
matplotlib,intent_confusion,71474,220.0,0.0030780423650558246
linux,intent_confusion,223782,1243.0,0.005554512874136436
jpa,intent_confusion,51084,306.0,0.005990133897110641
git,intent_confusion,151498,724.0,0.0047789409761184965
python-3.x,intent_confusion,334600,1965.0,0.005872683801554095
if-statement,intent_confusion,62016,576.0,0.009287925696594427
apache-spark,intent_confusion,79214,324.0,0.004090186078218497
objective-c,intent_confusion,287467,1463.0,0.00508927981298723
javascript,intent_confusion,2482383,13955.0,0.005621614392299658
json,intent_confusion,356382,1660.0,0.004657923239669792
powershell,intent_confusion,118179,527.0,0.004459337107269481
http,intent_confusion,66409,288.0,0.004336761583520306
ms-access,intent_confusion,57696,284.0,0.004922351636161952
spring-boot,intent_confusion,145552,592.0,0.004067274925799714
spring,intent_confusion,206640,905.0,0.004379597367402246
unity-game-engine,intent_confusion,74887,268.0,0.003578725279420994
selenium,intent_confusion,98094,570.0,0.005810752951250841
perl,intent_confusion,68033,472.0,0.0069378095924036865
sqlite,intent_confusion,93785,356.0,0.0037959161912885855
visual-studio-2010,intent_confusion,45667,190.0,0.00416055357260166
email,intent_confusion,57965,189.0,0.003260588286034676
hibernate,intent_confusion,92840,424.0,0.004566996984058595
entity-framework,intent_confusion,90491,601.0,0.006641544462985269
curl,intent_confusion,42847,157.0,0.003664200527458165
winapi,intent_confusion,43437,334.0,0.007689297142988696
facebook,intent_confusion,81844,216.0,0.0026391671961292214
gradle,intent_confusion,50355,162.0,0.0032171581769436996
github,intent_confusion,56654,192.0,0.003388992833692237
winforms,intent_confusion,98506,637.0,0.006466611170893144
docker,intent_confusion,134308,492.0,0.0036632218482890075
xcode,intent_confusion,154984,536.0,0.003458421514478914
android,intent_confusion,1369762,5174.0,0.003777298537994192
algorithm,intent_confusion,120652,873.0,0.007235686105493485
join,intent_confusion,43617,306.0,0.0070156131783478915
react-native,intent_confusion,128353,290.0,0.0022593940149431644
eclipse,intent_confusion,122104,389.0,0.0031858088187119177
security,intent_confusion,54938,383.0,0.006971495139975973
session,intent_confusion,43162,240.0,0.005560446689217367
intellij-idea,intent_confusion,43094,104.0,0.0024133290017171764
database,intent_confusion,191655,1016.0,0.005301192246484569
hadoop,intent_confusion,42753,137.0,0.0032044534886440717
vue.js,intent_confusion,105079,379.0,0.003606810114294959
web-scraping,intent_confusion,50647,176.0,0.0034750330720477026
wcf,intent_confusion,49255,190.0,0.0038574763983351946
exception,intent_confusion,53044,411.0,0.007748284443103839
rust,intent_confusion,43243,259.0,0.005989408690423884
ggplot2,intent_confusion,57192,134.0,0.00234298503287173
visual-studio,intent_confusion,113480,451.0,0.003974268593584773
jsp,intent_confusion,50776,219.0,0.004313061288797857
oracle-database,intent_confusion,151528,1018.0,0.006718230294071063
pdf,intent_confusion,49715,165.0,0.00331891783164035
delphi,intent_confusion,52166,324.0,0.006210941992868918
google-sheets,intent_confusion,56009,194.0,0.003463729043546573
validation,intent_confusion,66475,349.0,0.005250094020308386
google-cloud-platform,intent_confusion,49327,166.0,0.0033652968962231637
java,intent_confusion,1886094,11970.0,0.006346449328612466
pandas,intent_confusion,286913,1149.0,0.004004698288331306
dataframe,intent_confusion,147743,545.0,0.003688838049856846
c++,intent_confusion,808185,7904.0,0.009779938999115301
rest,intent_confusion,89379,356.0,0.003983038521352891
mongoose,intent_confusion,45398,136.0,0.0029957266839948896
parsing,intent_confusion,57006,276.0,0.004841595621513525
excel,intent_confusion,287052,1482.0,0.005162827640984908
svg,intent_confusion,43400,132.0,0.00304147465437788
batch-file,intent_confusion,50174,390.0,0.007772950133535297
swing,intent_confusion,81100,503.0,0.006202219482120838
recursion,intent_confusion,47171,495.0,0.010493735557863941
.net-core,intent_confusion,44769,281.0,0.006276664656347026
arrays,intent_confusion,416289,3480.0,0.008359577120702205
vba,intent_confusion,215276,1311.0,0.006089856742042773
python-2.7,intent_confusion,93082,481.0,0.00516748673212866
xaml,intent_confusion,62218,284.0,0.0045645954546915685
t-sql,intent_confusion,73548,639.0,0.008688203622124326
spring-mvc,intent_confusion,57214,212.0,0.0037053867934421646
performance,intent_confusion,101158,884.0,0.008738804642242828
cordova,intent_confusion,58229,121.0,0.002078002369953116
opencv,intent_confusion,70906,270.0,0.00380785829125885
generics,intent_confusion,49954,776.0,0.015534291548224366
macos,intent_confusion,114789,386.0,0.003362691547099461
uitableview,intent_confusion,63523,303.0,0.00476992585362782
date,intent_confusion,76714,324.0,0.004223479417055557
express,intent_confusion,92250,349.0,0.00378319783197832
angularjs,intent_confusion,256144,1152.0,0.004497470173027672
c++11,intent_confusion,56509,722.0,0.012776725831283512
linq,intent_confusion,86457,711.0,0.008223741281793262
testing,intent_confusion,48773,214.0,0.00438767350788346
c,intent_confusion,406138,4387.0,0.01080174718937898
string,intent_confusion,184554,1522.0,0.00824690876383064
math,intent_confusion,44274,308.0,0.006956678863441298
ubuntu,intent_confusion,58929,150.0,0.002545436033192486
class,intent_confusion,79472,910.0,0.011450573786994161
templates,intent_confusion,55206,526.0,0.009527949860522408
matlab,intent_confusion,93389,476.0,0.005096960027412222
asp.net-mvc,intent_confusion,198120,1329.0,0.006708055723803755
loops,intent_confusion,96190,957.0,0.009949059153758186
forms,intent_confusion,111770,538.0,0.004813456204706093
ssl,intent_confusion,49006,174.0,0.0035505856425743785
file,intent_confusion,80566,518.0,0.006429511208201971
amazon-web-services,intent_confusion,153870,455.0,0.002957041658542926
twitter-bootstrap,intent_confusion,101416,315.0,0.003106018774157924
variables,intent_confusion,53667,468.0,0.008720442730169378
.htaccess,intent_confusion,71696,271.0,0.003779848248158893
oop,intent_confusion,61995,828.0,0.013355915799661264
authentication,intent_confusion,72662,351.0,0.004830585450441772
ionic-framework,intent_confusion,46391,110.0,0.002371149576426462
google-chrome,intent_confusion,69216,251.0,0.0036263291724456773
kotlin,intent_confusion,94416,459.0,0.004861464158617184
tkinter,intent_confusion,52320,296.0,0.005657492354740061
swift,intent_confusion,328224,1759.0,0.005359144974163985
unix,intent_confusion,47361,317.0,0.006693270834652984
ios,intent_confusion,668615,2861.0,0.004278994638169949
html,intent_confusion,1173394,5459.0,0.004652316272283649
sql-server,intent_confusion,334898,2576.0,0.0076918942483980195
pointers,intent_confusion,56934,832.0,0.014613412020936523
django-models,intent_confusion,43025,201.0,0.004671702498547356
for-loop,intent_confusion,71772,746.0,0.01039402552527448
image,intent_confusion,111381,473.0,0.004246684802614449
amazon-s3,intent_confusion,49123,109.0,0.0022189198542434297
flutter,intent_confusion,171345,468.0,0.0027313315241180077
c#,intent_confusion,1604093,11946.0,0.007447199133716062
windows,intent_confusion,164410,840.0,0.005109178273827626
css,intent_confusion,797816,3182.0,0.003988388300059161
visual-studio-code,intent_confusion,58200,178.0,0.003058419243986254
datetime,intent_confusion,71120,332.0,0.004668166479190101
web-services,intent_confusion,57671,181.0,0.003138492483223804
symfony,intent_confusion,72646,258.0,0.003551468766346392
ajax,intent_confusion,217654,1146.0,0.005265237487020684
nginx,intent_confusion,52050,147.0,0.002824207492795389
elasticsearch,intent_confusion,55931,160.0,0.002860667608303088
numpy,intent_confusion,114090,722.0,0.006328337277587869
bash,intent_confusion,156221,1206.0,0.00771983280096786
scala,intent_confusion,110746,614.0,0.0055442183013381975
angular,intent_confusion,298217,1266.0,0.0042452308218512026
asp.net,intent_confusion,367941,1866.0,0.005071465262093651
asynchronous,intent_confusion,51096,472.0,0.009237513699702521
selenium-webdriver,intent_confusion,56146,300.0,0.005343212339258362
apache,intent_confusion,89283,277.0,0.003102494315827201
ruby-on-rails-3,intent_confusion,55091,184.0,0.0033399284819662016
user-interface,intent_confusion,56522,250.0,0.004423056508969959
haskell,intent_confusion,51466,346.0,0.006722885011463879
iphone,intent_confusion,216848,855.0,0.003942853980668487
wpf,intent_confusion,167667,941.0,0.005612314886053904
firebase,intent_confusion,138939,411.0,0.0029581327057197765
vb.net,intent_confusion,138844,902.0,0.0064964996686929215
django,intent_confusion,305163,1283.0,0.004204310483249935
node.js,intent_confusion,455448,1866.0,0.004097064867998103
google-maps,intent_confusion,64524,157.0,0.0024332031492157956
sorting,intent_confusion,76849,468.0,0.006089864539551588
laravel,intent_confusion,209277,815.0,0.0038943601064617707
go,intent_confusion,72768,385.0,0.005290787159190853
tensorflow,intent_confusion,77841,258.0,0.003314448683855552
qt,intent_confusion,84762,412.0,0.0048606686958778695
animation,intent_confusion,43240,127.0,0.002937095282146161
flask,intent_confusion,53429,192.0,0.003593554062400569
machine-learning,intent_confusion,53521,249.0,0.004652379439846041
object,intent_confusion,64700,527.0,0.008145285935085008
kubernetes,intent_confusion,56513,232.0,0.004105250119441545
azure,intent_confusion,142509,413.0,0.0028980625785038137
ruby,intent_confusion,226811,1138.0,0.0050173933363020316
mongodb,intent_confusion,171110,634.0,0.003705218865057565
wordpress,intent_confusion,185036,476.0,0.0025724723837523508
android-studio,intent_confusion,86762,272.0,0.00313501302413499
typescript,intent_confusion,227271,1176.0,0.005174439325738875
unit-testing,intent_confusion,83378,500.0,0.005996785722852551
network-programming,intent_confusion,46290,207.0,0.004471808165910564
sql-server-2008,intent_confusion,53388,381.0,0.007136435153967184
google-apps-script,intent_confusion,55235,238.0,0.004308862134516158
codeigniter,intent_confusion,68606,297.0,0.004329067428504796
csv,intent_confusion,89599,422.0,0.004709873994129398
asp.net-core,intent_confusion,83970,443.0,0.005275693700130999
winforms,terminology,98506,644.0,0.00653767283211175
docker,terminology,134308,567.0,0.004221639812967209
xcode,terminology,154984,809.0,0.005219893666442987
android,terminology,1369762,7582.0,0.005535268170674906
algorithm,terminology,120652,1641.0,0.01360110068627126
join,terminology,43617,231.0,0.005296100144439095
react-native,terminology,128353,479.0,0.003731895631578537
eclipse,terminology,122104,646.0,0.005290571971434187
security,terminology,54938,341.0,0.006206996978412028
session,terminology,43162,270.0,0.006255502525369538
intellij-idea,terminology,43094,185.0,0.004292941012669978
database,terminology,191655,1265.0,0.006600401763585609
hadoop,terminology,42753,211.0,0.00493532617594087
vue.js,terminology,105079,403.0,0.003835209699369046
web-scraping,terminology,50647,234.0,0.00462021442533615
wcf,terminology,49255,248.0,0.005035021825195412
exception,terminology,53044,316.0,0.005957318452605384
rust,terminology,43243,176.0,0.004070022893878778
ggplot2,terminology,57192,202.0,0.003531962512239474
visual-studio,terminology,113480,543.0,0.0047849841381741275
jsp,terminology,50776,312.0,0.006144635260753112
oracle-database,terminology,151528,872.0,0.005754712000422364
pdf,terminology,49715,202.0,0.004063160012068792
delphi,terminology,52166,245.0,0.004696545642755818
google-sheets,terminology,56009,218.0,0.0038922316056348087
validation,terminology,66475,349.0,0.005250094020308386
google-cloud-platform,terminology,49327,209.0,0.004237030429582176
shell,terminology,92444,414.0,0.004478386915321708
jenkins,terminology,48531,174.0,0.003585337207145948
jquery,terminology,1019869,5338.0,0.005234005543849259
ruby-on-rails,terminology,332737,1184.0,0.003558365916624842
android-layout,terminology,57721,302.0,0.005232064586545624
android-fragments,terminology,44296,285.0,0.006433989525013545
xml,terminology,211734,861.0,0.00406642296466321
listview,terminology,51694,288.0,0.005571246179440554
postgresql,terminology,176386,672.0,0.003809826176680689
reactjs,terminology,458000,1914.0,0.004179039301310044
laravel-5,terminology,42963,190.0,0.0044224099806810515
function,terminology,110867,727.0,0.006557406622349301
sockets,terminology,64863,464.0,0.007153538997579514
maven,terminology,87085,490.0,0.00562668657059195
dart,terminology,91883,342.0,0.003722124876201256
assembly,terminology,45018,368.0,0.008174507974587943
debugging,terminology,51219,294.0,0.005740057400574006
java,terminology,1886094,12933.0,0.006857028334748957
pandas,terminology,286913,1273.0,0.004436885048777852
dataframe,terminology,147743,632.0,0.004277698435797297
c++,terminology,808185,6679.0,0.00826419693510768
rest,terminology,89379,382.0,0.004273934593137091
mongoose,terminology,45398,179.0,0.0039429049737873915
parsing,terminology,57006,300.0,0.005262603936427745
excel,terminology,287052,1503.0,0.0052359851176790265
svg,terminology,43400,178.0,0.004101382488479263
batch-file,terminology,50174,166.0,0.0033084864670945113
swing,terminology,81100,541.0,0.006670776818742293
recursion,terminology,47171,348.0,0.007377414089164953
.net-core,terminology,44769,195.0,0.004355692555116263
regex,terminology,260714,1393.0,0.005343019553994032
python,terminology,2170613,11600.0,0.005344112469611119
list,terminology,141437,941.0,0.006653138853341064
r,terminology,503030,2087.0,0.0041488579209987475
mysql,terminology,653746,3820.0,0.00584324798928024
matplotlib,terminology,71474,319.0,0.004463161429330945
linux,terminology,223782,1224.0,0.005469608815722444
jpa,terminology,51084,276.0,0.005402865867982147
git,terminology,151498,819.0,0.005406011960553935
python-3.x,terminology,334600,1775.0,0.005304841601912732
if-statement,terminology,62016,384.0,0.006191950464396285
apache-spark,terminology,79214,396.0,0.004999116317822607
macos,terminology,114789,387.0,0.0033714031832318427
uitableview,terminology,63523,431.0,0.00678494403601845
date,terminology,76714,400.0,0.005214172119821676
express,terminology,92250,415.0,0.004498644986449865
angularjs,terminology,256144,1207.0,0.004712193141357986
c++11,terminology,56509,469.0,0.008299562901484718
linq,terminology,86457,562.0,0.006500341210081312
testing,terminology,48773,200.0,0.004100629446620056
c,terminology,406138,3703.0,0.009117590572662494
string,terminology,184554,1256.0,0.006805596194067861
math,terminology,44274,469.0,0.01059312463296743
ubuntu,terminology,58929,226.0,0.0038351236233433454
class,terminology,79472,692.0,0.008707469297362594
templates,terminology,55206,327.0,0.0059232692098684925
c#,terminology,1604093,9542.0,0.005948532909251521
windows,terminology,164410,747.0,0.004543519250653853
css,terminology,797816,3835.0,0.004806872762642012
visual-studio-code,terminology,58200,195.0,0.0033505154639175256
datetime,terminology,71120,363.0,0.0051040494938132735
web-services,terminology,57671,272.0,0.004716408593573893
matlab,terminology,93389,671.0,0.007185000374776472
asp.net-mvc,terminology,198120,986.0,0.004976781748435292
loops,terminology,96190,606.0,0.006300031188273209
forms,terminology,111770,578.0,0.005171333989442605
ssl,terminology,49006,188.0,0.003836264947149329
file,terminology,80566,565.0,0.007012883846784003
amazon-web-services,terminology,153870,727.0,0.004724767661012543
twitter-bootstrap,terminology,101416,389.0,0.0038356866766585153
variables,terminology,53667,360.0,0.00670803286936106
.htaccess,terminology,71696,300.0,0.0041843338540504356
oop,terminology,61995,584.0,0.009420114525364948
authentication,terminology,72662,320.0,0.004403952547411301
ionic-framework,terminology,46391,160.0,0.0034489448384384903
google-chrome,terminology,69216,239.0,0.0034529588534442904
kotlin,terminology,94416,444.0,0.004702592780884596
tkinter,terminology,52320,288.0,0.005504587155963303
hibernate,terminology,92840,454.0,0.004890133563119345
entity-framework,terminology,90491,472.0,0.005215988330331193
curl,terminology,42847,174.0,0.004060961094125609
winapi,terminology,43437,248.0,0.005709418237907774
facebook,terminology,81844,293.0,0.0035799814280826937
gradle,terminology,50355,168.0,0.0033363121834971703
github,terminology,56654,269.0,0.004748120168037561
objective-c,terminology,287467,1634.0,0.005684130700219504
javascript,terminology,2482383,13091.0,0.005273561734833021
json,terminology,356382,1785.0,0.005008670471572638
powershell,terminology,118179,343.0,0.0029023769028338367
http,terminology,66409,341.0,0.005134846180487584
ms-access,terminology,57696,287.0,0.004974348308374931
spring-boot,terminology,145552,632.0,0.00434209079916456
spring,terminology,206640,1007.0,0.004873209446380178
unity-game-engine,terminology,74887,438.0,0.0058488122103969985
selenium,terminology,98094,511.0,0.005209289049279263
perl,terminology,68033,337.0,0.00495347845898314
sqlite,terminology,93785,491.0,0.005235378791917684
visual-studio-2010,terminology,45667,209.0,0.004576608929861826
email,terminology,57965,243.0,0.00419218493918744
azure,terminology,142509,544.0,0.0038173027668427957
ruby,terminology,226811,984.0,0.004338413921723373
mongodb,terminology,171110,731.0,0.004272105663023786
wordpress,terminology,185036,614.0,0.0033182732008906375
android-studio,terminology,86762,431.0,0.004967612549272723
typescript,terminology,227271,846.0,0.0037224282904550075
unit-testing,terminology,83378,300.0,0.0035980714337115307
network-programming,terminology,46290,277.0,0.00598401382588032
sql-server-2008,terminology,53388,305.0,0.005712894283359557
google-apps-script,terminology,55235,249.0,0.004508011224766905
codeigniter,terminology,68606,372.0,0.005422266274086814
csv,terminology,89599,493.0,0.005502293552383397
asp.net-core,terminology,83970,408.0,0.004858878170775277
arrays,terminology,416289,2982.0,0.007163292808601717
vba,terminology,215276,1203.0,0.005588175179769226
python-2.7,terminology,93082,481.0,0.00516748673212866
xaml,terminology,62218,280.0,0.004500305377864926
t-sql,terminology,73548,386.0,0.005248273236525806
spring-mvc,terminology,57214,280.0,0.00489390708567833
performance,terminology,101158,730.0,0.007216433697779711
cordova,terminology,58229,191.0,0.0032801525013309517
opencv,terminology,70906,504.0,0.007108002143683186
generics,terminology,49954,308.0,0.006165672418625135
wpf,terminology,167667,839.0,0.005003966194898221
firebase,terminology,138939,573.0,0.004124112020383046
vb.net,terminology,138844,685.0,0.0049335945377546025
django,terminology,305163,1367.0,0.004479573211693423
node.js,terminology,455448,1858.0,0.004079499745305721
google-maps,terminology,64524,280.0,0.00433947058458868
sorting,terminology,76849,579.0,0.007534255488034978
laravel,terminology,209277,996.0,0.004759242535013404
go,terminology,72768,356.0,0.00489226033421284
tensorflow,terminology,77841,413.0,0.005305687234233887
qt,terminology,84762,503.0,0.0059342629952101175
animation,terminology,43240,163.0,0.003769657724329325
flask,terminology,53429,199.0,0.003724569054258923
machine-learning,terminology,53521,454.0,0.008482651669438164
object,terminology,64700,485.0,0.007496136012364761
kubernetes,terminology,56513,262.0,0.00463610142799002
.net,terminology,335866,1765.0,0.005255071963223428
php,terminology,1446461,8051.0,0.005565998668474297
dictionary,terminology,85756,568.0,0.006623443257614627
npm,terminology,47505,162.0,0.0034101673508051783
sql,terminology,671995,3971.0,0.005909270158260106
multithreading,terminology,139336,1169.0,0.008389791582936212
google-app-engine,terminology,46097,184.0,0.003991582966353558
xamarin,terminology,49891,216.0,0.004329438175221984
swift,terminology,328224,1866.0,0.005685141854343375
unix,terminology,47361,272.0,0.005743121977998775
ios,terminology,668615,3565.0,0.005331917471190446
html,terminology,1173394,6425.0,0.005475569160912703
sql-server,terminology,334898,2022.0,0.006037659227585712
pointers,terminology,56934,568.0,0.009976463975831665
django-models,terminology,43025,200.0,0.004648460197559558
for-loop,terminology,71772,435.0,0.006060859388062197
image,terminology,111381,668.0,0.005997432237096093
amazon-s3,terminology,49123,222.0,0.004519267960018728
flutter,terminology,171345,638.0,0.0037234818640754035
symfony,terminology,72646,306.0,0.004212207141480605
ajax,terminology,217654,1286.0,0.005908460216674171
nginx,terminology,52050,190.0,0.003650336215177714
elasticsearch,terminology,55931,248.0,0.004434034792869786
numpy,terminology,114090,720.0,0.006310807257428346
bash,terminology,156221,721.0,0.0046152565916234055
scala,terminology,110746,541.0,0.0048850522817979886
angular,terminology,298217,1426.0,0.004781752884644403
asp.net,terminology,367941,1856.0,0.0050442869916644244
asynchronous,terminology,51096,290.0,0.005675591044308752
selenium-webdriver,terminology,56146,280.0,0.004986998183307805
apache,terminology,89283,349.0,0.003908918831132467
ruby-on-rails-3,terminology,55091,188.0,0.00341253562287851
user-interface,terminology,56522,312.0,0.005519974523194508
haskell,terminology,51466,421.0,0.008180157774064431
iphone,terminology,216848,1052.0,0.004851324430015494
wcf,referential,49255,342.0,0.00694345751700335
android,referential,1369762,10414.0,0.007602780629043585
xcode,referential,154984,1235.0,0.007968564496980333
database,referential,191655,2092.0,0.010915447027210352
hadoop,referential,42753,234.0,0.005473300119289874
winforms,referential,98506,1012.0,0.01027348587903275
eclipse,referential,122104,1088.0,0.008910437004520736
security,referential,54938,414.0,0.007535767592558884
session,referential,43162,294.0,0.006811547194291274
intellij-idea,referential,43094,291.0,0.006752680187497099
exception,referential,53044,668.0,0.012593318754241762
join,referential,43617,628.0,0.01439805580392966
algorithm,referential,120652,2378.0,0.019709577959752013
web-scraping,referential,50647,396.0,0.007818824412107331
rust,referential,43243,365.0,0.008440672478782694
docker,referential,134308,695.0,0.0051746731393513415
vue.js,referential,105079,563.0,0.0053578735998629605
react-native,referential,128353,635.0,0.0049472937913410675
gradle,referential,50355,375.0,0.0074471254095918975
entity-framework,referential,90491,820.0,0.009061674641677073
facebook,referential,81844,426.0,0.005205024192365964
winapi,referential,43437,528.0,0.01215553560328752
hibernate,referential,92840,690.0,0.007432141318397242
curl,referential,42847,280.0,0.006534879921581441
github,referential,56654,456.0,0.008048857980019064
mysql,referential,653746,7250.0,0.011089934011068519
python,referential,2170613,16947.0,0.007807471898491348
git,referential,151498,1702.0,0.011234471742201216
if-statement,referential,62016,667.0,0.010755288957688338
linux,referential,223782,2152.0,0.009616501774047957
regex,referential,260714,2423.0,0.009293708815023359
r,referential,503030,2726.0,0.005419159891060175
jpa,referential,51084,473.0,0.009259259259259259
python-3.x,referential,334600,2444.0,0.007304243873281531
list,referential,141437,1375.0,0.009721642851587633
matplotlib,referential,71474,437.0,0.006114111425133615
apache-spark,referential,79214,496.0,0.006261519428383872
c#,referential,1604093,15906.0,0.009915883929423044
web-services,referential,57671,421.0,0.00730002947755371
css,referential,797816,5299.0,0.006641882338784883
datetime,referential,71120,641.0,0.009012935883014623
windows,referential,164410,1429.0,0.008691685420594855
visual-studio-code,referential,58200,439.0,0.007542955326460481
.net,referential,335866,3359.0,0.010001012308480167
php,referential,1446461,13020.0,0.009001279675013706
xamarin,referential,49891,320.0,0.006413982481810346
sql,referential,671995,8093.0,0.012043244369377749
dictionary,referential,85756,828.0,0.009655301086804421
multithreading,referential,139336,1821.0,0.013069127863581559
npm,referential,47505,264.0,0.005557309756867698
google-app-engine,referential,46097,276.0,0.0059873744495303385
angularjs,referential,256144,1491.0,0.005820944468736336
c,referential,406138,5832.0,0.01435965115305635
class,referential,79472,922.0,0.011601570364405074
string,referential,184554,1941.0,0.010517246984622386
uitableview,referential,63523,548.0,0.008626796593359885
linq,referential,86457,1012.0,0.011705240755520084
date,referential,76714,683.0,0.00890319889459551
testing,referential,48773,341.0,0.0069915732064871955
macos,referential,114789,837.0,0.007291639442803753
express,referential,92250,537.0,0.005821138211382114
c++11,referential,56509,952.0,0.016846873949282415
math,referential,44274,710.0,0.01603649997741338
templates,referential,55206,721.0,0.013060174618700866
ubuntu,referential,58929,396.0,0.006719951127628162
java,referential,1886094,19392.0,0.010281566030113027
c++,referential,808185,11650.0,0.014415016363827589
excel,referential,287052,2295.0,0.007995067095857197
swing,referential,81100,881.0,0.010863131935881627
svg,referential,43400,252.0,0.005806451612903226
rest,referential,89379,680.0,0.007608051108202151
pandas,referential,286913,1501.0,0.0052315510276634385
parsing,referential,57006,537.0,0.009420061046205663
batch-file,referential,50174,373.0,0.007434129230278631
mongoose,referential,45398,243.0,0.005352658707432046
recursion,referential,47171,474.0,0.01004854677662123
dataframe,referential,147743,802.0,0.005428345166945303
.net-core,referential,44769,338.0,0.007549867095534857
json,referential,356382,2637.0,0.007399363604222435
spring,referential,206640,1706.0,0.008255903987611305
javascript,referential,2482383,18393.0,0.007409412649055363
objective-c,referential,287467,2353.0,0.008185287354722456
sqlite,referential,93785,719.0,0.007666471184091273
powershell,referential,118179,671.0,0.005677827702045202
unity-game-engine,referential,74887,800.0,0.010682762028122371
selenium,referential,98094,698.0,0.007115623789426468
http,referential,66409,445.0,0.006700898974536584
email,referential,57965,427.0,0.00736651427585612
visual-studio-2010,referential,45667,420.0,0.00919701316048788
ms-access,referential,57696,488.0,0.00845812534664448
perl,referential,68033,886.0,0.01302309173489336
spring-boot,referential,145552,1068.0,0.007337583818841377
pdf,referential,49715,360.0,0.007241275269033491
validation,referential,66475,457.0,0.006874764949229033
oracle-database,referential,151528,1829.0,0.01207037643207856
jsp,referential,50776,424.0,0.008350401764613203
delphi,referential,52166,774.0,0.014837250316297972
visual-studio,referential,113480,1036.0,0.009129362002114911
ggplot2,referential,57192,209.0,0.003654357252762624
google-sheets,referential,56009,291.0,0.00519559356531986
google-cloud-platform,referential,49327,308.0,0.006244044843594786
forms,referential,111770,946.0,0.00846380960901852
.htaccess,referential,71696,442.0,0.0061649185449676415
matlab,referential,93389,911.0,0.009754896186917088
twitter-bootstrap,referential,101416,593.0,0.005847203597065552
asp.net-mvc,referential,198120,1698.0,0.008570563294972744
google-chrome,referential,69216,449.0,0.006486939435968562
loops,referential,96190,899.0,0.009346085871712236
variables,referential,53667,461.0,0.008590008757709579
oop,referential,61995,1002.0,0.016162593757561093
authentication,referential,72662,483.0,0.006647215876248933
file,referential,80566,768.0,0.009532557158106397
ssl,referential,49006,359.0,0.007325633595886218
amazon-web-services,referential,153870,830.0,0.0053941639045947875
tkinter,referential,52320,456.0,0.00871559633027523
ionic-framework,referential,46391,256.0,0.005518311741501585
kotlin,referential,94416,707.0,0.007488137603795967
wpf,referential,167667,1159.0,0.006912511108327817
vb.net,referential,138844,1394.0,0.010040044942525424
object,referential,64700,675.0,0.010432766615146832
google-maps,referential,64524,342.0,0.00530035335689046
django,referential,305163,1688.0,0.00553147006681675
qt,referential,84762,727.0,0.008576956655104882
animation,referential,43240,222.0,0.00513413506012951
node.js,referential,455448,2741.0,0.006018250162477385
laravel,referential,209277,1365.0,0.00652245588382861
sorting,referential,76849,1081.0,0.014066546083878775
flask,referential,53429,288.0,0.005390331093600854
go,referential,72768,554.0,0.007613236587510994
machine-learning,referential,53521,622.0,0.011621606472225855
firebase,referential,138939,1019.0,0.007334153837295504
kubernetes,referential,56513,349.0,0.0061755702227805995
tensorflow,referential,77841,502.0,0.0064490435631608025
azure,referential,142509,750.0,0.005262825505757531
mongodb,referential,171110,1093.0,0.0063877038162585475
ruby,referential,226811,1592.0,0.007019059922137815
sql-server-2008,referential,53388,615.0,0.011519442571364351
wordpress,referential,185036,1207.0,0.0065230549730863185
csv,referential,89599,673.0,0.007511244545140012
codeigniter,referential,68606,506.0,0.007375448211526688
network-programming,referential,46290,439.0,0.009483689781810327
android-studio,referential,86762,631.0,0.0072727691846660985
unit-testing,referential,83378,575.0,0.006896303581280434
google-apps-script,referential,55235,308.0,0.005576174527020911
typescript,referential,227271,1465.0,0.006446048989972324
asp.net-core,referential,83970,681.0,0.00811003929974991
asp.net,referential,367941,2852.0,0.007751242726415376
iphone,referential,216848,1574.0,0.007258540544528886
apache,referential,89283,625.0,0.007000212806469316
symfony,referential,72646,413.0,0.0056851031027172864
ruby-on-rails-3,referential,55091,280.0,0.005082499863861611
scala,referential,110746,929.0,0.008388564824011702
bash,referential,156221,1340.0,0.0085775920010754
ajax,referential,217654,1732.0,0.007957584055427422
selenium-webdriver,referential,56146,418.0,0.007444875859366651
user-interface,referential,56522,500.0,0.008846113017939918
numpy,referential,114090,942.0,0.00825663949513542
elasticsearch,referential,55931,276.0,0.004934651624322826
nginx,referential,52050,293.0,0.005629202689721421
asynchronous,referential,51096,483.0,0.009452794739314232
haskell,referential,51466,711.0,0.01381494578945323
angular,referential,298217,1741.0,0.005838030695768518
ruby-on-rails,referential,332737,1824.0,0.00548180695263827
jquery,referential,1019869,7973.0,0.007817670700844912
function,referential,110867,1138.0,0.010264551219028206
xml,referential,211734,1666.0,0.00786836313487678
postgresql,referential,176386,1449.0,0.008214937693467735
listview,referential,51694,457.0,0.008840484388903934
maven,referential,87085,699.0,0.00802664063845668
shell,referential,92444,804.0,0.008697157197871144
android-fragments,referential,44296,341.0,0.007698212028174101
sockets,referential,64863,633.0,0.009759030572128949
debugging,referential,51219,523.0,0.010211054491497297
assembly,referential,45018,810.0,0.01799280287884846
android-layout,referential,57721,465.0,0.008055993485906342
jenkins,referential,48531,203.0,0.004182893408336939
dart,referential,91883,491.0,0.005343752380745078
reactjs,referential,458000,2440.0,0.0053275109170305675
laravel-5,referential,42963,282.0,0.006563787445010823
performance,referential,101158,2140.0,0.02115502481266929
spring-mvc,referential,57214,444.0,0.007760338378718495
python-2.7,referential,93082,754.0,0.008100384607120604
cordova,referential,58229,312.0,0.005358154871284068
xaml,referential,62218,389.0,0.0062522099713909155
arrays,referential,416289,4154.0,0.009978644643504873
opencv,referential,70906,713.0,0.010055566524694666
vba,referential,215276,1921.0,0.008923428528958175
t-sql,referential,73548,868.0,0.011801816500788601
generics,referential,49954,626.0,0.012531529006686151
html,referential,1173394,8682.0,0.00739904925370336
ios,referential,668615,5099.0,0.007626212394277724
sql-server,referential,334898,3845.0,0.01148110768054751
pointers,referential,56934,806.0,0.014156742895282256
image,referential,111381,900.0,0.008080372774530664
amazon-s3,referential,49123,250.0,0.005089265720741812
unix,referential,47361,441.0,0.00931145879521125
django-models,referential,43025,226.0,0.005252760023242301
for-loop,referential,71772,663.0,0.009237585688012038
swift,referential,328224,2649.0,0.008070707809300965
flutter,referential,171345,901.0,0.0052583968017741985
mysql,missing_info,653746,14060.0,0.021506823751120466
jpa,missing_info,51084,1366.0,0.02674027092631744
r,missing_info,503030,6504.0,0.012929646343160447
python,missing_info,2170613,38120.0,0.017561859253584125
linux,missing_info,223782,2742.0,0.012252996219535083
git,missing_info,151498,1556.0,0.010270762650332018
regex,missing_info,260714,3471.0,0.013313439247604655
list,missing_info,141437,2560.0,0.01809993141822861
matplotlib,missing_info,71474,936.0,0.0130956711531466
python-3.x,missing_info,334600,5528.0,0.01652121936640765
if-statement,missing_info,62016,1013.0,0.016334494324045407
apache-spark,missing_info,79214,1425.0,0.01798924432549802
delphi,missing_info,52166,912.0,0.017482651535482882
oracle-database,missing_info,151528,3194.0,0.021078612533657146
jsp,missing_info,50776,1120.0,0.022057665038600915
pdf,missing_info,49715,861.0,0.0173187166851051
validation,missing_info,66475,1262.0,0.018984580669424597
visual-studio,missing_info,113480,1556.0,0.0137116672541417
google-sheets,missing_info,56009,1820.0,0.03249477762502455
ggplot2,missing_info,57192,702.0,0.012274443978178767
google-cloud-platform,missing_info,49327,1146.0,0.023232712307661118
winforms,missing_info,98506,1718.0,0.01744056199622358
session,missing_info,43162,735.0,0.017028867985728186
android,missing_info,1369762,28614.0,0.0208897604109327
wcf,missing_info,49255,1008.0,0.02046492741853619
xcode,missing_info,154984,2292.0,0.01478862334176431
eclipse,missing_info,122104,1928.0,0.015789818515363954
intellij-idea,missing_info,43094,648.0,0.015036896087622407
security,missing_info,54938,478.0,0.008700717172084895
database,missing_info,191655,3549.0,0.018517648900367847
exception,missing_info,53044,1198.0,0.022585023753864716
web-scraping,missing_info,50647,1164.0,0.02298260509013367
algorithm,missing_info,120652,1737.0,0.014396777508868482
hadoop,missing_info,42753,766.0,0.017916871330666852
join,missing_info,43617,970.0,0.022239035238553775
rust,missing_info,43243,354.0,0.00818629604791527
docker,missing_info,134308,2957.0,0.022016558954045924
vue.js,missing_info,105079,1829.0,0.017405951712521055
react-native,missing_info,128353,2472.0,0.01925938622392932
c,missing_info,406138,7141.0,0.017582693567211146
class,missing_info,79472,1457.0,0.018333501107308234
uitableview,missing_info,63523,1621.0,0.02551831620043134
templates,missing_info,55206,726.0,0.013150744484295184
linq,missing_info,86457,2039.0,0.023583978162554795
c++11,missing_info,56509,720.0,0.012741333238953087
string,missing_info,184554,2998.0,0.016244567985521853
date,missing_info,76714,1218.0,0.015877154104857003
math,missing_info,44274,584.0,0.013190585896914667
macos,missing_info,114789,1243.0,0.010828563712550855
express,missing_info,92250,2114.0,0.022915989159891598
ubuntu,missing_info,58929,812.0,0.013779293726348656
testing,missing_info,48773,749.0,0.01535685727759211
angularjs,missing_info,256144,5378.0,0.020996002248735088
php,missing_info,1446461,29276.0,0.020239743760806547
multithreading,missing_info,139336,2240.0,0.01607624734454843
.net,missing_info,335866,5431.0,0.01617013928173736
sql,missing_info,671995,13819.0,0.020564141102240346
dictionary,missing_info,85756,1511.0,0.017619758384252997
google-app-engine,missing_info,46097,872.0,0.018916632318805995
npm,missing_info,47505,936.0,0.019703189137985477
xamarin,missing_info,49891,946.0,0.018961335711851837
iphone,missing_info,216848,2829.0,0.013046004574632923
asp.net,missing_info,367941,8125.0,0.02208234472374647
ruby-on-rails-3,missing_info,55091,1169.0,0.021219436931622225
haskell,missing_info,51466,549.0,0.010667236622236039
selenium-webdriver,missing_info,56146,1817.0,0.032362056068108144
ajax,missing_info,217654,5690.0,0.026142409512345283
asynchronous,missing_info,51096,749.0,0.014658681697197432
apache,missing_info,89283,1375.0,0.015400468174232497
user-interface,missing_info,56522,721.0,0.01275609497186936
bash,missing_info,156221,1962.0,0.012559130974708906
scala,missing_info,110746,1467.0,0.013246528091308038
symfony,missing_info,72646,1506.0,0.020730666519835916
numpy,missing_info,114090,1609.0,0.0141029012183364
nginx,missing_info,52050,988.0,0.018981748318924112
elasticsearch,missing_info,55931,1695.0,0.030305197475460836
angular,missing_info,298217,6666.0,0.022352850441121733
hibernate,missing_info,92840,2618.0,0.02819905213270142
entity-framework,missing_info,90491,2358.0,0.02605784000618846
github,missing_info,56654,567.0,0.010008119461997388
facebook,missing_info,81844,950.0,0.011607448316309076
winapi,missing_info,43437,514.0,0.011833229735018533
curl,missing_info,42847,780.0,0.018204308352976872
gradle,missing_info,50355,992.0,0.0197001290835071
variables,missing_info,53667,868.0,0.016173812585015
asp.net-mvc,missing_info,198120,5302.0,0.02676155865132243
loops,missing_info,96190,1706.0,0.01773573136500676
ssl,missing_info,49006,771.0,0.015732767416234746
oop,missing_info,61995,801.0,0.012920396806194048
file,missing_info,80566,1375.0,0.017066752724474343
google-chrome,missing_info,69216,1028.0,0.014852057327785483
forms,missing_info,111770,2596.0,0.02322626822939966
authentication,missing_info,72662,1167.0,0.016060664446340592
matlab,missing_info,93389,1201.0,0.012860186959920333
tkinter,missing_info,52320,620.0,0.011850152905198776
.htaccess,missing_info,71696,1152.0,0.016067841999553672
amazon-web-services,missing_info,153870,2749.0,0.017865730811724184
twitter-bootstrap,missing_info,101416,2150.0,0.021199810680760434
kotlin,missing_info,94416,1749.0,0.018524402643619726
ionic-framework,missing_info,46391,972.0,0.02095233989351383
java,missing_info,1886094,38624.0,0.020478300657337332
c++,missing_info,808185,12541.0,0.015517486714056805
swing,missing_info,81100,979.0,0.012071516646115906
excel,missing_info,287052,4788.0,0.016679904686258934
rest,missing_info,89379,1718.0,0.01922151735866367
parsing,missing_info,57006,993.0,0.017419219029575835
batch-file,missing_info,50174,623.0,0.012416789572288436
svg,missing_info,43400,524.0,0.012073732718894009
mongoose,missing_info,45398,979.0,0.021564826644345565
recursion,missing_info,47171,818.0,0.017341163002692332
dataframe,missing_info,147743,2254.0,0.015256221952985928
pandas,missing_info,286913,4852.0,0.01691104969102132
.net-core,missing_info,44769,880.0,0.019656458710268266
css,missing_info,797816,13648.0,0.01710670129453408
c#,missing_info,1604093,32941.0,0.020535592387723154
windows,missing_info,164410,1994.0,0.012128216045252722
web-services,missing_info,57671,1034.0,0.017929288550571344
datetime,missing_info,71120,1169.0,0.01643700787401575
visual-studio-code,missing_info,58200,661.0,0.011357388316151202
generics,missing_info,49954,786.0,0.01573447571766025
arrays,missing_info,416289,8040.0,0.019313505761622333
cordova,missing_info,58229,860.0,0.014769273042641983
performance,missing_info,101158,1790.0,0.017695090847980387
spring-mvc,missing_info,57214,1640.0,0.02866431293040165
vba,missing_info,215276,3915.0,0.01818595663241606
xaml,missing_info,62218,1030.0,0.016554694782860264
opencv,missing_info,70906,1380.0,0.019462386821989676
t-sql,missing_info,73548,1480.0,0.0201229129276119
python-2.7,missing_info,93082,1600.0,0.017189145054897832
html,missing_info,1173394,21753.0,0.0185385301100909
image,missing_info,111381,1945.0,0.017462583384957937
ios,missing_info,668615,11112.0,0.016619429716653082
sql-server,missing_info,334898,7231.0,0.02159164880053031
django-models,missing_info,43025,1332.0,0.03095874491574666
pointers,missing_info,56934,1016.0,0.017845224294797485
unix,missing_info,47361,605.0,0.012774223517239924
amazon-s3,missing_info,49123,891.0,0.018138143028723817
for-loop,missing_info,71772,1241.0,0.017290865518586634
swift,missing_info,328224,6104.0,0.018597055669299017
flutter,missing_info,171345,3704.0,0.021617205054130555
google-apps-script,missing_info,55235,2395.0,0.0433601882864126
ruby,missing_info,226811,4696.0,0.020704463187411544
wordpress,missing_info,185036,2684.0,0.014505285457964937
codeigniter,missing_info,68606,1623.0,0.023656823018394894
mongodb,missing_info,171110,3172.0,0.01853778271287476
csv,missing_info,89599,1889.0,0.021082824585095816
sql-server-2008,missing_info,53388,1142.0,0.021390574660972505
azure,missing_info,142509,2795.0,0.019612796384789733
unit-testing,missing_info,83378,1358.0,0.01628727002326753
network-programming,missing_info,46290,544.0,0.01175199827176496
typescript,missing_info,227271,4019.0,0.017683734396381413
android-studio,missing_info,86762,1898.0,0.021875936469883128
asp.net-core,missing_info,83970,2051.0,0.024425390020245324
sqlite,missing_info,93785,1722.0,0.018361145172468944
javascript,missing_info,2482383,45493.0,0.018326342067279705
json,missing_info,356382,8839.0,0.024802038262314034
objective-c,missing_info,287467,4748.0,0.01651667843613354
visual-studio-2010,missing_info,45667,636.0,0.013926905643024503
spring,missing_info,206640,5277.0,0.025537166085946573
http,missing_info,66409,1119.0,0.016850125735969522
powershell,missing_info,118179,1543.0,0.013056465192631516
perl,missing_info,68033,1154.0,0.016962356503461555
selenium,missing_info,98094,3346.0,0.03411013925418476
unity-game-engine,missing_info,74887,1048.0,0.013994418256840306
ms-access,missing_info,57696,1002.0,0.017366888519134774
email,missing_info,57965,960.0,0.01656171827827137
spring-boot,missing_info,145552,3829.0,0.02630674947784984
jquery,missing_info,1019869,21796.0,0.02137137220564602
xml,missing_info,211734,4348.0,0.02053519982619702
ruby-on-rails,missing_info,332737,8367.0,0.0251459861692568
listview,missing_info,51694,1366.0,0.026424730142763184
jenkins,missing_info,48531,615.0,0.012672312542498608
assembly,missing_info,45018,903.0,0.020058643209382915
maven,missing_info,87085,2198.0,0.025239708330941035
function,missing_info,110867,1749.0,0.015775659123093436
android-layout,missing_info,57721,1374.0,0.023804161397065194
shell,missing_info,92444,1184.0,0.012807753883432131
sockets,missing_info,64863,1039.0,0.01601837719501102
android-fragments,missing_info,44296,1354.0,0.03056709409427488
debugging,missing_info,51219,675.0,0.013178703215603585
postgresql,missing_info,176386,3090.0,0.017518397151701382
dart,missing_info,91883,1878.0,0.020439036600894616
reactjs,missing_info,458000,10208.0,0.022288209606986898
laravel-5,missing_info,42963,1192.0,0.0277448036682727
vb.net,missing_info,138844,2495.0,0.0179698078418945
object,missing_info,64700,1213.0,0.01874806800618238
wpf,missing_info,167667,2803.0,0.016717660601072364
django,missing_info,305163,9103.0,0.02982995972644128
sorting,missing_info,76849,1378.0,0.0179312678109019
node.js,missing_info,455448,9005.0,0.019771741230612497
animation,missing_info,43240,513.0,0.011864014801110084
google-maps,missing_info,64524,1028.0,0.015932056289132725
qt,missing_info,84762,950.0,0.011207852575446544
go,missing_info,72768,939.0,0.012904023746701847
machine-learning,missing_info,53521,794.0,0.014835298294127539
flask,missing_info,53429,1104.0,0.020662935858803272
laravel,missing_info,209277,5830.0,0.027857815240088495
firebase,missing_info,138939,3104.0,0.022340739461202398
tensorflow,missing_info,77841,1252.0,0.016084068806926942
kubernetes,missing_info,56513,1298.0,0.02296816661653071
t-sql,contradiction,73548,10.0,0.0001359656278892696
python-2.7,contradiction,93082,12.0,0.00012891858791173373
performance,contradiction,101158,16.0,0.00015816840981434984
vba,contradiction,215276,11.0,5.109719615749085e-05
arrays,contradiction,416289,47.0,0.00011290233467615047
cordova,contradiction,58229,0.0,0.0
spring-mvc,contradiction,57214,3.0,5.243471877512497e-05
opencv,contradiction,70906,4.0,5.6412715426057034e-05
xaml,contradiction,62218,1.0,1.607251920666045e-05
generics,contradiction,49954,16.0,0.0003202946710974096
android,contradiction,1369762,49.0,3.577263787431685e-05
docker,contradiction,134308,4.0,2.9782291449504125e-05
algorithm,contradiction,120652,37.0,0.0003066671087093459
vue.js,contradiction,105079,2.0,1.9033298756173926e-05
xcode,contradiction,154984,9.0,5.807051050431012e-05
security,contradiction,54938,7.0,0.00012741636026065748
exception,contradiction,53044,9.0,0.0001696704622577483
react-native,contradiction,128353,5.0,3.895506922315801e-05
intellij-idea,contradiction,43094,1.0,2.320508655497285e-05
web-scraping,contradiction,50647,1.0,1.974450609118013e-05
join,contradiction,43617,3.0,6.878052135635188e-05
wcf,contradiction,49255,4.0,8.121002943863567e-05
eclipse,contradiction,122104,5.0,4.094869946930485e-05
database,contradiction,191655,18.0,9.391876027236441e-05
hadoop,contradiction,42753,4.0,9.356068579982691e-05
session,contradiction,43162,6.0,0.00013901116723043417
winforms,contradiction,98506,8.0,8.121332710697826e-05
rust,contradiction,43243,7.0,0.00016187591055199686
entity-framework,contradiction,90491,11.0,0.0001215590500712778
facebook,contradiction,81844,0.0,0.0
github,contradiction,56654,3.0,5.2953013026441206e-05
curl,contradiction,42847,3.0,7.001657058837259e-05
winapi,contradiction,43437,11.0,0.00025324032506849
hibernate,contradiction,92840,5.0,5.3856096510124945e-05
gradle,contradiction,50355,1.0,1.985900109224506e-05
python,contradiction,2170613,125.0,5.758741885356809e-05
python-3.x,contradiction,334600,12.0,3.5863717872086074e-05
git,contradiction,151498,19.0,0.00012541419688708762
mysql,contradiction,653746,57.0,8.718982601805594e-05
regex,contradiction,260714,33.0,0.00012657548117860952
linux,contradiction,223782,16.0,7.149815445388815e-05
r,contradiction,503030,20.0,3.9759060095819336e-05
list,contradiction,141437,15.0,0.00010605428565368327
apache-spark,contradiction,79214,4.0,5.049612442245058e-05
jpa,contradiction,51084,3.0,5.872680291284943e-05
matplotlib,contradiction,71474,1.0,1.3991101659344656e-05
if-statement,contradiction,62016,10.0,0.00016124871001031992
visual-studio,contradiction,113480,9.0,7.930912936200212e-05
pdf,contradiction,49715,2.0,4.022930705018606e-05
jsp,contradiction,50776,1.0,1.9694343784465103e-05
delphi,contradiction,52166,13.0,0.0002492044626768393
oracle-database,contradiction,151528,18.0,0.00011878992661422311
google-cloud-platform,contradiction,49327,2.0,4.054574573762848e-05
validation,contradiction,66475,4.0,6.0172997367431366e-05
google-sheets,contradiction,56009,0.0,0.0
ggplot2,contradiction,57192,0.0,0.0
macos,contradiction,114789,9.0,7.840472519143821e-05
express,contradiction,92250,1.0,1.084010840108401e-05
string,contradiction,184554,28.0,0.00015171711260660836
c,contradiction,406138,108.0,0.0002659194657973398
angularjs,contradiction,256144,5.0,1.9520269848210383e-05
class,contradiction,79472,10.0,0.00012583048117576002
testing,contradiction,48773,2.0,4.100629446620056e-05
linq,contradiction,86457,9.0,0.00010409799090877546
date,contradiction,76714,7.0,9.124801209687932e-05
ubuntu,contradiction,58929,3.0,5.0908720663849717e-05
uitableview,contradiction,63523,8.0,0.0001259386363994144
c++11,contradiction,56509,27.0,0.00047779999646074074
math,contradiction,44274,8.0,0.00018069295749198176
templates,contradiction,55206,7.0,0.00012679781183204725
.net-core,contradiction,44769,5.0,0.0001116844244901606
excel,contradiction,287052,16.0,5.573902986218525e-05
c++,contradiction,808185,200.0,0.00024746809208287706
java,contradiction,1886094,211.0,0.00011187141255950128
pandas,contradiction,286913,6.0,2.091226260225225e-05
rest,contradiction,89379,5.0,5.594155226619228e-05
dataframe,contradiction,147743,3.0,2.030553054967071e-05
svg,contradiction,43400,2.0,4.608294930875576e-05
mongoose,contradiction,45398,1.0,2.2027402088197716e-05
batch-file,contradiction,50174,5.0,9.965320684019612e-05
swing,contradiction,81100,4.0,4.932182490752158e-05
parsing,contradiction,57006,6.0,0.00010525207872855489
recursion,contradiction,47171,10.0,0.00021199465773462508
tkinter,contradiction,52320,1.0,1.91131498470948e-05
loops,contradiction,96190,8.0,8.316872855806217e-05
kotlin,contradiction,94416,9.0,9.532282663955262e-05
ionic-framework,contradiction,46391,1.0,2.1555905240240565e-05
twitter-bootstrap,contradiction,101416,2.0,1.972075412163761e-05
amazon-web-services,contradiction,153870,8.0,5.199194124910639e-05
asp.net-mvc,contradiction,198120,16.0,8.075913587724612e-05
variables,contradiction,53667,8.0,0.00014906739709691244
forms,contradiction,111770,3.0,2.6840833855238436e-05
ssl,contradiction,49006,3.0,6.121699383748929e-05
authentication,contradiction,72662,6.0,8.25741102639619e-05
file,contradiction,80566,7.0,8.688528659732394e-05
matlab,contradiction,93389,5.0,5.353949608626284e-05
google-chrome,contradiction,69216,8.0,0.0001155802126675913
.htaccess,contradiction,71696,9.0,0.00012553001562151306
oop,contradiction,61995,15.0,0.00024195499637067505
angular,contradiction,298217,15.0,5.0298943386862585e-05
haskell,contradiction,51466,12.0,0.00023316364201608829
numpy,contradiction,114090,6.0,5.259006047856955e-05
bash,contradiction,156221,17.0,0.0001088201970285685
asp.net,contradiction,367941,27.0,7.338133015891135e-05
elasticsearch,contradiction,55931,1.0,1.7879172551894298e-05
nginx,contradiction,52050,2.0,3.8424591738712775e-05
apache,contradiction,89283,10.0,0.00011200340490350907
scala,contradiction,110746,10.0,9.02967150055081e-05
ajax,contradiction,217654,7.0,3.216113648267434e-05
asynchronous,contradiction,51096,11.0,0.0002152810396117113
symfony,contradiction,72646,2.0,2.7530765630592185e-05
user-interface,contradiction,56522,2.0,3.538445207175967e-05
iphone,contradiction,216848,13.0,5.9949826606655355e-05
selenium-webdriver,contradiction,56146,1.0,1.7810707797527874e-05
ruby-on-rails-3,contradiction,55091,2.0,3.630357045615436e-05
powershell,contradiction,118179,14.0,0.00011846436338097293
objective-c,contradiction,287467,20.0,6.957320318506124e-05
javascript,contradiction,2482383,153.0,6.163432475971677e-05
sqlite,contradiction,93785,5.0,5.331342965292957e-05
spring-boot,contradiction,145552,9.0,6.183357150709024e-05
spring,contradiction,206640,12.0,5.8072009291521487e-05
json,contradiction,356382,26.0,7.295542423579193e-05
unity-game-engine,contradiction,74887,1.0,1.3353452535152964e-05
http,contradiction,66409,9.0,0.00013552379948500955
ms-access,contradiction,57696,4.0,6.932889628397117e-05
selenium,contradiction,98094,2.0,2.038860684649418e-05
perl,contradiction,68033,17.0,0.0002498787353196243
email,contradiction,57965,2.0,3.4503579746398686e-05
visual-studio-2010,contradiction,45667,2.0,4.3795300764228e-05
c#,contradiction,1604093,177.0,0.00011034272950508481
css,contradiction,797816,46.0,5.76574047148716e-05
windows,contradiction,164410,14.0,8.515297123046044e-05
datetime,contradiction,71120,7.0,9.84251968503937e-05
visual-studio-code,contradiction,58200,2.0,3.436426116838488e-05
web-services,contradiction,57671,3.0,5.201921242912382e-05
node.js,contradiction,455448,26.0,5.708664875024152e-05
django,contradiction,305163,15.0,4.915405865062278e-05
firebase,contradiction,138939,10.0,7.197403176933762e-05
go,contradiction,72768,9.0,0.0001236807387862797
tensorflow,contradiction,77841,4.0,5.138680130008607e-05
laravel,contradiction,209277,4.0,1.9113423835395194e-05
google-maps,contradiction,64524,2.0,3.099621846134772e-05
vb.net,contradiction,138844,11.0,7.922560571576734e-05
sorting,contradiction,76849,8.0,0.00010410024853934339
wpf,contradiction,167667,7.0,4.1749419981272405e-05
object,contradiction,64700,14.0,0.00021638330757341577
kubernetes,contradiction,56513,2.0,3.5390087236565036e-05
animation,contradiction,43240,2.0,4.625346901017576e-05
qt,contradiction,84762,5.0,5.898869776550813e-05
machine-learning,contradiction,53521,1.0,1.868425477849816e-05
flask,contradiction,53429,1.0,1.8716427408336298e-05
typescript,contradiction,227271,7.0,3.080023408177902e-05
wordpress,contradiction,185036,9.0,4.8639183726409994e-05
mongodb,contradiction,171110,10.0,5.8441937934661916e-05
azure,contradiction,142509,5.0,3.5085503371716875e-05
ruby,contradiction,226811,22.0,9.699705922552258e-05
android-studio,contradiction,86762,2.0,2.305156635393375e-05
sql-server-2008,contradiction,53388,7.0,0.00013111560650333408
asp.net-core,contradiction,83970,7.0,8.336310587114446e-05
codeigniter,contradiction,68606,5.0,7.287992303880127e-05
network-programming,contradiction,46290,3.0,6.480881399870383e-05
unit-testing,contradiction,83378,11.0,0.00013192928590275612
csv,contradiction,89599,7.0,7.812587194053505e-05
google-apps-script,contradiction,55235,1.0,1.810446275006789e-05
sql,contradiction,671995,69.0,0.00010267933541172182
php,contradiction,1446461,125.0,8.641781562033128e-05
npm,contradiction,47505,1.0,2.1050415745710977e-05
xamarin,contradiction,49891,0.0,0.0
multithreading,contradiction,139336,31.0,0.00022248378021473274
google-app-engine,contradiction,46097,2.0,4.338677137340825e-05
dictionary,contradiction,85756,8.0,9.328793320583982e-05
.net,contradiction,335866,43.0,0.00012802724896238382
reactjs,contradiction,458000,9.0,1.965065502183406e-05
jquery,contradiction,1019869,52.0,5.0986940479610615e-05
function,contradiction,110867,14.0,0.00012627743151704293
jenkins,contradiction,48531,1.0,2.060538624796522e-05
shell,contradiction,92444,12.0,0.00012980831638613647
ruby-on-rails,contradiction,332737,19.0,5.7102155756648644e-05
android-layout,contradiction,57721,2.0,3.464943434798427e-05
maven,contradiction,87085,4.0,4.593213527013837e-05
dart,contradiction,91883,0.0,0.0
sockets,contradiction,64863,14.0,0.00021583953872007154
laravel-5,contradiction,42963,1.0,2.327584200358448e-05
xml,contradiction,211734,15.0,7.084360565615347e-05
listview,contradiction,51694,4.0,7.737841915889659e-05
postgresql,contradiction,176386,15.0,8.50407628723368e-05
assembly,contradiction,45018,8.0,0.00017770669509973788
android-fragments,contradiction,44296,1.0,2.257540184215279e-05
debugging,contradiction,51219,0.0,0.0
sql-server,contradiction,334898,33.0,9.853746513863923e-05
ios,contradiction,668615,43.0,6.431204803960425e-05
swift,contradiction,328224,26.0,7.921419518377693e-05
html,contradiction,1173394,60.0,5.113371979062446e-05
unix,contradiction,47361,9.0,0.00019002977133084184
image,contradiction,111381,4.0,3.5912767886802956e-05
django-models,contradiction,43025,1.0,2.324230098779779e-05
pointers,contradiction,56934,18.0,0.0003161555485298767
flutter,contradiction,171345,2.0,1.1672356940675247e-05
for-loop,contradiction,71772,3.0,4.179903026249791e-05
amazon-s3,contradiction,49123,4.0,8.142825153186898e-05
delphi,pragmatic_tone,52166,19.0,0.0003642219069892267
oracle-database,pragmatic_tone,151528,20.0,0.0001319888073491368
jsp,pragmatic_tone,50776,9.0,0.00017724909406018592
pdf,pragmatic_tone,49715,4.0,8.045861410037212e-05
validation,pragmatic_tone,66475,10.0,0.00015043249341857841
visual-studio,pragmatic_tone,113480,23.0,0.00020267888614733875
google-sheets,pragmatic_tone,56009,1.0,1.785427342034316e-05
ggplot2,pragmatic_tone,57192,0.0,0.0
google-cloud-platform,pragmatic_tone,49327,1.0,2.027287286881424e-05
winforms,pragmatic_tone,98506,14.0,0.00014212332243721193
session,pragmatic_tone,43162,3.0,6.950558361521709e-05
android,pragmatic_tone,1369762,133.0,9.709715994457432e-05
wcf,pragmatic_tone,49255,5.0,0.00010151253679829459
xcode,pragmatic_tone,154984,17.0,0.00010968874206369689
eclipse,pragmatic_tone,122104,17.0,0.0001392255781956365
intellij-idea,pragmatic_tone,43094,2.0,4.64101731099457e-05
security,pragmatic_tone,54938,13.0,0.000236630383341221
database,pragmatic_tone,191655,26.0,0.00013566043150452635
exception,pragmatic_tone,53044,13.0,0.0002450795565945253
web-scraping,pragmatic_tone,50647,1.0,1.974450609118013e-05
algorithm,pragmatic_tone,120652,39.0,0.00032324370918012133
hadoop,pragmatic_tone,42753,6.0,0.00014034102869974038
join,pragmatic_tone,43617,5.0,0.00011463420226058647
rust,pragmatic_tone,43243,5.0,0.00011562565039428347
docker,pragmatic_tone,134308,2.0,1.4891145724752063e-05
vue.js,pragmatic_tone,105079,5.0,4.7583246890434815e-05
react-native,pragmatic_tone,128353,1.0,7.791013844631601e-06
css,pragmatic_tone,797816,125.0,0.00015667773020345543
c#,pragmatic_tone,1604093,269.0,0.00016769601263767127
windows,pragmatic_tone,164410,27.0,0.00016422358737303085
web-services,pragmatic_tone,57671,9.0,0.00015605763728737147
datetime,pragmatic_tone,71120,12.0,0.0001687289088863892
visual-studio-code,pragmatic_tone,58200,1.0,1.718213058419244e-05
php,pragmatic_tone,1446461,288.0,0.00019910664718924325
multithreading,pragmatic_tone,139336,39.0,0.0002798989493024057
.net,pragmatic_tone,335866,81.0,0.00024116760851053694
sql,pragmatic_tone,671995,103.0,0.00015327494996242533
dictionary,pragmatic_tone,85756,9.0,0.0001049489248565698
google-app-engine,pragmatic_tone,46097,2.0,4.338677137340825e-05
npm,pragmatic_tone,47505,0.0,0.0
xamarin,pragmatic_tone,49891,3.0,6.0131085766972e-05
c,pragmatic_tone,406138,142.0,0.00034963485317798386
class,pragmatic_tone,79472,11.0,0.000138413529293336
uitableview,pragmatic_tone,63523,10.0,0.00015742329549926797
templates,pragmatic_tone,55206,12.0,0.0002173676774263667
linq,pragmatic_tone,86457,17.0,0.00019662953838324253
c++11,pragmatic_tone,56509,17.0,0.0003008370348086146
string,pragmatic_tone,184554,46.0,0.000249249542139428
date,pragmatic_tone,76714,8.0,0.00010428344239643351
math,pragmatic_tone,44274,16.0,0.0003613859149839635
macos,pragmatic_tone,114789,16.0,0.00013938617811811235
express,pragmatic_tone,92250,2.0,2.168021680216802e-05
ubuntu,pragmatic_tone,58929,11.0,0.0001866653091007823
testing,pragmatic_tone,48773,4.0,8.201258893240112e-05
angularjs,pragmatic_tone,256144,20.0,7.808107939284153e-05
mysql,pragmatic_tone,653746,120.0,0.00018355752845906515
jpa,pragmatic_tone,51084,3.0,5.872680291284943e-05
r,pragmatic_tone,503030,24.0,4.77108721149832e-05
python,pragmatic_tone,2170613,147.0,6.772280457179608e-05
linux,pragmatic_tone,223782,34.0,0.00015193357821451233
git,pragmatic_tone,151498,21.0,0.00013861569129625472
regex,pragmatic_tone,260714,38.0,0.00014575358438748975
list,pragmatic_tone,141437,15.0,0.00010605428565368327
matplotlib,pragmatic_tone,71474,1.0,1.3991101659344656e-05
python-3.x,pragmatic_tone,334600,21.0,6.276150627615063e-05
if-statement,pragmatic_tone,62016,3.0,4.837461300309598e-05
apache-spark,pragmatic_tone,79214,3.0,3.787209331683793e-05
java,pragmatic_tone,1886094,279.0,0.00014792475878720786
c++,pragmatic_tone,808185,275.0,0.00034026862661395594
swing,pragmatic_tone,81100,14.0,0.00017262638717632553
excel,pragmatic_tone,287052,22.0,7.664116606050472e-05
rest,pragmatic_tone,89379,7.0,7.831817317266919e-05
parsing,pragmatic_tone,57006,6.0,0.00010525207872855489
batch-file,pragmatic_tone,50174,4.0,7.97225654721569e-05
svg,pragmatic_tone,43400,4.0,9.216589861751152e-05
mongoose,pragmatic_tone,45398,1.0,2.2027402088197716e-05
recursion,pragmatic_tone,47171,9.0,0.00019079519196116257
dataframe,pragmatic_tone,147743,3.0,2.030553054967071e-05
pandas,pragmatic_tone,286913,7.0,2.4397639702627625e-05
.net-core,pragmatic_tone,44769,3.0,6.701065469409636e-05
hibernate,pragmatic_tone,92840,8.0,8.616975441619992e-05
entity-framework,pragmatic_tone,90491,13.0,0.00014366069553878286
github,pragmatic_tone,56654,5.0,8.825502171073534e-05
facebook,pragmatic_tone,81844,9.0,0.00010996529983871756
winapi,pragmatic_tone,43437,13.0,0.00029928402053548816
curl,pragmatic_tone,42847,5.0,0.0001166942843139543
gradle,pragmatic_tone,50355,3.0,5.957700327673518e-05
generics,pragmatic_tone,49954,10.0,0.00020018416943588102
arrays,pragmatic_tone,416289,93.0,0.0002234024920187658
cordova,pragmatic_tone,58229,3.0,5.1520719916192965e-05
performance,pragmatic_tone,101158,48.0,0.0004745052294430495
spring-mvc,pragmatic_tone,57214,5.0,8.739119795854161e-05
vba,pragmatic_tone,215276,17.0,7.896839406157677e-05
xaml,pragmatic_tone,62218,7.0,0.00011250763444662317
opencv,pragmatic_tone,70906,6.0,8.461907313908555e-05
t-sql,pragmatic_tone,73548,13.0,0.00017675531625605047
python-2.7,pragmatic_tone,93082,7.0,7.520250961517801e-05
iphone,pragmatic_tone,216848,35.0,0.00016140337932561057
asp.net,pragmatic_tone,367941,60.0,0.00016306962257535854
ruby-on-rails-3,pragmatic_tone,55091,4.0,7.260714091230872e-05
haskell,pragmatic_tone,51466,8.0,0.00015544242801072551
selenium-webdriver,pragmatic_tone,56146,2.0,3.562141559505575e-05
ajax,pragmatic_tone,217654,38.0,0.00017458902662023212
asynchronous,pragmatic_tone,51096,10.0,0.00019571003601064662
apache,pragmatic_tone,89283,10.0,0.00011200340490350907
user-interface,pragmatic_tone,56522,6.0,0.000106153356215279
bash,pragmatic_tone,156221,16.0,0.00010241900896806447
scala,pragmatic_tone,110746,8.0,7.223737200440648e-05
symfony,pragmatic_tone,72646,10.0,0.00013765382815296093
numpy,pragmatic_tone,114090,5.0,4.382505039880796e-05
nginx,pragmatic_tone,52050,3.0,5.7636887608069166e-05
elasticsearch,pragmatic_tone,55931,1.0,1.7879172551894298e-05
angular,pragmatic_tone,298217,12.0,4.023915470949007e-05
sqlite,pragmatic_tone,93785,9.0,9.596417337527324e-05
javascript,pragmatic_tone,2482383,345.0,0.00013897935975230253
json,pragmatic_tone,356382,31.0,8.698531351190576e-05
objective-c,pragmatic_tone,287467,52.0,0.00018089032828115924
visual-studio-2010,pragmatic_tone,45667,13.0,0.00028466945496748196
spring,pragmatic_tone,206640,14.0,6.775067750677507e-05
http,pragmatic_tone,66409,14.0,0.00021081479919890376
powershell,pragmatic_tone,118179,10.0,8.461740241498067e-05
perl,pragmatic_tone,68033,19.0,0.00027927623359252126
selenium,pragmatic_tone,98094,2.0,2.038860684649418e-05
unity-game-engine,pragmatic_tone,74887,2.0,2.6706905070305927e-05
ms-access,pragmatic_tone,57696,5.0,8.666112035496395e-05
email,pragmatic_tone,57965,7.0,0.00012076252911239541
spring-boot,pragmatic_tone,145552,13.0,8.93151588435748e-05
variables,pragmatic_tone,53667,12.0,0.00022360109564536866
asp.net-mvc,pragmatic_tone,198120,29.0,0.00014637593377750857
loops,pragmatic_tone,96190,16.0,0.00016633745711612435
ssl,pragmatic_tone,49006,2.0,4.0811329224992855e-05
oop,pragmatic_tone,61995,17.0,0.00027421566255343173
file,pragmatic_tone,80566,14.0,0.00017377057319464787
google-chrome,pragmatic_tone,69216,8.0,0.0001155802126675913
forms,pragmatic_tone,111770,15.0,0.00013420416927619218
authentication,pragmatic_tone,72662,12.0,0.0001651482205279238
matlab,pragmatic_tone,93389,13.0,0.00013920268982428336
tkinter,pragmatic_tone,52320,3.0,5.733944954128441e-05
.htaccess,pragmatic_tone,71696,7.0,9.763445659451016e-05
amazon-web-services,pragmatic_tone,153870,6.0,3.899395593682979e-05
twitter-bootstrap,pragmatic_tone,101416,9.0,8.874339354736925e-05
kotlin,pragmatic_tone,94416,3.0,3.177427554651754e-05
ionic-framework,pragmatic_tone,46391,1.0,2.1555905240240565e-05
google-apps-script,pragmatic_tone,55235,1.0,1.810446275006789e-05
ruby,pragmatic_tone,226811,28.0,0.00012345080265066508
wordpress,pragmatic_tone,185036,16.0,8.646965995806221e-05
codeigniter,pragmatic_tone,68606,8.0,0.00011660787686208204
mongodb,pragmatic_tone,171110,12.0,7.01303255215943e-05
csv,pragmatic_tone,89599,8.0,8.928671078918291e-05
sql-server-2008,pragmatic_tone,53388,6.0,0.00011238480557428635
azure,pragmatic_tone,142509,3.0,2.1051302023030123e-05
unit-testing,pragmatic_tone,83378,8.0,9.594857156564082e-05
network-programming,pragmatic_tone,46290,2.0,4.3205875999135884e-05
typescript,pragmatic_tone,227271,8.0,3.520026752203317e-05
android-studio,pragmatic_tone,86762,7.0,8.068048223876813e-05
asp.net-core,pragmatic_tone,83970,5.0,5.954507562224604e-05
vb.net,pragmatic_tone,138844,23.0,0.00016565353922387715
object,pragmatic_tone,64700,10.0,0.0001545595054095827
wpf,pragmatic_tone,167667,22.0,0.00013121246279828468
django,pragmatic_tone,305163,15.0,4.915405865062278e-05
sorting,pragmatic_tone,76849,15.0,0.00019518796601126885
node.js,pragmatic_tone,455448,26.0,5.708664875024152e-05
animation,pragmatic_tone,43240,3.0,6.938020351526365e-05
google-maps,pragmatic_tone,64524,8.0,0.00012398487384539087
qt,pragmatic_tone,84762,23.0,0.0002713480097213374
go,pragmatic_tone,72768,5.0,6.871152154793316e-05
machine-learning,pragmatic_tone,53521,3.0,5.605276433549448e-05
flask,pragmatic_tone,53429,0.0,0.0
laravel,pragmatic_tone,209277,9.0,4.3005203629639184e-05
firebase,pragmatic_tone,138939,4.0,2.8789612707735048e-05
kubernetes,pragmatic_tone,56513,2.0,3.5390087236565036e-05
tensorflow,pragmatic_tone,77841,3.0,3.854010097506455e-05
html,pragmatic_tone,1173394,202.0,0.00017215018996176904
image,pragmatic_tone,111381,14.0,0.00012569468760381035
ios,pragmatic_tone,668615,89.0,0.00013311098315173903
sql-server,pragmatic_tone,334898,57.0,0.00017020107614855866
django-models,pragmatic_tone,43025,1.0,2.324230098779779e-05
pointers,pragmatic_tone,56934,19.0,0.0003337197456704254
unix,pragmatic_tone,47361,9.0,0.00019002977133084184
amazon-s3,pragmatic_tone,49123,3.0,6.107118864890174e-05
for-loop,pragmatic_tone,71772,13.0,0.00018112913113749096
swift,pragmatic_tone,328224,28.0,8.530759481329824e-05
flutter,pragmatic_tone,171345,6.0,3.5017070822025735e-05
jquery,pragmatic_tone,1019869,158.0,0.00015492185761112456
xml,pragmatic_tone,211734,22.0,0.00010390395496235843
ruby-on-rails,pragmatic_tone,332737,21.0,6.31129089941906e-05
listview,pragmatic_tone,51694,1.0,1.9344604789724147e-05
jenkins,pragmatic_tone,48531,2.0,4.121077249593044e-05
assembly,pragmatic_tone,45018,14.0,0.0003109867164245413
maven,pragmatic_tone,87085,2.0,2.2966067635069186e-05
function,pragmatic_tone,110867,18.0,0.0001623566976647695
android-layout,pragmatic_tone,57721,8.0,0.00013859773739193708
shell,pragmatic_tone,92444,10.0,0.00010817359698844706
sockets,pragmatic_tone,64863,8.0,0.0001233368792686123
android-fragments,pragmatic_tone,44296,6.0,0.00013545241105291674
debugging,pragmatic_tone,51219,6.0,0.00011714402858314298
postgresql,pragmatic_tone,176386,11.0,6.236322610638032e-05
dart,pragmatic_tone,91883,4.0,4.353362428305563e-05
reactjs,pragmatic_tone,458000,9.0,1.965065502183406e-05
laravel-5,pragmatic_tone,42963,4.0,9.310336801433792e-05
mysql,actionability,653746,25991.0,0.03975703101816302
jpa,actionability,51084,1537.0,0.030087698692349854
r,actionability,503030,14069.0,0.02796851082440411
python,actionability,2170613,80841.0,0.037243396220330384
linux,actionability,223782,8447.0,0.03774655691699958
git,actionability,151498,7182.0,0.04740656642331912
regex,actionability,260714,8844.0,0.03392222895586735
list,actionability,141437,6368.0,0.04502357940284367
matplotlib,actionability,71474,2358.0,0.0329910177127347
python-3.x,actionability,334600,12079.0,0.03609982068141064
if-statement,actionability,62016,2549.0,0.04110229618163055
apache-spark,actionability,79214,2244.0,0.028328325800994772
jquery,actionability,1019869,37011.0,0.03628995488636286
xml,actionability,211734,7771.0,0.03670171063693124
ruby-on-rails,actionability,332737,11199.0,0.03365721275361622
listview,actionability,51694,2108.0,0.0407784268967385
jenkins,actionability,48531,1364.0,0.02810574684222456
assembly,actionability,45018,2444.0,0.05428939535296992
maven,actionability,87085,2793.0,0.03207211345237412
function,actionability,110867,4879.0,0.04400768488368947
android-layout,actionability,57721,1769.0,0.030647424680792085
shell,actionability,92444,3824.0,0.04136558348838216
sockets,actionability,64863,3007.0,0.04635924949508965
android-fragments,actionability,44296,1814.0,0.040951778941665164
debugging,actionability,51219,1918.0,0.03744704113707804
postgresql,actionability,176386,5368.0,0.030433254339913597
dart,actionability,91883,2443.0,0.026588161030876224
reactjs,actionability,458000,12958.0,0.028292576419213972
laravel-5,actionability,42963,1251.0,0.029118078346484184
hibernate,actionability,92840,2749.0,0.029610081861266697
entity-framework,actionability,90491,3739.0,0.0413190262015007
github,actionability,56654,2322.0,0.040985632082465494
facebook,actionability,81844,2207.0,0.026965935193783295
winapi,actionability,43437,2157.0,0.04965812556115754
curl,actionability,42847,1470.0,0.034308119588302564
gradle,actionability,50355,1324.0,0.02629331744613246
css,actionability,797816,22426.0,0.02810923822034153
c#,actionability,1604093,70159.0,0.04373748903586014
windows,actionability,164410,6357.0,0.03866553129371693
web-services,actionability,57671,1863.0,0.03230393091848589
datetime,actionability,71120,3130.0,0.04401012373453318
visual-studio-code,actionability,58200,1759.0,0.0302233676975945
c,actionability,406138,21044.0,0.05181490035406684
class,actionability,79472,3959.0,0.04981628749748339
uitableview,actionability,63523,3146.0,0.04952536876406971
templates,actionability,55206,1906.0,0.034525232764554575
linq,actionability,86457,3654.0,0.04226378430896284
c++11,actionability,56509,2334.0,0.04130315524960626
string,actionability,184554,8722.0,0.047259880576958506
date,actionability,76714,3217.0,0.04193497927366582
math,actionability,44274,2423.0,0.05472737950038397
macos,actionability,114789,4171.0,0.03633623430816542
express,actionability,92250,3200.0,0.034688346883468835
ubuntu,actionability,58929,1851.0,0.03141068064959528
testing,actionability,48773,1576.0,0.03231296003936604
angularjs,actionability,256144,7854.0,0.030662439877568868
variables,actionability,53667,2562.0,0.04773883392028621
asp.net-mvc,actionability,198120,7970.0,0.04022814455885322
loops,actionability,96190,4493.0,0.04670963717642167
ssl,actionability,49006,1470.0,0.02999632698036975
oop,actionability,61995,2905.0,0.04685861763045407
file,actionability,80566,4105.0,0.05095201449743068
google-chrome,actionability,69216,1856.0,0.026814609338881183
forms,actionability,111770,4726.0,0.04228326026661895
authentication,actionability,72662,2686.0,0.03696567669483361
matlab,actionability,93389,3561.0,0.03813082911263639
tkinter,actionability,52320,2370.0,0.04529816513761468
.htaccess,actionability,71696,1844.0,0.025719705422896675
amazon-web-services,actionability,153870,4608.0,0.02994735815948528
twitter-bootstrap,actionability,101416,2621.0,0.02584404827640609
kotlin,actionability,94416,2409.0,0.025514743263853584
ionic-framework,actionability,46391,1018.0,0.021943911534564892
winforms,actionability,98506,4868.0,0.04941830954459627
session,actionability,43162,1917.0,0.04441406793012372
android,actionability,1369762,44714.0,0.03264362714106538
wcf,actionability,49255,1605.0,0.03258552431225256
xcode,actionability,154984,6227.0,0.040178340990037684
eclipse,actionability,122104,4331.0,0.03546976348031187
intellij-idea,actionability,43094,1277.0,0.02963289553070033
security,actionability,54938,2280.0,0.041501328770614146
database,actionability,191655,8010.0,0.041793848321202164
exception,actionability,53044,2098.0,0.039552069979639545
web-scraping,actionability,50647,1975.0,0.03899539953008076
algorithm,actionability,120652,6996.0,0.05798494844677254
hadoop,actionability,42753,982.0,0.02296914836385751
join,actionability,43617,1579.0,0.036201481073893205
rust,actionability,43243,1989.0,0.04599588372684597
docker,actionability,134308,4159.0,0.030966137534621914
vue.js,actionability,105079,2804.0,0.026684684856155844
react-native,actionability,128353,2928.0,0.022812088537081332
google-apps-script,actionability,55235,2265.0,0.041006608128903776
ruby,actionability,226811,8033.0,0.03541715348902831
wordpress,actionability,185036,5070.0,0.027400073499210965
codeigniter,actionability,68606,1985.0,0.028933329446404105
mongodb,actionability,171110,4994.0,0.02918590380457016
csv,actionability,89599,4253.0,0.04746704762329937
sql-server-2008,actionability,53388,2137.0,0.040027721585374994
azure,actionability,142509,4022.0,0.028222778912209052
unit-testing,actionability,83378,3274.0,0.039266952913238506
network-programming,actionability,46290,1733.0,0.037437891553251244
typescript,actionability,227271,6437.0,0.02832301525491594
android-studio,actionability,86762,2531.0,0.02917175722090316
asp.net-core,actionability,83970,3099.0,0.036906037870668096
delphi,actionability,52166,2214.0,0.04244143695127094
oracle-database,actionability,151528,4938.0,0.032588036534501874
jsp,actionability,50776,1899.0,0.03739955884669923
pdf,actionability,49715,1696.0,0.03411445237855778
validation,actionability,66475,2229.0,0.03353140278300113
visual-studio,actionability,113480,4125.0,0.03635001762425097
google-sheets,actionability,56009,2036.0,0.03635130068381867
ggplot2,actionability,57192,1533.0,0.02680444817456987
google-cloud-platform,actionability,49327,1353.0,0.027429196991505665
java,actionability,1886094,79279.0,0.042033429935093375
c++,actionability,808185,37734.0,0.046689804933276416
swing,actionability,81100,4281.0,0.05278668310727497
excel,actionability,287052,11535.0,0.04018435684126918
rest,actionability,89379,3041.0,0.03402365208829815
parsing,actionability,57006,2716.0,0.04764410763779251
batch-file,actionability,50174,2240.0,0.044644636664407863
svg,actionability,43400,1182.0,0.027235023041474654
mongoose,actionability,45398,1334.0,0.029384554385655754
recursion,actionability,47171,2073.0,0.04394649254838778
dataframe,actionability,147743,4705.0,0.0318458404120669
pandas,actionability,286913,9110.0,0.03175178538441967
.net-core,actionability,44769,1425.0,0.03183006097969577
php,actionability,1446461,56659.0,0.0391707761218588
multithreading,actionability,139336,6525.0,0.04682924728713326
.net,actionability,335866,12912.0,0.038443903223309296
sql,actionability,671995,26194.0,0.0389794566923861
dictionary,actionability,85756,3948.0,0.046037595037081956
google-app-engine,actionability,46097,1449.0,0.031433715860034274
npm,actionability,47505,1160.0,0.024418482265024733
xamarin,actionability,49891,1585.0,0.031769256980216876
sqlite,actionability,93785,3636.0,0.038769526043610385
javascript,actionability,2482383,92083.0,0.03709459821469934
json,actionability,356382,15446.0,0.043341133951770854
objective-c,actionability,287467,12152.0,0.04227267825524321
visual-studio-2010,actionability,45667,1730.0,0.037882935161057216
spring,actionability,206640,6369.0,0.03082171893147503
http,actionability,66409,2271.0,0.03419717207005075
powershell,actionability,118179,4073.0,0.03446466800362163
perl,actionability,68033,3226.0,0.04741816471418282
selenium,actionability,98094,2949.0,0.030063000795155666
unity-game-engine,actionability,74887,2958.0,0.03949951259898247
ms-access,actionability,57696,2603.0,0.04511577925679423
email,actionability,57965,2031.0,0.03503838523246787
spring-boot,actionability,145552,3942.0,0.02708310432010553
vb.net,actionability,138844,6358.0,0.04579240010371352
object,actionability,64700,2990.0,0.04621329211746522
wpf,actionability,167667,6904.0,0.04117685650724352
django,actionability,305163,9881.0,0.03237941690178692
sorting,actionability,76849,3738.0,0.048640841130008196
node.js,actionability,455448,15734.0,0.034546205055242314
animation,actionability,43240,1313.0,0.03036540240518039
google-maps,actionability,64524,1869.0,0.02896596615212944
qt,actionability,84762,2844.0,0.033552771289021024
go,actionability,72768,2081.0,0.02859773526824978
machine-learning,actionability,53521,1771.0,0.03308981521272024
flask,actionability,53429,1778.0,0.03327780793202194
laravel,actionability,209277,5987.0,0.028608017125627758
firebase,actionability,138939,5116.0,0.03682191465319313
kubernetes,actionability,56513,1497.0,0.026489480296568932
tensorflow,actionability,77841,1935.0,0.024858365128916638
generics,actionability,49954,1959.0,0.03921607879248909
arrays,actionability,416289,20816.0,0.05000372337486698
cordova,actionability,58229,1213.0,0.020831544419447356
performance,actionability,101158,3741.0,0.03698175131971767
spring-mvc,actionability,57214,1757.0,0.030709266962631522
vba,actionability,215276,9564.0,0.044426689459112954
xaml,actionability,62218,2283.0,0.03669356134880581
opencv,actionability,70906,2435.0,0.03434124051561222
t-sql,actionability,73548,2925.0,0.039769946157611355
python-2.7,actionability,93082,3591.0,0.03857888743258632
html,actionability,1173394,41068.0,0.03499932673935609
image,actionability,111381,4395.0,0.03945915371562475
ios,actionability,668615,25580.0,0.03825819043844365
sql-server,actionability,334898,13366.0,0.03991065936494097
django-models,actionability,43025,1539.0,0.0357699012202208
pointers,actionability,56934,2875.0,0.05049706677907753
unix,actionability,47361,1936.0,0.04087751525516775
amazon-s3,actionability,49123,1528.0,0.031105592085173953
for-loop,actionability,71772,2994.0,0.041715432201972914
swift,actionability,328224,14087.0,0.042918860290533295
flutter,actionability,171345,4078.0,0.023799935802036827
iphone,actionability,216848,8047.0,0.03710894266951966
asp.net,actionability,367941,13708.0,0.03725597310438358
ruby-on-rails-3,actionability,55091,1884.0,0.03419796336969741
haskell,actionability,51466,2146.0,0.041697431313877126
selenium-webdriver,actionability,56146,1556.0,0.02771346133295337
ajax,actionability,217654,9421.0,0.043284295257610704
asynchronous,actionability,51096,2441.0,0.04777281979019884
apache,actionability,89283,2462.0,0.027575238287243932
user-interface,actionability,56522,2329.0,0.04120519443756413
bash,actionability,156221,6780.0,0.04340005505021732
scala,actionability,110746,3199.0,0.02888591913026204
symfony,actionability,72646,1799.0,0.02476392368471767
numpy,actionability,114090,3750.0,0.03286878779910597
nginx,actionability,52050,1186.0,0.022785782901056675
elasticsearch,actionability,55931,1282.0,0.02292109921152849
angular,actionability,298217,8494.0,0.028482615008534055
php,scope_ambiguity,1446461,2261.0,0.0015631254489405521
sql,scope_ambiguity,671995,2204.0,0.003279786307933839
multithreading,scope_ambiguity,139336,436.0,0.0031291267152781764
.net,scope_ambiguity,335866,936.0,0.0027868256983439826
xamarin,scope_ambiguity,49891,48.0,0.000962097372271552
dictionary,scope_ambiguity,85756,174.0,0.002029012547227016
google-app-engine,scope_ambiguity,46097,49.0,0.001062975898648502
npm,scope_ambiguity,47505,40.0,0.0008420166298284391
c#,scope_ambiguity,1604093,3922.0,0.002444995396152218
css,scope_ambiguity,797816,1052.0,0.001318599777392281
web-services,scope_ambiguity,57671,101.0,0.0017513134851138354
visual-studio-code,scope_ambiguity,58200,73.0,0.001254295532646048
windows,scope_ambiguity,164410,353.0,0.002147071346025181
datetime,scope_ambiguity,71120,186.0,0.0026152980877390325
arrays,scope_ambiguity,416289,870.0,0.0020898942801755513
vba,scope_ambiguity,215276,369.0,0.0017140786711012839
t-sql,scope_ambiguity,73548,295.0,0.004010986022733453
generics,scope_ambiguity,49954,164.0,0.0032830203787484486
python-2.7,scope_ambiguity,93082,161.0,0.0017296577211490943
cordova,scope_ambiguity,58229,57.0,0.0009788936784076662
opencv,scope_ambiguity,70906,104.0,0.0014667306010774828
xaml,scope_ambiguity,62218,87.0,0.0013983091709794592
spring-mvc,scope_ambiguity,57214,62.0,0.001083650854685916
performance,scope_ambiguity,101158,473.0,0.0046758536151367165
vue.js,scope_ambiguity,105079,92.0,0.0008755317427840006
android,scope_ambiguity,1369762,1620.0,0.0011826872113549654
eclipse,scope_ambiguity,122104,147.0,0.0012038917643975627
react-native,scope_ambiguity,128353,121.0,0.0009427126752004238
security,scope_ambiguity,54938,162.0,0.002948778623175216
web-scraping,scope_ambiguity,50647,33.0,0.0006515687010089443
algorithm,scope_ambiguity,120652,793.0,0.006572622086662467
docker,scope_ambiguity,134308,132.0,0.0009828156178336362
xcode,scope_ambiguity,154984,202.0,0.001303360346874516
session,scope_ambiguity,43162,82.0,0.0018998192854826005
database,scope_ambiguity,191655,499.0,0.002603636743106102
hadoop,scope_ambiguity,42753,42.0,0.0009823872008981826
join,scope_ambiguity,43617,103.0,0.0023614645665680813
winforms,scope_ambiguity,98506,241.0,0.0024465514790977198
wcf,scope_ambiguity,49255,71.0,0.001441478022535783
intellij-idea,scope_ambiguity,43094,36.0,0.0008353831159790226
rust,scope_ambiguity,43243,78.0,0.001803760146150822
exception,scope_ambiguity,53044,182.0,0.003431113792323354
facebook,scope_ambiguity,81844,89.0,0.0010874346317384291
curl,scope_ambiguity,42847,46.0,0.0010735874156883795
github,scope_ambiguity,56654,103.0,0.001818053447241148
entity-framework,scope_ambiguity,90491,184.0,0.002033351383010465
hibernate,scope_ambiguity,92840,96.0,0.001034037052994399
gradle,scope_ambiguity,50355,70.0,0.0013901300764571542
winapi,scope_ambiguity,43437,108.0,0.0024863595552179017
jquery,scope_ambiguity,1019869,1247.0,0.0012227060534245084
android-layout,scope_ambiguity,57721,70.0,0.0012127302021794494
ruby-on-rails,scope_ambiguity,332737,367.0,0.00110297321908895
listview,scope_ambiguity,51694,45.0,0.0008705072155375865
reactjs,scope_ambiguity,458000,406.0,0.0008864628820960699
postgresql,scope_ambiguity,176386,268.0,0.0015193949633190843
jenkins,scope_ambiguity,48531,43.0,0.0008860316086625044
shell,scope_ambiguity,92444,164.0,0.0017740469906105318
laravel-5,scope_ambiguity,42963,51.0,0.0011870679421828085
debugging,scope_ambiguity,51219,103.0,0.0020109724906772876
function,scope_ambiguity,110867,221.0,0.0019933794546618923
xml,scope_ambiguity,211734,284.0,0.0013413056004231724
maven,scope_ambiguity,87085,128.0,0.001469828328644428
sockets,scope_ambiguity,64863,134.0,0.002065892727749256
android-fragments,scope_ambiguity,44296,53.0,0.001196496297634098
assembly,scope_ambiguity,45018,182.0,0.004042827313519037
dart,scope_ambiguity,91883,135.0,0.0014692598195531273
pdf,scope_ambiguity,49715,70.0,0.0014080257467565121
oracle-database,scope_ambiguity,151528,380.0,0.002507787339633599
visual-studio,scope_ambiguity,113480,197.0,0.0017359887204793797
validation,scope_ambiguity,66475,150.0,0.0022564874012786762
google-cloud-platform,scope_ambiguity,49327,56.0,0.0011352808806535974
delphi,scope_ambiguity,52166,120.0,0.0023003488862477477
google-sheets,scope_ambiguity,56009,75.0,0.0013390705065257369
jsp,scope_ambiguity,50776,54.0,0.0010634945643611155
ggplot2,scope_ambiguity,57192,30.0,0.0005245488879563575
pandas,scope_ambiguity,286913,270.0,0.0009410518171013512
excel,scope_ambiguity,287052,485.0,0.0016895893426974904
java,scope_ambiguity,1886094,3676.0,0.001949001481368373
rest,scope_ambiguity,89379,148.0,0.0016558699470792916
c++,scope_ambiguity,808185,2393.0,0.002960955721771624
dataframe,scope_ambiguity,147743,145.0,0.0009814339765674177
swing,scope_ambiguity,81100,120.0,0.0014796547472256474
svg,scope_ambiguity,43400,48.0,0.0011059907834101382
.net-core,scope_ambiguity,44769,73.0,0.0016305925975563448
batch-file,scope_ambiguity,50174,92.0,0.0018336190058596085
parsing,scope_ambiguity,57006,135.0,0.002368171771392485
recursion,scope_ambiguity,47171,167.0,0.003540310784168239
mongoose,scope_ambiguity,45398,35.0,0.0007709590730869201
c,scope_ambiguity,406138,1321.0,0.0032525890214656103
linq,scope_ambiguity,86457,194.0,0.0022438900262558266
angularjs,scope_ambiguity,256144,246.0,0.0009603972765319508
macos,scope_ambiguity,114789,159.0,0.0013851501450487416
express,scope_ambiguity,92250,80.0,0.0008672086720867209
string,scope_ambiguity,184554,565.0,0.0030614345936690614
c++11,scope_ambiguity,56509,229.0,0.00405245182183369
ubuntu,scope_ambiguity,58929,64.0,0.0010860527074954605
uitableview,scope_ambiguity,63523,93.0,0.0014640366481431923
class,scope_ambiguity,79472,152.0,0.0019126233138715522
math,scope_ambiguity,44274,226.0,0.005104576049148484
templates,scope_ambiguity,55206,128.0,0.002318588559214578
testing,scope_ambiguity,48773,84.0,0.0017222643675804236
date,scope_ambiguity,76714,174.0,0.0022681648721224286
node.js,scope_ambiguity,455448,494.0,0.001084646326254589
laravel,scope_ambiguity,209277,257.0,0.0012280374814241412
google-maps,scope_ambiguity,64524,68.0,0.0010538714276858224
machine-learning,scope_ambiguity,53521,103.0,0.0019244782421853105
firebase,scope_ambiguity,138939,189.0,0.0013603092004404811
object,scope_ambiguity,64700,126.0,0.0019474497681607418
qt,scope_ambiguity,84762,95.0,0.0011207852575446545
wpf,scope_ambiguity,167667,240.0,0.0014314086850721966
sorting,scope_ambiguity,76849,180.0,0.0023422555921352264
animation,scope_ambiguity,43240,50.0,0.001156336725254394
django,scope_ambiguity,305163,305.0,0.00099946585922933
go,scope_ambiguity,72768,102.0,0.0014017150395778364
flask,scope_ambiguity,53429,39.0,0.0007299406689251156
vb.net,scope_ambiguity,138844,280.0,0.002016651781855896
tensorflow,scope_ambiguity,77841,78.0,0.0010020426253516785
kubernetes,scope_ambiguity,56513,62.0,0.0010970927043335162
amazon-web-services,scope_ambiguity,153870,199.0,0.0012932995385715215
loops,scope_ambiguity,96190,214.0,0.002224763488928163
google-chrome,scope_ambiguity,69216,108.0,0.0015603328710124826
kotlin,scope_ambiguity,94416,122.0,0.0012921538722250466
asp.net-mvc,scope_ambiguity,198120,311.0,0.0015697557036139713
authentication,scope_ambiguity,72662,106.0,0.0014588092813299937
matlab,scope_ambiguity,93389,154.0,0.0016490164794568953
ionic-framework,scope_ambiguity,46391,53.0,0.00114246297773275
file,scope_ambiguity,80566,158.0,0.0019611250403395973
.htaccess,scope_ambiguity,71696,99.0,0.0013808301718366436
tkinter,scope_ambiguity,52320,52.0,0.0009938837920489296
twitter-bootstrap,scope_ambiguity,101416,95.0,0.0009367358207777865
variables,scope_ambiguity,53667,108.0,0.002012409860808318
ssl,scope_ambiguity,49006,67.0,0.0013671795290372607
forms,scope_ambiguity,111770,145.0,0.0012973069696698577
oop,scope_ambiguity,61995,194.0,0.0031292846197273974
python,scope_ambiguity,2170613,3291.0,0.0015161615635767409
mysql,scope_ambiguity,653746,1162.0,0.0017774487339119475
regex,scope_ambiguity,260714,904.0,0.0034674010601655455
python-3.x,scope_ambiguity,334600,453.0,0.0013538553496712491
git,scope_ambiguity,151498,295.0,0.00194722042535215
r,scope_ambiguity,503030,543.0,0.001079458481601495
linux,scope_ambiguity,223782,408.0,0.001823202938574148
list,scope_ambiguity,141437,310.0,0.002191788570176121
jpa,scope_ambiguity,51084,62.0,0.001213687260198888
apache-spark,scope_ambiguity,79214,86.0,0.0010856666750826873
if-statement,scope_ambiguity,62016,196.0,0.0031604747162022706
matplotlib,scope_ambiguity,71474,60.0,0.0008394660995606794
html,scope_ambiguity,1173394,1561.0,0.0013303289432194131
swift,scope_ambiguity,328224,558.0,0.0017000584966364435
image,scope_ambiguity,111381,158.0,0.0014185543315287168
sql-server,scope_ambiguity,334898,1195.0,0.003568250631535572
ios,scope_ambiguity,668615,990.0,0.0014806727339350748
amazon-s3,scope_ambiguity,49123,61.0,0.001241780835861002
unix,scope_ambiguity,47361,103.0,0.0021747851607863008
django-models,scope_ambiguity,43025,46.0,0.0010691458454386985
for-loop,scope_ambiguity,71772,119.0,0.001658028200412417
flutter,scope_ambiguity,171345,198.0,0.0011555633371268493
pointers,scope_ambiguity,56934,164.0,0.0028805283310499876
wordpress,scope_ambiguity,185036,219.0,0.0011835534706759767
android-studio,scope_ambiguity,86762,93.0,0.0010718978354579195
ruby,scope_ambiguity,226811,334.0,0.0014725917173329336
typescript,scope_ambiguity,227271,245.0,0.0010780081928622657
unit-testing,scope_ambiguity,83378,151.0,0.0018110292883014704
mongodb,scope_ambiguity,171110,178.0,0.001040266495236982
google-apps-script,scope_ambiguity,55235,62.0,0.0011224766905042092
network-programming,scope_ambiguity,46290,92.0,0.0019874702959602505
codeigniter,scope_ambiguity,68606,91.0,0.0013264145993061832
csv,scope_ambiguity,89599,115.0,0.0012834964675945044
asp.net-core,scope_ambiguity,83970,151.0,0.0017982612837918303
azure,scope_ambiguity,142509,202.0,0.0014174543362173617
sql-server-2008,scope_ambiguity,53388,180.0,0.0033715441672285905
javascript,scope_ambiguity,2482383,3735.0,0.0015046026338401447
json,scope_ambiguity,356382,418.0,0.0011728987434831163
unity-game-engine,scope_ambiguity,74887,121.0,0.0016157677567535085
selenium,scope_ambiguity,98094,125.0,0.0012742879279058863
powershell,scope_ambiguity,118179,152.0,0.001286184516707706
spring,scope_ambiguity,206640,250.0,0.0012098335269066977
spring-boot,scope_ambiguity,145552,144.0,0.000989337144113444
ms-access,scope_ambiguity,57696,132.0,0.0022878535773710484
email,scope_ambiguity,57965,72.0,0.0012421288708703527
http,scope_ambiguity,66409,143.0,0.0021533225918173742
sqlite,scope_ambiguity,93785,109.0,0.0011622327664338647
perl,scope_ambiguity,68033,145.0,0.0021313186247850307
objective-c,scope_ambiguity,287467,483.0,0.001680192856919229
visual-studio-2010,scope_ambiguity,45667,70.0,0.0015328355267479798
ajax,scope_ambiguity,217654,212.0,0.0009740229906181371
angular,scope_ambiguity,298217,316.0,0.0010596310740165718
selenium-webdriver,scope_ambiguity,56146,69.0,0.0012289388380294234
elasticsearch,scope_ambiguity,55931,67.0,0.001197904560976918
bash,scope_ambiguity,156221,292.0,0.0018691469136671766
symfony,scope_ambiguity,72646,71.0,0.0009773421798860227
scala,scope_ambiguity,110746,219.0,0.0019774980586206273
nginx,scope_ambiguity,52050,48.0,0.0009221902017291067
asp.net,scope_ambiguity,367941,659.0,0.0017910480212860215
iphone,scope_ambiguity,216848,322.0,0.0014849110897956171
numpy,scope_ambiguity,114090,203.0,0.001779297046191603
user-interface,scope_ambiguity,56522,105.0,0.0018576837337673825
haskell,scope_ambiguity,51466,107.0,0.002079042474643454
asynchronous,scope_ambiguity,51096,114.0,0.0022310944105213715
apache,scope_ambiguity,89283,121.0,0.0013552411993324597
ruby-on-rails-3,scope_ambiguity,55091,46.0,0.0008349821204915504
wordpress,quantifier_distribution,185036,132.0,0.0007133746946540133
android-studio,quantifier_distribution,86762,33.0,0.00038035084483990686
ruby,quantifier_distribution,226811,180.0,0.0007936123027542756
typescript,quantifier_distribution,227271,110.0,0.00048400367842795606
unit-testing,quantifier_distribution,83378,72.0,0.0008635371440907674
mongodb,quantifier_distribution,171110,159.0,0.0009292268131611244
google-apps-script,quantifier_distribution,55235,63.0,0.0011405811532542772
network-programming,quantifier_distribution,46290,50.0,0.001080146899978397
codeigniter,quantifier_distribution,68606,45.0,0.0006559193073492114
csv,quantifier_distribution,89599,123.0,0.0013727831783836874
asp.net-core,quantifier_distribution,83970,66.0,0.0007859949982136477
azure,quantifier_distribution,142509,115.0,0.000806966577549488
sql-server-2008,quantifier_distribution,53388,99.0,0.0018543492919757248
facebook,quantifier_distribution,81844,54.0,0.0006597917990323053
curl,quantifier_distribution,42847,18.0,0.00042009942353023546
github,quantifier_distribution,56654,41.0,0.0007236911780280298
entity-framework,quantifier_distribution,90491,98.0,0.0010829806279077478
hibernate,quantifier_distribution,92840,53.0,0.0005708746230073244
gradle,quantifier_distribution,50355,21.0,0.0004170390229371463
winapi,quantifier_distribution,43437,48.0,0.0011050486912079563
pandas,quantifier_distribution,286913,297.0,0.0010351569988114864
excel,quantifier_distribution,287052,462.0,0.001609464487270599
java,quantifier_distribution,1886094,1871.0,0.0009919972175299852
rest,quantifier_distribution,89379,85.0,0.0009510063885252688
c++,quantifier_distribution,808185,1141.0,0.0014118054653328136
dataframe,quantifier_distribution,147743,158.0,0.0010694246089493242
swing,quantifier_distribution,81100,74.0,0.0009124537607891492
svg,quantifier_distribution,43400,23.0,0.0005299539170506912
.net-core,quantifier_distribution,44769,32.0,0.0007147803167370278
batch-file,quantifier_distribution,50174,49.0,0.000976601427033922
parsing,quantifier_distribution,57006,61.0,0.0010700628004069747
recursion,quantifier_distribution,47171,91.0,0.0019291513853850883
mongoose,quantifier_distribution,45398,33.0,0.0007269042689105247
vue.js,quantifier_distribution,105079,65.0,0.0006185822095756526
android,quantifier_distribution,1369762,654.0,0.00047745520754700454
eclipse,quantifier_distribution,122104,84.0,0.0006879381510843215
react-native,quantifier_distribution,128353,38.0,0.0002960585260960009
security,quantifier_distribution,54938,76.0,0.0013833776256871383
web-scraping,quantifier_distribution,50647,26.0,0.0005133571583706833
algorithm,quantifier_distribution,120652,578.0,0.004790637536054106
docker,quantifier_distribution,134308,90.0,0.0006701015576138428
xcode,quantifier_distribution,154984,81.0,0.0005226345945387911
session,quantifier_distribution,43162,43.0,0.0009962466984847784
database,quantifier_distribution,191655,342.0,0.0017844564451749236
hadoop,quantifier_distribution,42753,61.0,0.0014268004584473604
join,quantifier_distribution,43617,86.0,0.001971708278882087
winforms,quantifier_distribution,98506,98.0,0.0009948632570604837
wcf,quantifier_distribution,49255,32.0,0.0006496802355090854
intellij-idea,quantifier_distribution,43094,24.0,0.0005569220773193484
rust,quantifier_distribution,43243,37.0,0.0008556298129176977
exception,quantifier_distribution,53044,58.0,0.0010934318678832667
c,quantifier_distribution,406138,585.0,0.0014403971064022574
linq,quantifier_distribution,86457,128.0,0.0014805047595914732
angularjs,quantifier_distribution,256144,134.0,0.0005231432319320382
macos,quantifier_distribution,114789,69.0,0.0006011028931343596
express,quantifier_distribution,92250,49.0,0.0005311653116531165
string,quantifier_distribution,184554,215.0,0.0011649706860864572
c++11,quantifier_distribution,56509,81.0,0.0014333999893822223
ubuntu,quantifier_distribution,58929,46.0,0.0007806003835123624
uitableview,quantifier_distribution,63523,57.0,0.0008973127843458275
class,quantifier_distribution,79472,131.0,0.0016483793034024563
math,quantifier_distribution,44274,102.0,0.002303835208022767
templates,quantifier_distribution,55206,45.0,0.0008151287903488751
testing,quantifier_distribution,48773,33.0,0.0006766038586923092
date,quantifier_distribution,76714,65.0,0.0008473029694710222
php,quantifier_distribution,1446461,1297.0,0.0008966712548765573
sql,quantifier_distribution,671995,1281.0,0.00190626418351327
multithreading,quantifier_distribution,139336,322.0,0.002310960555778837
.net,quantifier_distribution,335866,409.0,0.0012177475540840691
xamarin,quantifier_distribution,49891,26.0,0.0005211360766470906
dictionary,quantifier_distribution,85756,130.0,0.0015159289145948971
google-app-engine,quantifier_distribution,46097,53.0,0.0011497494413953186
npm,quantifier_distribution,47505,22.0,0.00046310914640564153
html,quantifier_distribution,1173394,909.0,0.0007746758548279606
swift,quantifier_distribution,328224,199.0,0.0006062932631373696
image,quantifier_distribution,111381,84.0,0.0007541681256228621
sql-server,quantifier_distribution,334898,639.0,0.001908043643139105
ios,quantifier_distribution,668615,439.0,0.0006565811416136342
amazon-s3,quantifier_distribution,49123,42.0,0.0008549966410846243
unix,quantifier_distribution,47361,72.0,0.0015202381706467347
django-models,quantifier_distribution,43025,32.0,0.0007437536316095293
for-loop,quantifier_distribution,71772,98.0,0.0013654349885749318
flutter,quantifier_distribution,171345,64.0,0.0003735154221016079
pointers,quantifier_distribution,56934,69.0,0.0012119296026978606
c#,quantifier_distribution,1604093,1726.0,0.0010759974639874372
css,quantifier_distribution,797816,654.0,0.0008197378844244788
web-services,quantifier_distribution,57671,34.0,0.0005895510741967367
visual-studio-code,quantifier_distribution,58200,13.0,0.00022336769759450173
windows,quantifier_distribution,164410,147.0,0.0008941061979198346
datetime,quantifier_distribution,71120,74.0,0.0010404949381327335
pdf,quantifier_distribution,49715,30.0,0.0006034396057527909
oracle-database,quantifier_distribution,151528,207.0,0.0013660841560635658
visual-studio,quantifier_distribution,113480,74.0,0.0006520972858653507
validation,quantifier_distribution,66475,51.0,0.0007672057164347499
google-cloud-platform,quantifier_distribution,49327,47.0,0.0009528250248342692
delphi,quantifier_distribution,52166,66.0,0.0012651918874362611
google-sheets,quantifier_distribution,56009,59.0,0.0010534021318002464
jsp,quantifier_distribution,50776,18.0,0.00035449818812037184
ggplot2,quantifier_distribution,57192,74.0,0.0012938872569590153
arrays,quantifier_distribution,416289,548.0,0.0013163931787772438
vba,quantifier_distribution,215276,332.0,0.0015422062840260875
t-sql,quantifier_distribution,73548,165.0,0.002243432860172948
generics,quantifier_distribution,49954,56.0,0.0011210313488409336
python-2.7,quantifier_distribution,93082,70.0,0.0007520250961517801
cordova,quantifier_distribution,58229,8.0,0.00013738858644318124
opencv,quantifier_distribution,70906,62.0,0.0008743970891038841
xaml,quantifier_distribution,62218,45.0,0.0007232633642997203
spring-mvc,quantifier_distribution,57214,28.0,0.000489390708567833
performance,quantifier_distribution,101158,312.0,0.0030842839913798217
javascript,quantifier_distribution,2482383,1988.0,0.0008008433831523983
json,quantifier_distribution,356382,227.0,0.000636956973135568
unity-game-engine,quantifier_distribution,74887,56.0,0.000747793341968566
selenium,quantifier_distribution,98094,37.0,0.0003771892266601423
powershell,quantifier_distribution,118179,84.0,0.0007107861802858376
spring,quantifier_distribution,206640,131.0,0.0006339527680991096
spring-boot,quantifier_distribution,145552,70.0,0.00048092777838847973
ms-access,quantifier_distribution,57696,99.0,0.0017158901830282862
email,quantifier_distribution,57965,42.0,0.0007245751746743725
http,quantifier_distribution,66409,49.0,0.0007378517971961631
sqlite,quantifier_distribution,93785,90.0,0.0009596417337527323
perl,quantifier_distribution,68033,90.0,0.001322887422280364
objective-c,quantifier_distribution,287467,222.0,0.0007722625553541798
visual-studio-2010,quantifier_distribution,45667,28.0,0.000613134210699192
amazon-web-services,quantifier_distribution,153870,125.0,0.0008123740820172873
loops,quantifier_distribution,96190,145.0,0.0015074332051148768
google-chrome,quantifier_distribution,69216,47.0,0.0006790337494220989
kotlin,quantifier_distribution,94416,41.0,0.00043424843246907307
asp.net-mvc,quantifier_distribution,198120,160.0,0.0008075913587724611
authentication,quantifier_distribution,72662,43.0,0.0005917811235583937
matlab,quantifier_distribution,93389,96.0,0.0010279583248562465
ionic-framework,quantifier_distribution,46391,13.0,0.00028022676812312734
file,quantifier_distribution,80566,104.0,0.0012908671151602414
.htaccess,quantifier_distribution,71696,46.0,0.0006415978576210668
tkinter,quantifier_distribution,52320,39.0,0.0007454128440366973
twitter-bootstrap,quantifier_distribution,101416,68.0,0.0006705056401356788
variables,quantifier_distribution,53667,45.0,0.0008385041086701325
ssl,quantifier_distribution,49006,30.0,0.0006121699383748928
forms,quantifier_distribution,111770,82.0,0.0007336494587098505
oop,quantifier_distribution,61995,135.0,0.0021775949673360755
node.js,quantifier_distribution,455448,280.0,0.0006147792942333702
laravel,quantifier_distribution,209277,144.0,0.000688083258074227
google-maps,quantifier_distribution,64524,24.0,0.0003719546215361726
machine-learning,quantifier_distribution,53521,73.0,0.0013639505988303656
firebase,quantifier_distribution,138939,91.0,0.0006549636891009724
object,quantifier_distribution,64700,90.0,0.0013910355486862441
qt,quantifier_distribution,84762,62.0,0.0007314598522923008
wpf,quantifier_distribution,167667,141.0,0.0008409526024799155
sorting,quantifier_distribution,76849,146.0,0.0018998295358430169
animation,quantifier_distribution,43240,30.0,0.0006938020351526364
django,quantifier_distribution,305163,189.0,0.000619341138997847
go,quantifier_distribution,72768,50.0,0.0006871152154793316
flask,quantifier_distribution,53429,22.0,0.0004117614029833985
vb.net,quantifier_distribution,138844,134.0,0.000965111924173893
tensorflow,quantifier_distribution,77841,62.0,0.0007964954201513341
kubernetes,quantifier_distribution,56513,35.0,0.0006193265266398882
python,quantifier_distribution,2170613,2065.0,0.0009513441594609449
mysql,quantifier_distribution,653746,989.0,0.0015128199637167953
regex,quantifier_distribution,260714,343.0,0.0013156178801291838
python-3.x,quantifier_distribution,334600,283.0,0.0008457860131500298
git,quantifier_distribution,151498,178.0,0.0011749330024158735
r,quantifier_distribution,503030,579.0,0.0011510247897739698
linux,quantifier_distribution,223782,232.0,0.0010367232395813782
list,quantifier_distribution,141437,214.0,0.0015130411419925478
jpa,quantifier_distribution,51084,25.0,0.0004893900242737452
apache-spark,quantifier_distribution,79214,96.0,0.0012119069861388138
if-statement,quantifier_distribution,62016,70.0,0.0011287409700722394
matplotlib,quantifier_distribution,71474,57.0,0.0007974927945826455
ajax,quantifier_distribution,217654,155.0,0.0007121394506877888
angular,quantifier_distribution,298217,145.0,0.0004862231194063383
selenium-webdriver,quantifier_distribution,56146,26.0,0.0004630784027357247
elasticsearch,quantifier_distribution,55931,46.0,0.0008224419373871377
bash,quantifier_distribution,156221,148.0,0.0009473758329545963
symfony,quantifier_distribution,72646,34.0,0.00046802301572006715
scala,quantifier_distribution,110746,85.0,0.0007675220775468189
nginx,quantifier_distribution,52050,29.0,0.0005571565802113353
asp.net,quantifier_distribution,367941,298.0,0.0008099124587909475
iphone,quantifier_distribution,216848,135.0,0.0006225558916844979
numpy,quantifier_distribution,114090,143.0,0.0012533964414059076
user-interface,quantifier_distribution,56522,43.0,0.0007607657195428329
haskell,quantifier_distribution,51466,88.0,0.001709866708117981
asynchronous,quantifier_distribution,51096,66.0,0.0012916862376702678
apache,quantifier_distribution,89283,61.0,0.0006832207699114053
ruby-on-rails-3,quantifier_distribution,55091,37.0,0.0006716160534388558
jquery,quantifier_distribution,1019869,836.0,0.0008197131200183553
android-layout,quantifier_distribution,57721,41.0,0.0007103134041336775
ruby-on-rails,quantifier_distribution,332737,255.0,0.0007663710377866002
listview,quantifier_distribution,51694,52.0,0.0010059194490656556
reactjs,quantifier_distribution,458000,242.0,0.0005283842794759825
postgresql,quantifier_distribution,176386,218.0,0.0012359257537446283
jenkins,quantifier_distribution,48531,23.0,0.00047392388370320004
shell,quantifier_distribution,92444,92.0,0.000995197092293713
laravel-5,quantifier_distribution,42963,28.0,0.0006517235761003654
debugging,quantifier_distribution,51219,41.0,0.0008004841953181437
function,quantifier_distribution,110867,114.0,0.0010282590852102068
xml,quantifier_distribution,211734,173.0,0.0008170629185676368
maven,quantifier_distribution,87085,54.0,0.000620083826146868
sockets,quantifier_distribution,64863,79.0,0.0012179516827775466
android-fragments,quantifier_distribution,44296,24.0,0.000541809644211667
assembly,quantifier_distribution,45018,84.0,0.0018659202985472478
dart,quantifier_distribution,91883,38.0,0.00041356943068902846
python,logical_structure,2170613,69.0,3.178825520716959e-05
mysql,logical_structure,653746,42.0,6.42451349606728e-05
jpa,logical_structure,51084,2.0,3.9151201941899616e-05
if-statement,logical_structure,62016,5.0,8.062435500515996e-05
linux,logical_structure,223782,18.0,8.043542376062418e-05
regex,logical_structure,260714,6.0,2.3013723850656276e-05
matplotlib,logical_structure,71474,2.0,2.7982203318689312e-05
list,logical_structure,141437,2.0,1.4140571420491103e-05
git,logical_structure,151498,19.0,0.00012541419688708762
apache-spark,logical_structure,79214,2.0,2.524806221122529e-05
r,logical_structure,503030,15.0,2.9819295071864502e-05
python-3.x,logical_structure,334600,16.0,4.781829049611476e-05
css,logical_structure,797816,124.0,0.00015542430836182778
c#,logical_structure,1604093,70.0,4.3638367600880994e-05
web-services,logical_structure,57671,3.0,5.201921242912382e-05
windows,logical_structure,164410,4.0,2.4329420351560123e-05
datetime,logical_structure,71120,2.0,2.81214848143982e-05
visual-studio-code,logical_structure,58200,3.0,5.154639175257732e-05
django,logical_structure,305163,10.0,3.276937243374852e-05
wpf,logical_structure,167667,10.0,5.964202854467486e-05
animation,logical_structure,43240,1.0,2.312673450508788e-05
sorting,logical_structure,76849,13.0,0.000169162903876433
qt,logical_structure,84762,0.0,0.0
vb.net,logical_structure,138844,2.0,1.440465558468497e-05
google-maps,logical_structure,64524,0.0,0.0
laravel,logical_structure,209277,8.0,3.822684767079039e-05
node.js,logical_structure,455448,19.0,4.1717166394407266e-05
object,logical_structure,64700,4.0,6.182380216383307e-05
firebase,logical_structure,138939,1.0,7.197403176933762e-06
go,logical_structure,72768,4.0,5.496921723834653e-05
machine-learning,logical_structure,53521,2.0,3.736850955699632e-05
flask,logical_structure,53429,2.0,3.7432854816672596e-05
kubernetes,logical_structure,56513,1.0,1.7695043618282518e-05
tensorflow,logical_structure,77841,3.0,3.854010097506455e-05
validation,logical_structure,66475,2.0,3.0086498683715683e-05
oracle-database,logical_structure,151528,9.0,5.9394963307111556e-05
jsp,logical_structure,50776,1.0,1.9694343784465103e-05
delphi,logical_structure,52166,7.0,0.00013418701836445193
visual-studio,logical_structure,113480,5.0,4.406062742333451e-05
pdf,logical_structure,49715,1.0,2.011465352509303e-05
ggplot2,logical_structure,57192,4.0,6.993985172751433e-05
google-cloud-platform,logical_structure,49327,2.0,4.054574573762848e-05
google-sheets,logical_structure,56009,4.0,7.141709368137263e-05
java,logical_structure,1886094,91.0,4.824786039296027e-05
c++,logical_structure,808185,36.0,4.454425657491787e-05
swing,logical_structure,81100,7.0,8.631319358816276e-05
excel,logical_structure,287052,13.0,4.528796176302551e-05
parsing,logical_structure,57006,2.0,3.5084026242851626e-05
recursion,logical_structure,47171,3.0,6.359839732038752e-05
svg,logical_structure,43400,5.0,0.0001152073732718894
rest,logical_structure,89379,3.0,3.356493135971537e-05
batch-file,logical_structure,50174,1.0,1.9930641368039225e-05
pandas,logical_structure,286913,13.0,4.530990230487988e-05
mongoose,logical_structure,45398,2.0,4.405480417639543e-05
dataframe,logical_structure,147743,5.0,3.384255091611785e-05
.net-core,logical_structure,44769,3.0,6.701065469409636e-05
intellij-idea,logical_structure,43094,2.0,4.64101731099457e-05
database,logical_structure,191655,9.0,4.6959380136182205e-05
android,logical_structure,1369762,23.0,1.679123818590383e-05
eclipse,logical_structure,122104,4.0,3.2758959575443885e-05
docker,logical_structure,134308,5.0,3.722786431188016e-05
join,logical_structure,43617,4.0,9.170736180846918e-05
session,logical_structure,43162,2.0,4.633705574347806e-05
winforms,logical_structure,98506,4.0,4.060666355348913e-05
security,logical_structure,54938,5.0,9.101168590046961e-05
algorithm,logical_structure,120652,10.0,8.288300235387726e-05
xcode,logical_structure,154984,4.0,2.580911577969339e-05
exception,logical_structure,53044,5.0,9.426136792097127e-05
wcf,logical_structure,49255,0.0,0.0
rust,logical_structure,43243,2.0,4.6250260157713385e-05
hadoop,logical_structure,42753,2.0,4.6780342899913456e-05
web-scraping,logical_structure,50647,0.0,0.0
vue.js,logical_structure,105079,4.0,3.806659751234785e-05
react-native,logical_structure,128353,1.0,7.791013844631601e-06
numpy,logical_structure,114090,3.0,2.6295030239284775e-05
haskell,logical_structure,51466,6.0,0.00011658182100804414
asp.net,logical_structure,367941,18.0,4.892088677260757e-05
bash,logical_structure,156221,7.0,4.480831642352821e-05
apache,logical_structure,89283,10.0,0.00011200340490350907
scala,logical_structure,110746,2.0,1.805934300110162e-05
ruby-on-rails-3,logical_structure,55091,4.0,7.260714091230872e-05
elasticsearch,logical_structure,55931,1.0,1.7879172551894298e-05
user-interface,logical_structure,56522,3.0,5.30766781076395e-05
symfony,logical_structure,72646,2.0,2.7530765630592185e-05
ajax,logical_structure,217654,4.0,1.8377792275813908e-05
iphone,logical_structure,216848,8.0,3.6892200988710984e-05
asynchronous,logical_structure,51096,5.0,9.785501800532331e-05
nginx,logical_structure,52050,6.0,0.00011527377521613833
selenium-webdriver,logical_structure,56146,2.0,3.562141559505575e-05
angular,logical_structure,298217,10.0,3.353262892457506e-05
javascript,logical_structure,2482383,109.0,4.39094209072492e-05
spring,logical_structure,206640,13.0,6.291134339914828e-05
objective-c,logical_structure,287467,22.0,7.653052350356736e-05
selenium,logical_structure,98094,2.0,2.038860684649418e-05
http,logical_structure,66409,3.0,4.517459982833652e-05
json,logical_structure,356382,10.0,2.8059778552227665e-05
powershell,logical_structure,118179,9.0,7.61556621734826e-05
sqlite,logical_structure,93785,2.0,2.132537186117183e-05
visual-studio-2010,logical_structure,45667,4.0,8.7590601528456e-05
perl,logical_structure,68033,7.0,0.00010289124395513942
ms-access,logical_structure,57696,3.0,5.199667221297837e-05
email,logical_structure,57965,2.0,3.4503579746398686e-05
unity-game-engine,logical_structure,74887,4.0,5.3413810140611854e-05
spring-boot,logical_structure,145552,15.0,0.00010305595251181708
jquery,logical_structure,1019869,41.0,4.0201241532000675e-05
debugging,logical_structure,51219,2.0,3.904800952771433e-05
listview,logical_structure,51694,0.0,0.0
android-layout,logical_structure,57721,6.0,0.00010394830304395281
maven,logical_structure,87085,12.0,0.00013779640581041512
ruby-on-rails,logical_structure,332737,10.0,3.0053766187709813e-05
xml,logical_structure,211734,12.0,5.667488452492278e-05
shell,logical_structure,92444,9.0,9.735623728960235e-05
function,logical_structure,110867,6.0,5.4118899221589835e-05
android-fragments,logical_structure,44296,0.0,0.0
jenkins,logical_structure,48531,2.0,4.121077249593044e-05
postgresql,logical_structure,176386,10.0,5.6693841914891204e-05
sockets,logical_structure,64863,3.0,4.625132972572962e-05
assembly,logical_structure,45018,5.0,0.00011106668443733618
reactjs,logical_structure,458000,17.0,3.711790393013101e-05
dart,logical_structure,91883,1.0,1.0883406070763907e-05
laravel-5,logical_structure,42963,1.0,2.327584200358448e-05
matlab,logical_structure,93389,5.0,5.353949608626284e-05
asp.net-mvc,logical_structure,198120,12.0,6.0569351907934585e-05
forms,logical_structure,111770,6.0,5.368166771047687e-05
file,logical_structure,80566,1.0,1.2412183799617704e-05
loops,logical_structure,96190,5.0,5.1980455348788854e-05
google-chrome,logical_structure,69216,2.0,2.8895053166897826e-05
oop,logical_structure,61995,2.0,3.226066618275668e-05
variables,logical_structure,53667,3.0,5.5900273911342166e-05
ssl,logical_structure,49006,4.0,8.162265844998571e-05
authentication,logical_structure,72662,1.0,1.3762351710660317e-05
twitter-bootstrap,logical_structure,101416,6.0,5.9162262364912836e-05
.htaccess,logical_structure,71696,5.0,6.973889756750726e-05
amazon-web-services,logical_structure,153870,8.0,5.199194124910639e-05
ionic-framework,logical_structure,46391,0.0,0.0
tkinter,logical_structure,52320,2.0,3.82262996941896e-05
kotlin,logical_structure,94416,0.0,0.0
opencv,logical_structure,70906,1.0,1.4103178856514259e-05
performance,logical_structure,101158,5.0,4.942762806698432e-05
xaml,logical_structure,62218,6.0,9.643511523996271e-05
arrays,logical_structure,416289,21.0,5.044572400423744e-05
generics,logical_structure,49954,2.0,4.00368338871762e-05
vba,logical_structure,215276,7.0,3.25163975547669e-05
cordova,logical_structure,58229,1.0,1.7173573305397655e-05
spring-mvc,logical_structure,57214,3.0,5.243471877512497e-05
python-2.7,logical_structure,93082,5.0,5.371607829655573e-05
t-sql,logical_structure,73548,6.0,8.157937673356176e-05
android-studio,logical_structure,86762,1.0,1.1525783176966874e-05
wordpress,logical_structure,185036,8.0,4.323482997903111e-05
unit-testing,logical_structure,83378,5.0,5.996785722852551e-05
mongodb,logical_structure,171110,3.0,1.7532581380398573e-05
azure,logical_structure,142509,8.0,5.6136805394747e-05
ruby,logical_structure,226811,11.0,4.849852961276129e-05
sql-server-2008,logical_structure,53388,2.0,3.746160185809545e-05
codeigniter,logical_structure,68606,1.0,1.4575984607760255e-05
csv,logical_structure,89599,2.0,2.2321677697295727e-05
network-programming,logical_structure,46290,2.0,4.3205875999135884e-05
typescript,logical_structure,227271,6.0,2.6400200641524877e-05
google-apps-script,logical_structure,55235,1.0,1.810446275006789e-05
asp.net-core,logical_structure,83970,2.0,2.3818030248898416e-05
hibernate,logical_structure,92840,7.0,7.539853511417492e-05
entity-framework,logical_structure,90491,9.0,9.945740460377275e-05
facebook,logical_structure,81844,2.0,2.443673329749279e-05
winapi,logical_structure,43437,3.0,6.906554320049727e-05
curl,logical_structure,42847,2.0,4.667771372558172e-05
gradle,logical_structure,50355,0.0,0.0
github,logical_structure,56654,4.0,7.060401736858827e-05
sql,logical_structure,671995,39.0,5.8036146102277545e-05
php,logical_structure,1446461,61.0,4.2171894022721664e-05
.net,logical_structure,335866,23.0,6.847969130546111e-05
multithreading,logical_structure,139336,11.0,7.894585749555033e-05
xamarin,logical_structure,49891,2.0,4.008739051131467e-05
dictionary,logical_structure,85756,5.0,5.830495825364989e-05
google-app-engine,logical_structure,46097,2.0,4.338677137340825e-05
npm,logical_structure,47505,4.0,8.42016629828439e-05
html,logical_structure,1173394,88.0,7.499612235958255e-05
unix,logical_structure,47361,5.0,0.00010557209518380101
ios,logical_structure,668615,21.0,3.140820950771371e-05
pointers,logical_structure,56934,3.0,5.2692591421646116e-05
swift,logical_structure,328224,14.0,4.265379740664912e-05
sql-server,logical_structure,334898,17.0,5.07617244653596e-05
amazon-s3,logical_structure,49123,3.0,6.107118864890174e-05
django-models,logical_structure,43025,1.0,2.324230098779779e-05
for-loop,logical_structure,71772,3.0,4.179903026249791e-05
image,logical_structure,111381,1.0,8.978191971700739e-06
flutter,logical_structure,171345,2.0,1.1672356940675247e-05
linq,logical_structure,86457,8.0,9.253154747446707e-05
c,logical_structure,406138,25.0,6.155543189753236e-05
string,logical_structure,184554,8.0,4.3347746459030963e-05
angularjs,logical_structure,256144,4.0,1.5616215878568305e-05
c++11,logical_structure,56509,3.0,5.3088888495637866e-05
date,logical_structure,76714,3.0,3.910629089866257e-05
templates,logical_structure,55206,2.0,3.6227946237727784e-05
ubuntu,logical_structure,58929,6.0,0.00010181744132769943
macos,logical_structure,114789,5.0,4.355818066191011e-05
testing,logical_structure,48773,2.0,4.100629446620056e-05
uitableview,logical_structure,63523,1.0,1.57423295499268e-05
math,logical_structure,44274,3.0,6.775985905949315e-05
class,logical_structure,79472,9.0,0.00011324743305818402
express,logical_structure,92250,6.0,6.504065040650406e-05
java,epistemic,1886094,18330.0,0.00971849759343914
batch-file,epistemic,50174,405.0,0.008071909754055886
pandas,epistemic,286913,1273.0,0.004436885048777852
c++,epistemic,808185,11326.0,0.014014118054653328
mongoose,epistemic,45398,256.0,0.005639014934578615
dataframe,epistemic,147743,595.0,0.004027263559018024
svg,epistemic,43400,160.0,0.003686635944700461
excel,epistemic,287052,1948.0,0.006786226885721054
rest,epistemic,89379,597.0,0.006679421340583359
parsing,epistemic,57006,517.0,0.009069220783777147
swing,epistemic,81100,600.0,0.007398273736128237
recursion,epistemic,47171,512.0,0.010854126476012804
.net-core,epistemic,44769,320.0,0.0071478031673702785
windows,epistemic,164410,1469.0,0.008934979624110455
datetime,epistemic,71120,663.0,0.009322272215973003
c#,epistemic,1604093,16057.0,0.010010018122390659
css,epistemic,797816,2897.0,0.003631163075195283
web-services,epistemic,57671,387.0,0.0067104784033569734
visual-studio-code,epistemic,58200,244.0,0.0041924398625429555
python,epistemic,2170613,16187.0,0.007457340391861654
linux,epistemic,223782,2294.0,0.010251047894826214
r,epistemic,503030,2224.0,0.00442120748265511
mysql,epistemic,653746,6142.0,0.009395086164963151
apache-spark,epistemic,79214,499.0,0.006299391521700709
git,epistemic,151498,970.0,0.006402724788446052
regex,epistemic,260714,2092.0,0.008024118382595488
matplotlib,epistemic,71474,312.0,0.0043652237177155325
python-3.x,epistemic,334600,2202.0,0.006580992229527794
jpa,epistemic,51084,490.0,0.009592044475765405
list,epistemic,141437,1169.0,0.008265163995277049
if-statement,epistemic,62016,560.0,0.009029927760577915
arrays,epistemic,416289,3797.0,0.009121067335432836
generics,epistemic,49954,441.0,0.008828121872122353
cordova,epistemic,58229,254.0,0.0043620876195710045
vba,epistemic,215276,1595.0,0.007409093442836173
spring-mvc,epistemic,57214,395.0,0.006903904638724787
python-2.7,epistemic,93082,743.0,0.007982209234868181
performance,epistemic,101158,1483.0,0.01466023448466755
t-sql,epistemic,73548,834.0,0.011339533365965083
opencv,epistemic,70906,630.0,0.008885002679603982
xaml,epistemic,62218,344.0,0.005528946607091196
class,epistemic,79472,658.0,0.008279645661365008
angularjs,epistemic,256144,1289.0,0.005032325566868636
c,epistemic,406138,7056.0,0.017373405098759533
ubuntu,epistemic,58929,439.0,0.007449642790476676
linq,epistemic,86457,981.0,0.011346681009056525
string,epistemic,184554,1937.0,0.010495573111392872
c++11,epistemic,56509,774.0,0.013696933231874568
date,epistemic,76714,680.0,0.008864092603696848
math,epistemic,44274,606.0,0.013687491530017618
macos,epistemic,114789,757.0,0.006594708552213191
templates,epistemic,55206,423.0,0.007662210629279426
express,epistemic,92250,622.0,0.0067425474254742546
testing,epistemic,48773,302.0,0.006191950464396285
uitableview,epistemic,63523,487.0,0.007666514490814351
authentication,epistemic,72662,481.0,0.006619691172827613
asp.net-mvc,epistemic,198120,1383.0,0.006980617807389461
forms,epistemic,111770,637.0,0.005699203721928961
ionic-framework,epistemic,46391,199.0,0.004289625142807872
twitter-bootstrap,epistemic,101416,332.0,0.0032736451841918436
ssl,epistemic,49006,417.0,0.008509162143411011
.htaccess,epistemic,71696,385.0,0.005369895112698059
matlab,epistemic,93389,850.0,0.009101714334664682
oop,epistemic,61995,516.0,0.008323251875151223
variables,epistemic,53667,429.0,0.00799373916932193
amazon-web-services,epistemic,153870,1046.0,0.006797946318320661
google-chrome,epistemic,69216,401.0,0.005793458159963015
loops,epistemic,96190,821.0,0.00853519076827113
file,epistemic,80566,947.0,0.011754338058237966
tkinter,epistemic,52320,250.0,0.0047782874617737
kotlin,epistemic,94416,553.0,0.0058570581257414
network-programming,epistemic,46290,477.0,0.010304601425793907
mongodb,epistemic,171110,932.0,0.00544678861551049
typescript,epistemic,227271,1159.0,0.005099638757254555
sql-server-2008,epistemic,53388,547.0,0.010245748108189106
azure,epistemic,142509,566.0,0.00397167898167835
android-studio,epistemic,86762,432.0,0.00497913833244969
codeigniter,epistemic,68606,416.0,0.006063609596828266
ruby,epistemic,226811,1627.0,0.007173373425451147
csv,epistemic,89599,767.0,0.008560363396912912
wordpress,epistemic,185036,858.0,0.004636935515251087
unit-testing,epistemic,83378,537.0,0.00644054786634364
asp.net-core,epistemic,83970,500.0,0.005954507562224604
google-apps-script,epistemic,55235,312.0,0.005648592378021182
jquery,epistemic,1019869,6507.0,0.006380231186554352
shell,epistemic,92444,774.0,0.008372636406905802
maven,epistemic,87085,555.0,0.006373083768731699
postgresql,epistemic,176386,1353.0,0.00767067681108478
jenkins,epistemic,48531,245.0,0.005048319630751479
xml,epistemic,211734,1372.0,0.006479828464016171
sockets,epistemic,64863,1026.0,0.01581795476619953
android-layout,epistemic,57721,257.0,0.0044524523137159785
reactjs,epistemic,458000,2324.0,0.005074235807860262
laravel-5,epistemic,42963,257.0,0.005981891394921212
android-fragments,epistemic,44296,288.0,0.006501715730540003
listview,epistemic,51694,294.0,0.005687313808178899
debugging,epistemic,51219,466.0,0.009098186219957437
function,epistemic,110867,865.0,0.007802141304445867
ruby-on-rails,epistemic,332737,1993.0,0.005989715601210565
assembly,epistemic,45018,717.0,0.015926962548314008
dart,epistemic,91883,339.0,0.0036894746579889644
ajax,epistemic,217654,2014.0,0.009253218410872302
numpy,epistemic,114090,867.0,0.0075992637391533
bash,epistemic,156221,1324.0,0.008475172992107335
scala,epistemic,110746,725.0,0.006546511837899337
asp.net,epistemic,367941,2840.0,0.007718628801900305
apache,epistemic,89283,639.0,0.007157017573334229
symfony,epistemic,72646,543.0,0.007474602868705779
angular,epistemic,298217,1522.0,0.005103666122320324
elasticsearch,epistemic,55931,374.0,0.006686810534408468
user-interface,epistemic,56522,277.0,0.004900746611938714
selenium-webdriver,epistemic,56146,445.0,0.007925764969899904
asynchronous,epistemic,51096,548.0,0.010724909973383436
nginx,epistemic,52050,325.0,0.006243996157540826
iphone,epistemic,216848,1601.0,0.007383051722865786
ruby-on-rails-3,epistemic,55091,311.0,0.005645205205932004
haskell,epistemic,51466,426.0,0.008277309291571134
entity-framework,epistemic,90491,797.0,0.008807505718800764
facebook,epistemic,81844,425.0,0.0051928058257172185
hibernate,epistemic,92840,893.0,0.009618698836708316
gradle,epistemic,50355,282.0,0.005600238308013107
curl,epistemic,42847,391.0,0.009125493033351226
github,epistemic,56654,285.0,0.005030536237511914
winapi,epistemic,43437,621.0,0.014296567442502935
php,epistemic,1446461,12283.0,0.008491760234116233
sql,epistemic,671995,6847.0,0.010189063906725497
dictionary,epistemic,85756,778.0,0.009072251504267922
.net,epistemic,335866,3274.0,0.009747935188438247
google-app-engine,epistemic,46097,296.0,0.006421242163264421
multithreading,epistemic,139336,2085.0,0.014963828443474766
xamarin,epistemic,49891,272.0,0.005451885109538795
npm,epistemic,47505,204.0,0.00429428481212504
swift,epistemic,328224,2281.0,0.006949522277469046
ios,epistemic,668615,4876.0,0.0072926871218862875
sql-server,epistemic,334898,3529.0,0.010537536802250237
html,epistemic,1173394,5733.0,0.004885826925994167
image,epistemic,111381,740.0,0.006643862059058547
pointers,epistemic,56934,888.0,0.015597007060807251
amazon-s3,epistemic,49123,352.0,0.007165686134804471
for-loop,epistemic,71772,680.0,0.009474446859499526
unix,epistemic,47361,451.0,0.009522602985578851
django-models,epistemic,43025,243.0,0.005647879140034864
flutter,epistemic,171345,583.0,0.0034024920482068344
oracle-database,epistemic,151528,1793.0,0.011832796578850113
jsp,epistemic,50776,384.0,0.007562628013234599
google-cloud-platform,epistemic,49327,317.0,0.006426500699414114
validation,epistemic,66475,371.0,0.005581045505829259
google-sheets,epistemic,56009,232.0,0.0041421914335196125
visual-studio,epistemic,113480,752.0,0.00662671836446951
ggplot2,epistemic,57192,136.0,0.0023779549587354875
pdf,epistemic,49715,345.0,0.006939555466157096
delphi,epistemic,52166,699.0,0.01339953226239313
javascript,epistemic,2482383,15847.0,0.006383785257955763
objective-c,epistemic,287467,2637.0,0.009173226839950324
spring-boot,epistemic,145552,981.0,0.006739859294272837
spring,epistemic,206640,1633.0,0.007902632597754549
json,epistemic,356382,2732.0,0.007665931500468598
perl,epistemic,68033,708.0,0.010406714388605529
selenium,epistemic,98094,774.0,0.007890390849593247
http,epistemic,66409,575.0,0.008658464967097834
email,epistemic,57965,480.0,0.008280859139135685
sqlite,epistemic,93785,839.0,0.008945993495761582
powershell,epistemic,118179,723.0,0.006117838194603102
ms-access,epistemic,57696,458.0,0.007938158624514698
unity-game-engine,epistemic,74887,614.0,0.00819901985658392
visual-studio-2010,epistemic,45667,340.0,0.00744520112991876
machine-learning,epistemic,53521,364.0,0.00680106873937333
node.js,epistemic,455448,2941.0,0.006457378229786935
laravel,epistemic,209277,1351.0,0.006455558900404727
wpf,epistemic,167667,1122.0,0.00669183560271252
kubernetes,epistemic,56513,272.0,0.004813051864172845
vb.net,epistemic,138844,1183.0,0.00852035377834116
django,epistemic,305163,2071.0,0.0067865370310293185
object,epistemic,64700,534.0,0.008253477588871716
qt,epistemic,84762,772.0,0.009107854934994455
firebase,epistemic,138939,894.0,0.006434478440178784
flask,epistemic,53429,340.0,0.006363585318834341
animation,epistemic,43240,150.0,0.003469010175763182
google-maps,epistemic,64524,290.0,0.004494451676895419
sorting,epistemic,76849,760.0,0.009889523611237622
go,epistemic,72768,409.0,0.005620602462620933
tensorflow,epistemic,77841,452.0,0.0058067085469097265
android,epistemic,1369762,9289.0,0.006781470065602637
docker,epistemic,134308,881.0,0.006559549691753284
algorithm,epistemic,120652,2102.0,0.017422007094785003
database,epistemic,191655,1574.0,0.008212673814927865
security,epistemic,54938,472.0,0.008591503149004332
react-native,epistemic,128353,472.0,0.003677358534666116
winforms,epistemic,98506,862.0,0.008750735995776906
eclipse,epistemic,122104,769.0,0.006297909978379087
xcode,epistemic,154984,1006.0,0.006490992618592887
hadoop,epistemic,42753,254.0,0.005941103548289009
session,epistemic,43162,446.0,0.010333163430795607
wcf,epistemic,49255,381.0,0.007735255304030048
exception,epistemic,53044,703.0,0.01325314832968856
intellij-idea,epistemic,43094,229.0,0.005313964821088783
web-scraping,epistemic,50647,445.0,0.008786305210575157
join,epistemic,43617,393.0,0.009010248297682096
rust,epistemic,43243,236.0,0.00545753069861018
vue.js,epistemic,105079,505.0,0.004805907935933916
android,comparison_measurement,1369762,2660.0,0.0019419431988914862
docker,comparison_measurement,134308,246.0,0.0018316109241445038
eclipse,comparison_measurement,122104,272.0,0.002227609251130184
react-native,comparison_measurement,128353,141.0,0.0010985329520930558
web-scraping,comparison_measurement,50647,146.0,0.0028826978893122988
xcode,comparison_measurement,154984,328.0,0.0021163474939348576
vue.js,comparison_measurement,105079,165.0,0.001570247147384349
database,comparison_measurement,191655,625.0,0.003261068065012653
algorithm,comparison_measurement,120652,1150.0,0.009531545270695886
security,comparison_measurement,54938,272.0,0.004951035712985548
hadoop,comparison_measurement,42753,94.0,0.0021986761162959326
winforms,comparison_measurement,98506,353.0,0.0035835380585954157
join,comparison_measurement,43617,168.0,0.0038517091959557053
exception,comparison_measurement,53044,228.0,0.00429831837719629
session,comparison_measurement,43162,117.0,0.0027107177609934667
wcf,comparison_measurement,49255,129.0,0.0026190234493960003
rust,comparison_measurement,43243,194.0,0.004486275235298199
intellij-idea,comparison_measurement,43094,85.0,0.001972432357172692
c#,comparison_measurement,1604093,6238.0,0.003888801958489938
css,comparison_measurement,797816,2174.0,0.002724939083698497
datetime,comparison_measurement,71120,262.0,0.0036839145106861643
windows,comparison_measurement,164410,572.0,0.003479107110273098
visual-studio-code,comparison_measurement,58200,119.0,0.0020446735395189004
web-services,comparison_measurement,57671,146.0,0.0025316016715506927
python,comparison_measurement,2170613,7577.0,0.0034907189812278835
python-3.x,comparison_measurement,334600,1044.0,0.0031201434548714883
regex,comparison_measurement,260714,1146.0,0.004395621255475348
git,comparison_measurement,151498,557.0,0.003676616192953042
r,comparison_measurement,503030,1647.0,0.0032741585988907223
list,comparison_measurement,141437,644.0,0.004553263997398135
jpa,comparison_measurement,51084,101.0,0.0019771356980659307
linux,comparison_measurement,223782,866.0,0.003869837609816697
mysql,comparison_measurement,653746,1970.0,0.0030134027588696525
if-statement,comparison_measurement,62016,274.0,0.004418214654282766
apache-spark,comparison_measurement,79214,161.0,0.002032469008003636
matplotlib,comparison_measurement,71474,197.0,0.0027562470268908974
kotlin,comparison_measurement,94416,207.0,0.00219242501270971
forms,comparison_measurement,111770,258.0,0.0023083117115505055
google-chrome,comparison_measurement,69216,140.0,0.0020226537216828477
variables,comparison_measurement,53667,233.0,0.004341587940447575
asp.net-mvc,comparison_measurement,198120,521.0,0.0026297193620028266
tkinter,comparison_measurement,52320,200.0,0.00382262996941896
authentication,comparison_measurement,72662,158.0,0.00217445157028433
loops,comparison_measurement,96190,450.0,0.004678240981390997
matlab,comparison_measurement,93389,449.0,0.004807846748546403
twitter-bootstrap,comparison_measurement,101416,197.0,0.0019424942809813048
ionic-framework,comparison_measurement,46391,51.0,0.0010993511672522688
amazon-web-services,comparison_measurement,153870,330.0,0.0021446675765256387
ssl,comparison_measurement,49006,112.0,0.0022854344365996
.htaccess,comparison_measurement,71696,142.0,0.001980584690917206
oop,comparison_measurement,61995,382.0,0.006161787240906525
file,comparison_measurement,80566,325.0,0.004033959734875754
php,comparison_measurement,1446461,3802.0,0.002628484279907996
sql,comparison_measurement,671995,2384.0,0.0035476454437905042
.net,comparison_measurement,335866,1524.0,0.00453752389345751
dictionary,comparison_measurement,85756,429.0,0.005002565418163161
npm,comparison_measurement,47505,82.0,0.0017261340911483
xamarin,comparison_measurement,49891,93.0,0.001864063658776132
multithreading,comparison_measurement,139336,848.0,0.006086007923293334
google-app-engine,comparison_measurement,46097,100.0,0.0021693385686704122
express,comparison_measurement,92250,180.0,0.001951219512195122
testing,comparison_measurement,48773,135.0,0.002767924876468538
macos,comparison_measurement,114789,293.0,0.0025525093867879325
c,comparison_measurement,406138,2904.0,0.0071502789692173595
ubuntu,comparison_measurement,58929,111.0,0.0018836226645624395
string,comparison_measurement,184554,983.0,0.005326354346153429
c++11,comparison_measurement,56509,429.0,0.007591711054876215
angularjs,comparison_measurement,256144,521.0,0.002034012118183522
uitableview,comparison_measurement,63523,150.0,0.00236134943248902
class,comparison_measurement,79472,346.0,0.004353734648681297
linq,comparison_measurement,86457,416.0,0.004811640468672288
date,comparison_measurement,76714,284.0,0.0037020622050733896
templates,comparison_measurement,55206,303.0,0.005488533855015759
math,comparison_measurement,44274,387.0,0.008741021818674618
oracle-database,comparison_measurement,151528,468.0,0.0030885380919698007
google-cloud-platform,comparison_measurement,49327,104.0,0.002108378778356681
google-sheets,comparison_measurement,56009,155.0,0.0027674123801531897
ggplot2,comparison_measurement,57192,161.0,0.002815079032032452
pdf,comparison_measurement,49715,140.0,0.0028160514935130243
visual-studio,comparison_measurement,113480,337.0,0.0029696862883327457
validation,comparison_measurement,66475,181.0,0.002722828130876269
delphi,comparison_measurement,52166,306.0,0.005865889659931756
jsp,comparison_measurement,50776,95.0,0.0018709626595241847
gradle,comparison_measurement,50355,89.0,0.0017674510972098103
github,comparison_measurement,56654,139.0,0.0024534896035584425
curl,comparison_measurement,42847,91.0,0.0021238359745139684
hibernate,comparison_measurement,92840,166.0,0.0017880224041361482
entity-framework,comparison_measurement,90491,273.0,0.00301687460631444
winapi,comparison_measurement,43437,226.0,0.005202937587770794
facebook,comparison_measurement,81844,132.0,0.0016128243976345242
xaml,comparison_measurement,62218,156.0,0.0025073129962390303
arrays,comparison_measurement,416289,1908.0,0.004583354352385002
vba,comparison_measurement,215276,921.0,0.004278228878277188
python-2.7,comparison_measurement,93082,326.0,0.0035022883049354333
opencv,comparison_measurement,70906,203.0,0.0028629453078723942
performance,comparison_measurement,101158,1139.0,0.011259613673659028
spring-mvc,comparison_measurement,57214,117.0,0.002044954032229874
cordova,comparison_measurement,58229,87.0,0.001494100877569596
t-sql,comparison_measurement,73548,374.0,0.005085114483058682
generics,comparison_measurement,49954,287.0,0.005745285662809785
java,comparison_measurement,1886094,6231.0,0.003303652946247642
c++,comparison_measurement,808185,5186.0,0.006416847627709003
excel,comparison_measurement,287052,1070.0,0.0037275476220336385
batch-file,comparison_measurement,50174,158.0,0.0031490413361501975
.net-core,comparison_measurement,44769,131.0,0.0029261319216422076
dataframe,comparison_measurement,147743,404.0,0.0027344781140223227
pandas,comparison_measurement,286913,845.0,0.002945143649817192
swing,comparison_measurement,81100,228.0,0.00281134401972873
mongoose,comparison_measurement,45398,95.0,0.002092603198378783
recursion,comparison_measurement,47171,264.0,0.005596658964194102
parsing,comparison_measurement,57006,261.0,0.004578465424692138
rest,comparison_measurement,89379,223.0,0.0024949932310721758
svg,comparison_measurement,43400,107.0,0.002465437788018433
azure,comparison_measurement,142509,303.0,0.0021261815043260427
asp.net-core,comparison_measurement,83970,207.0,0.002465166130760986
csv,comparison_measurement,89599,351.0,0.003917454435875401
wordpress,comparison_measurement,185036,289.0,0.0015618582329924987
google-apps-script,comparison_measurement,55235,146.0,0.002643251561509912
ruby,comparison_measurement,226811,761.0,0.0033552164577555763
mongodb,comparison_measurement,171110,417.0,0.002437028811875402
network-programming,comparison_measurement,46290,160.0,0.0034564700799308706
typescript,comparison_measurement,227271,537.0,0.0023628179574164765
android-studio,comparison_measurement,86762,168.0,0.001936331573730435
sql-server-2008,comparison_measurement,53388,217.0,0.004064583801603357
codeigniter,comparison_measurement,68606,109.0,0.0015887823222458677
unit-testing,comparison_measurement,83378,277.0,0.0033222192904603133
angular,comparison_measurement,298217,428.0,0.0014351965179718125
asp.net,comparison_measurement,367941,942.0,0.002560193074433129
asynchronous,comparison_measurement,51096,205.0,0.004012055738218256
bash,comparison_measurement,156221,640.0,0.004096760358722579
ajax,comparison_measurement,217654,545.0,0.002503974197579645
scala,comparison_measurement,110746,391.0,0.0035306015567153665
elasticsearch,comparison_measurement,55931,100.0,0.00178791725518943
symfony,comparison_measurement,72646,101.0,0.0013903036643449053
numpy,comparison_measurement,114090,629.0,0.005513191340170041
user-interface,comparison_measurement,56522,194.0,0.003432291850960688
apache,comparison_measurement,89283,205.0,0.002296069800521936
nginx,comparison_measurement,52050,74.0,0.0014217098943323726
haskell,comparison_measurement,51466,413.0,0.008024715346053705
selenium-webdriver,comparison_measurement,56146,90.0,0.0016029637017775087
ruby-on-rails-3,comparison_measurement,55091,142.0,0.00257755350238696
iphone,comparison_measurement,216848,531.0,0.0024487198406256917
node.js,comparison_measurement,455448,1067.0,0.00234274823909645
object,comparison_measurement,64700,245.0,0.003786707882534776
kubernetes,comparison_measurement,56513,105.0,0.0018579795799196644
django,comparison_measurement,305163,548.0,0.001795761609369419
laravel,comparison_measurement,209277,308.0,0.0014717336353254299
firebase,comparison_measurement,138939,454.0,0.003267621042327928
tensorflow,comparison_measurement,77841,156.0,0.002004085250703357
animation,comparison_measurement,43240,117.0,0.002705827937095282
google-maps,comparison_measurement,64524,94.0,0.0014568222676833427
go,comparison_measurement,72768,299.0,0.004108948988566403
vb.net,comparison_measurement,138844,551.0,0.003968482613580709
wpf,comparison_measurement,167667,461.0,0.002749497515909511
sorting,comparison_measurement,76849,408.0,0.005309112675506513
qt,comparison_measurement,84762,248.0,0.0029258394091692033
machine-learning,comparison_measurement,53521,174.0,0.0032510603314586796
flask,comparison_measurement,53429,85.0,0.0015908963297085852
json,comparison_measurement,356382,935.0,0.002623589294633287
sqlite,comparison_measurement,93785,211.0,0.002249826731353628
javascript,comparison_measurement,2482383,6858.0,0.002762667968641422
powershell,comparison_measurement,118179,459.0,0.0038839387708476127
spring-boot,comparison_measurement,145552,208.0,0.0014290425414971969
email,comparison_measurement,57965,142.0,0.002449754161994307
selenium,comparison_measurement,98094,178.0,0.001814586009337982
http,comparison_measurement,66409,172.0,0.0025900103901579604
ms-access,comparison_measurement,57696,238.0,0.004125069328896284
spring,comparison_measurement,206640,330.0,0.001596980255516841
unity-game-engine,comparison_measurement,74887,210.0,0.002804225032382122
perl,comparison_measurement,68033,429.0,0.006305763379536401
objective-c,comparison_measurement,287467,806.0,0.002803800088357968
visual-studio-2010,comparison_measurement,45667,162.0,0.003547419361902468
ruby-on-rails,comparison_measurement,332737,790.0,0.002374247528829075
jquery,comparison_measurement,1019869,2594.0,0.0025434639154636525
reactjs,comparison_measurement,458000,769.0,0.0016790393013100438
dart,comparison_measurement,91883,140.0,0.001523676849906947
maven,comparison_measurement,87085,165.0,0.0018947005798932077
assembly,comparison_measurement,45018,418.0,0.009285174818961305
xml,comparison_measurement,211734,598.0,0.002824298412158652
shell,comparison_measurement,92444,336.0,0.003634632858811821
postgresql,comparison_measurement,176386,470.0,0.0026646105699998867
laravel-5,comparison_measurement,42963,70.0,0.0016293089402509135
jenkins,comparison_measurement,48531,75.0,0.0015454039685973914
android-fragments,comparison_measurement,44296,68.0,0.0015351273252663898
android-layout,comparison_measurement,57721,110.0,0.0019057188891391348
sockets,comparison_measurement,64863,297.0,0.004578881642847232
function,comparison_measurement,110867,468.0,0.004221274139284007
debugging,comparison_measurement,51219,157.0,0.0030652687479255747
listview,comparison_measurement,51694,94.0,0.0018183928502340696
html,comparison_measurement,1173394,3038.0,0.002589070678731952
ios,comparison_measurement,668615,1630.0,0.002437875309408254
flutter,comparison_measurement,171345,206.0,0.0012022527648895504
swift,comparison_measurement,328224,827.0,0.0025196207468070587
image,comparison_measurement,111381,333.0,0.002989737926576346
django-models,comparison_measurement,43025,77.0,0.00178965717606043
sql-server,comparison_measurement,334898,1369.0,0.004087811811357488
for-loop,comparison_measurement,71772,362.0,0.005043749651674748
unix,comparison_measurement,47361,174.0,0.0036739089123962753
pointers,comparison_measurement,56934,355.0,0.0062352899848947905
amazon-s3,comparison_measurement,49123,100.0,0.0020357062882967246
